unidade;ano;mes;setor_centro_custo;paciente_dia
CHPB;2019;1;CAC - CENTRO DE ACOLHIMENTO DE CRISE;707
CHPB;2019;1;UIC - UNIDADE INTERCORRENCIAS CLINICAS;83
CHPB;2019;1;UNIDADE INTERNAÇÃO - PSIQUIATRIA CASA LAR 1;248
CHPB;2019;1;UNIDADE INTERNAÇÃO - PSIQUIATRIA CASA LAR 2;69
CHPB;2019;1;UNIDADE INTERNAÇÃO - PSIQUIATRIA CASA LAR 3;248
CHPB;2019;1;UNIDADE INTERNAÇÃO - PSIQUIATRIA MÓDULO RESIDENCIAL 2;729
CHPB;2019;1;UNIDADE INTERNAÇÃO - PSIQUIATRIA MÓDULO RESIDENCIAL 3;513
CHPB;2019;1;UNIDADE INTERNAÇÃO - PSIQUIATRIA MÓDULO RESIDENCIAL 4;589
CHPB;2019;1;UNIDADE INTERNAÇÃO - PSIQUIATRIA MÓDULO RESIDENCIAL 5;582
CHPB;2019;2;CAC - CENTRO DE ACOLHIMENTO DE CRISE;672
CHPB;2019;2;UIC - UNIDADE INTERCORRENCIAS CLINICAS;83
CHPB;2019;2;UNIDADE INTERNAÇÃO - PSIQUIATRIA CASA LAR 1;224
CHPB;2019;2;UNIDADE INTERNAÇÃO - PSIQUIATRIA CASA LAR 2;81
CHPB;2019;2;UNIDADE INTERNAÇÃO - PSIQUIATRIA CASA LAR 3;177
CHPB;2019;2;UNIDADE INTERNAÇÃO - PSIQUIATRIA MÓDULO RESIDENCIAL 2;667
CHPB;2019;2;UNIDADE INTERNAÇÃO - PSIQUIATRIA MÓDULO RESIDENCIAL 3;460
CHPB;2019;2;UNIDADE INTERNAÇÃO - PSIQUIATRIA MÓDULO RESIDENCIAL 4;523
CHPB;2019;2;UNIDADE INTERNAÇÃO - PSIQUIATRIA MÓDULO RESIDENCIAL 5;509
CHPB;2019;3;CAC - CENTRO DE ACOLHIMENTO DE CRISE;499
CHPB;2019;3;UIC - UNIDADE INTERCORRENCIAS CLINICAS;77
CHPB;2019;3;UNIDADE INTERNAÇÃO - PSIQUIATRIA CASA LAR 1;248
CHPB;2019;3;UNIDADE INTERNAÇÃO - PSIQUIATRIA CASA LAR 2;109
CHPB;2019;3;UNIDADE INTERNAÇÃO - PSIQUIATRIA CASA LAR 3;227
CHPB;2019;3;UNIDADE INTERNAÇÃO - PSIQUIATRIA MÓDULO RESIDENCIAL 2;702
CHPB;2019;3;UNIDADE INTERNAÇÃO - PSIQUIATRIA MÓDULO RESIDENCIAL 3;527
CHPB;2019;3;UNIDADE INTERNAÇÃO - PSIQUIATRIA MÓDULO RESIDENCIAL 4;540
CHPB;2019;3;UNIDADE INTERNAÇÃO - PSIQUIATRIA MÓDULO RESIDENCIAL 5;584
CHPB;2019;4;CAC - CENTRO DE ACOLHIMENTO DE CRISE;481
CHPB;2019;4;UIC - UNIDADE INTERCORRENCIAS CLINICAS;73
CHPB;2019;4;UNIDADE INTERNAÇÃO - PSIQUIATRIA CASA LAR 1;240
CHPB;2019;4;UNIDADE INTERNAÇÃO - PSIQUIATRIA CASA LAR 2;120
CHPB;2019;4;UNIDADE INTERNAÇÃO - PSIQUIATRIA CASA LAR 3;210
CHPB;2019;4;UNIDADE INTERNAÇÃO - PSIQUIATRIA MÓDULO RESIDENCIAL 2;676
CHPB;2019;4;UNIDADE INTERNAÇÃO - PSIQUIATRIA MÓDULO RESIDENCIAL 3;507
CHPB;2019;4;UNIDADE INTERNAÇÃO - PSIQUIATRIA MÓDULO RESIDENCIAL 4;529
CHPB;2019;4;UNIDADE INTERNAÇÃO - PSIQUIATRIA MÓDULO RESIDENCIAL 5;570
CHPB;2019;5;CAC - CENTRO DE ACOLHIMENTO DE CRISE;566
CHPB;2019;5;UIC - UNIDADE INTERCORRENCIAS CLINICAS;106
CHPB;2019;5;UNIDADE INTERNAÇÃO - PSIQUIATRIA CASA LAR 1;243
CHPB;2019;5;UNIDADE INTERNAÇÃO - PSIQUIATRIA CASA LAR 2;121
CHPB;2019;5;UNIDADE INTERNAÇÃO - PSIQUIATRIA CASA LAR 3;214
CHPB;2019;5;UNIDADE INTERNAÇÃO - PSIQUIATRIA MÓDULO RESIDENCIAL 2;713
CHPB;2019;5;UNIDADE INTERNAÇÃO - PSIQUIATRIA MÓDULO RESIDENCIAL 3;523
CHPB;2019;5;UNIDADE INTERNAÇÃO - PSIQUIATRIA MÓDULO RESIDENCIAL 4;555
CHPB;2019;5;UNIDADE INTERNAÇÃO - PSIQUIATRIA MÓDULO RESIDENCIAL 5;529
CHPB;2019;6;CAC - CENTRO DE ACOLHIMENTO DE CRISE;672
CHPB;2019;6;UIC - UNIDADE INTERCORRENCIAS CLINICAS;77
CHPB;2019;6;UNIDADE INTERNAÇÃO - PSIQUIATRIA CASA LAR 1;231
CHPB;2019;6;UNIDADE INTERNAÇÃO - PSIQUIATRIA CASA LAR 2;120
CHPB;2019;6;UNIDADE INTERNAÇÃO - PSIQUIATRIA CASA LAR 3;240
CHPB;2019;6;UNIDADE INTERNAÇÃO - PSIQUIATRIA MÓDULO RESIDENCIAL 2;690
CHPB;2019;6;UNIDADE INTERNAÇÃO - PSIQUIATRIA MÓDULO RESIDENCIAL 3;510
CHPB;2019;6;UNIDADE INTERNAÇÃO - PSIQUIATRIA MÓDULO RESIDENCIAL 4;535
CHPB;2019;6;UNIDADE INTERNAÇÃO - PSIQUIATRIA MÓDULO RESIDENCIAL 5;518
CHPB;2019;7;CAC - CENTRO DE ACOLHIMENTO DE CRISE;683
CHPB;2019;7;UIC - UNIDADE INTERCORRENCIAS CLINICAS;61
CHPB;2019;7;UNIDADE INTERNAÇÃO - PSIQUIATRIA CASA LAR 1;232
CHPB;2019;7;UNIDADE INTERNAÇÃO - PSIQUIATRIA CASA LAR 2;124
CHPB;2019;7;UNIDADE INTERNAÇÃO - PSIQUIATRIA CASA LAR 3;248
CHPB;2019;7;UNIDADE INTERNAÇÃO - PSIQUIATRIA MÓDULO RESIDENCIAL 2;709
CHPB;2019;7;UNIDADE INTERNAÇÃO - PSIQUIATRIA MÓDULO RESIDENCIAL 3;524
CHPB;2019;7;UNIDADE INTERNAÇÃO - PSIQUIATRIA MÓDULO RESIDENCIAL 4;549
CHPB;2019;7;UNIDADE INTERNAÇÃO - PSIQUIATRIA MÓDULO RESIDENCIAL 5;582
CHPB;2019;8;CAC - CENTRO DE ACOLHIMENTO DE CRISE;767
CHPB;2019;8;UIC - UNIDADE INTERCORRENCIAS CLINICAS;66
CHPB;2019;8;UNIDADE INTERNAÇÃO - PSIQUIATRIA CASA LAR 1;210
CHPB;2019;8;UNIDADE INTERNAÇÃO - PSIQUIATRIA CASA LAR 2;124
CHPB;2019;8;UNIDADE INTERNAÇÃO - PSIQUIATRIA CASA LAR 3;248
CHPB;2019;8;UNIDADE INTERNAÇÃO - PSIQUIATRIA MÓDULO RESIDENCIAL 2;713
CHPB;2019;8;UNIDADE INTERNAÇÃO - PSIQUIATRIA MÓDULO RESIDENCIAL 3;516
CHPB;2019;8;UNIDADE INTERNAÇÃO - PSIQUIATRIA MÓDULO RESIDENCIAL 4;544
CHPB;2019;8;UNIDADE INTERNAÇÃO - PSIQUIATRIA MÓDULO RESIDENCIAL 5;589
CHPB;2019;9;CAC - CENTRO DE ACOLHIMENTO DE CRISE;652
CHPB;2019;9;UIC - UNIDADE INTERCORRENCIAS CLINICAS;51
CHPB;2019;9;UNIDADE INTERNAÇÃO - PSIQUIATRIA CASA LAR 1;197
CHPB;2019;9;UNIDADE INTERNAÇÃO - PSIQUIATRIA CASA LAR 2;119
CHPB;2019;9;UNIDADE INTERNAÇÃO - PSIQUIATRIA CASA LAR 3;240
CHPB;2019;9;UNIDADE INTERNAÇÃO - PSIQUIATRIA MÓDULO RESIDENCIAL 2;687
CHPB;2019;9;UNIDADE INTERNAÇÃO - PSIQUIATRIA MÓDULO RESIDENCIAL 3;505
CHPB;2019;9;UNIDADE INTERNAÇÃO - PSIQUIATRIA MÓDULO RESIDENCIAL 4;540
CHPB;2019;9;UNIDADE INTERNAÇÃO - PSIQUIATRIA MÓDULO RESIDENCIAL 5;566
CHPB;2019;10;CAC - CENTRO DE ACOLHIMENTO DE CRISE;772
CHPB;2019;10;UIC - UNIDADE INTERCORRENCIAS CLINICAS;67
CHPB;2019;10;UNIDADE INTERNAÇÃO - PSIQUIATRIA CASA LAR 1;186
CHPB;2019;10;UNIDADE INTERNAÇÃO - PSIQUIATRIA CASA LAR 2;124
CHPB;2019;10;UNIDADE INTERNAÇÃO - PSIQUIATRIA CASA LAR 3;248
CHPB;2019;10;UNIDADE INTERNAÇÃO - PSIQUIATRIA MÓDULO RESIDENCIAL 2;701
CHPB;2019;10;UNIDADE INTERNAÇÃO - PSIQUIATRIA MÓDULO RESIDENCIAL 3;514
CHPB;2019;10;UNIDADE INTERNAÇÃO - PSIQUIATRIA MÓDULO RESIDENCIAL 4;556
CHPB;2019;10;UNIDADE INTERNAÇÃO - PSIQUIATRIA MÓDULO RESIDENCIAL 5;582
CHPB;2019;11;CAC - CENTRO DE ACOLHIMENTO DE CRISE;766
CHPB;2019;11;UIC - UNIDADE INTERCORRENCIAS CLINICAS;111
CHPB;2019;11;UNIDADE INTERNAÇÃO - PSIQUIATRIA CASA LAR 1;199
CHPB;2019;11;UNIDADE INTERNAÇÃO - PSIQUIATRIA CASA LAR 2;110
CHPB;2019;11;UNIDADE INTERNAÇÃO - PSIQUIATRIA CASA LAR 3;240
CHPB;2019;11;UNIDADE INTERNAÇÃO - PSIQUIATRIA MÓDULO RESIDENCIAL 2;646
CHPB;2019;11;UNIDADE INTERNAÇÃO - PSIQUIATRIA MÓDULO RESIDENCIAL 3;474
CHPB;2019;11;UNIDADE INTERNAÇÃO - PSIQUIATRIA MÓDULO RESIDENCIAL 4;540
CHPB;2019;11;UNIDADE INTERNAÇÃO - PSIQUIATRIA MÓDULO RESIDENCIAL 5;570
CHPB;2019;12;CAC - CENTRO DE ACOLHIMENTO DE CRISE;698
CHPB;2019;12;UIC - UNIDADE INTERCORRENCIAS CLINICAS;92
CHPB;2019;12;UNIDADE INTERNAÇÃO - PSIQUIATRIA CASA LAR 1;217
CHPB;2019;12;UNIDADE INTERNAÇÃO - PSIQUIATRIA CASA LAR 2;116
CHPB;2019;12;UNIDADE INTERNAÇÃO - PSIQUIATRIA CASA LAR 3;248
CHPB;2019;12;UNIDADE INTERNAÇÃO - PSIQUIATRIA MÓDULO RESIDENCIAL 2;678
CHPB;2019;12;UNIDADE INTERNAÇÃO - PSIQUIATRIA MÓDULO RESIDENCIAL 3;594
CHPB;2019;12;UNIDADE INTERNAÇÃO - PSIQUIATRIA MÓDULO RESIDENCIAL 4;558
CHPB;2019;12;UNIDADE INTERNAÇÃO - PSIQUIATRIA MÓDULO RESIDENCIAL 5;662
CHPB;2020;1;CAC - CENTRO DE ACOLHIMENTO DE CRISE;775
CHPB;2020;1;UIC - UNIDADE INTERCORRENCIAS CLINICAS;104
CHPB;2020;1;UNIDADE INTERNAÇÃO - PSIQUIATRIA CASA LAR 1;225
CHPB;2020;1;UNIDADE INTERNAÇÃO - PSIQUIATRIA CASA LAR 2;114
CHPB;2020;1;UNIDADE INTERNAÇÃO - PSIQUIATRIA CASA LAR 3;248
CHPB;2020;1;UNIDADE INTERNAÇÃO - PSIQUIATRIA MÓDULO RESIDENCIAL 2;910
CHPB;2020;1;UNIDADE INTERNAÇÃO - PSIQUIATRIA MÓDULO RESIDENCIAL 3;636
CHPB;2020;1;UNIDADE INTERNAÇÃO - PSIQUIATRIA MÓDULO RESIDENCIAL 4;593
CHPB;2020;1;UNIDADE INTERNAÇÃO - PSIQUIATRIA MÓDULO RESIDENCIAL 5;736
CHPB;2020;2;CAC - CENTRO DE ACOLHIMENTO DE CRISE;782
CHPB;2020;2;UIC - UNIDADE INTERCORRENCIAS CLINICAS;46
CHPB;2020;2;UNIDADE INTERNAÇÃO - PSIQUIATRIA CASA LAR 1;220
CHPB;2020;2;UNIDADE INTERNAÇÃO - PSIQUIATRIA CASA LAR 2;87
CHPB;2020;2;UNIDADE INTERNAÇÃO - PSIQUIATRIA CASA LAR 3;222
CHPB;2020;2;UNIDADE INTERNAÇÃO - PSIQUIATRIA MÓDULO RESIDENCIAL 2;841
CHPB;2020;2;UNIDADE INTERNAÇÃO - PSIQUIATRIA MÓDULO RESIDENCIAL 3;618
CHPB;2020;2;UNIDADE INTERNAÇÃO - PSIQUIATRIA MÓDULO RESIDENCIAL 4;608
CHPB;2020;2;UNIDADE INTERNAÇÃO - PSIQUIATRIA MÓDULO RESIDENCIAL 5;655
CHPB;2020;3;CAC - CENTRO DE ACOLHIMENTO DE CRISE;713
CHPB;2020;3;UIC - UNIDADE INTERCORRENCIAS CLINICAS;42
CHPB;2020;3;UNIDADE INTERNAÇÃO - PSIQUIATRIA CASA LAR 1;248
CHPB;2020;3;UNIDADE INTERNAÇÃO - PSIQUIATRIA CASA LAR 2;116
CHPB;2020;3;UNIDADE INTERNAÇÃO - PSIQUIATRIA CASA LAR 3;217
CHPB;2020;3;UNIDADE INTERNAÇÃO - PSIQUIATRIA MÓDULO RESIDENCIAL 2;874
CHPB;2020;3;UNIDADE INTERNAÇÃO - PSIQUIATRIA MÓDULO RESIDENCIAL 3;674
CHPB;2020;3;UNIDADE INTERNAÇÃO - PSIQUIATRIA MÓDULO RESIDENCIAL 4;649
CHPB;2020;3;UNIDADE INTERNAÇÃO - PSIQUIATRIA MÓDULO RESIDENCIAL 5;727
CHPB;2020;4;CAC - CENTRO DE ACOLHIMENTO DE CRISE;572
CHPB;2020;4;UIC - UNIDADE INTERCORRENCIAS CLINICAS;50
CHPB;2020;4;UNIDADE DE CUIDADOS CONTINUADOS INTEGRADOS;93
CHPB;2020;4;UNIDADE INTERNAÇÃO - PSIQUIATRIA CASA LAR 1;240
CHPB;2020;4;UNIDADE INTERNAÇÃO - PSIQUIATRIA CASA LAR 2;90
CHPB;2020;4;UNIDADE INTERNAÇÃO - PSIQUIATRIA CASA LAR 3;209
CHPB;2020;4;UNIDADE INTERNAÇÃO - PSIQUIATRIA MÓDULO RESIDENCIAL 2;855
CHPB;2020;4;UNIDADE INTERNAÇÃO - PSIQUIATRIA MÓDULO RESIDENCIAL 3;658
CHPB;2020;4;UNIDADE INTERNAÇÃO - PSIQUIATRIA MÓDULO RESIDENCIAL 4;573
CHPB;2020;4;UNIDADE INTERNAÇÃO - PSIQUIATRIA MÓDULO RESIDENCIAL 5;690
CHPB;2020;5;CAC - CENTRO DE ACOLHIMENTO DE CRISE;591
CHPB;2020;5;UIC - UNIDADE INTERCORRENCIAS CLINICAS;72
CHPB;2020;5;UNIDADE DE CUIDADOS CONTINUADOS INTEGRADOS;136
CHPB;2020;5;UNIDADE INTERNAÇÃO - PSIQUIATRIA CASA LAR 1;248
CHPB;2020;5;UNIDADE INTERNAÇÃO - PSIQUIATRIA CASA LAR 2;93
CHPB;2020;5;UNIDADE INTERNAÇÃO - PSIQUIATRIA CASA LAR 3;186
CHPB;2020;5;UNIDADE INTERNAÇÃO - PSIQUIATRIA MÓDULO RESIDENCIAL 2;895
CHPB;2020;5;UNIDADE INTERNAÇÃO - PSIQUIATRIA MÓDULO RESIDENCIAL 3;669
CHPB;2020;5;UNIDADE INTERNAÇÃO - PSIQUIATRIA MÓDULO RESIDENCIAL 4;596
CHPB;2020;5;UNIDADE INTERNAÇÃO - PSIQUIATRIA MÓDULO RESIDENCIAL 5;713
CHPB;2020;6;CAC - CENTRO DE ACOLHIMENTO DE CRISE;664
CHPB;2020;6;UIC - UNIDADE INTERCORRENCIAS CLINICAS;113
CHPB;2020;6;UNIDADE DE CUIDADOS CONTINUADOS INTEGRADOS;276
CHPB;2020;6;UNIDADE INTERNAÇÃO - PSIQUIATRIA CASA LAR 1;240
CHPB;2020;6;UNIDADE INTERNAÇÃO - PSIQUIATRIA CASA LAR 2;113
CHPB;2020;6;UNIDADE INTERNAÇÃO - PSIQUIATRIA CASA LAR 3;185
CHPB;2020;6;UNIDADE INTERNAÇÃO - PSIQUIATRIA MÓDULO RESIDENCIAL 2;812
CHPB;2020;6;UNIDADE INTERNAÇÃO - PSIQUIATRIA MÓDULO RESIDENCIAL 3;646
CHPB;2020;6;UNIDADE INTERNAÇÃO - PSIQUIATRIA MÓDULO RESIDENCIAL 4;589
CHPB;2020;6;UNIDADE INTERNAÇÃO - PSIQUIATRIA MÓDULO RESIDENCIAL 5;682
CHPB;2020;7;CAC - CENTRO DE ACOLHIMENTO DE CRISE;750
CHPB;2020;7;UIC - UNIDADE INTERCORRENCIAS CLINICAS;62
CHPB;2020;7;UNIDADE DE CUIDADOS CONTINUADOS INTEGRADOS;269
CHPB;2020;7;UNIDADE INTERNAÇÃO - PSIQUIATRIA CASA LAR 1;234
CHPB;2020;7;UNIDADE INTERNAÇÃO - PSIQUIATRIA CASA LAR 2;124
CHPB;2020;7;UNIDADE INTERNAÇÃO - PSIQUIATRIA CASA LAR 3;186
CHPB;2020;7;UNIDADE INTERNAÇÃO - PSIQUIATRIA MÓDULO RESIDENCIAL 2;859
CHPB;2020;7;UNIDADE INTERNAÇÃO - PSIQUIATRIA MÓDULO RESIDENCIAL 3;620
CHPB;2020;7;UNIDADE INTERNAÇÃO - PSIQUIATRIA MÓDULO RESIDENCIAL 4;611
CHPB;2020;7;UNIDADE INTERNAÇÃO - PSIQUIATRIA MÓDULO RESIDENCIAL 5;726
CHPB;2020;8;CAC - CENTRO DE ACOLHIMENTO DE CRISE;785
CHPB;2020;8;UIC - UNIDADE INTERCORRENCIAS CLINICAS;54
CHPB;2020;8;UNIDADE DE CUIDADOS CONTINUADOS INTEGRADOS;267
CHPB;2020;8;UNIDADE INTERNAÇÃO - PSIQUIATRIA CASA LAR 1;248
CHPB;2020;8;UNIDADE INTERNAÇÃO - PSIQUIATRIA CASA LAR 2;124
CHPB;2020;8;UNIDADE INTERNAÇÃO - PSIQUIATRIA CASA LAR 3;186
CHPB;2020;8;UNIDADE INTERNAÇÃO - PSIQUIATRIA MÓDULO RESIDENCIAL 2;854
CHPB;2020;8;UNIDADE INTERNAÇÃO - PSIQUIATRIA MÓDULO RESIDENCIAL 3;609
CHPB;2020;8;UNIDADE INTERNAÇÃO - PSIQUIATRIA MÓDULO RESIDENCIAL 4;605
CHPB;2020;8;UNIDADE INTERNAÇÃO - PSIQUIATRIA MÓDULO RESIDENCIAL 5;725
CHPB;2020;9;CAC - CENTRO DE ACOLHIMENTO DE CRISE;728
CHPB;2020;9;UIC - UNIDADE INTERCORRENCIAS CLINICAS;134
CHPB;2020;9;UNIDADE DE CUIDADOS CONTINUADOS INTEGRADOS;257
CHPB;2020;9;UNIDADE INTERNAÇÃO - PSIQUIATRIA CASA LAR 1;240
CHPB;2020;9;UNIDADE INTERNAÇÃO - PSIQUIATRIA CASA LAR 2;120
CHPB;2020;9;UNIDADE INTERNAÇÃO - PSIQUIATRIA CASA LAR 3;166
CHPB;2020;9;UNIDADE INTERNAÇÃO - PSIQUIATRIA MÓDULO RESIDENCIAL 2;789
CHPB;2020;9;UNIDADE INTERNAÇÃO - PSIQUIATRIA MÓDULO RESIDENCIAL 3;594
CHPB;2020;9;UNIDADE INTERNAÇÃO - PSIQUIATRIA MÓDULO RESIDENCIAL 4;564
CHPB;2020;9;UNIDADE INTERNAÇÃO - PSIQUIATRIA MÓDULO RESIDENCIAL 5;671
CHPB;2020;10;CAC - CENTRO DE ACOLHIMENTO DE CRISE;846
CHPB;2020;10;UIC - UNIDADE INTERCORRENCIAS CLINICAS;84
CHPB;2020;10;UNIDADE DE CUIDADOS CONTINUADOS INTEGRADOS;217
CHPB;2020;10;UNIDADE INTERNAÇÃO - PSIQUIATRIA CASA LAR 1;248
CHPB;2020;10;UNIDADE INTERNAÇÃO - PSIQUIATRIA CASA LAR 2;109
CHPB;2020;10;UNIDADE INTERNAÇÃO - PSIQUIATRIA CASA LAR 3;182
CHPB;2020;10;UNIDADE INTERNAÇÃO - PSIQUIATRIA MÓDULO RESIDENCIAL 2;812
CHPB;2020;10;UNIDADE INTERNAÇÃO - PSIQUIATRIA MÓDULO RESIDENCIAL 3;620
CHPB;2020;10;UNIDADE INTERNAÇÃO - PSIQUIATRIA MÓDULO RESIDENCIAL 4;583
CHPB;2020;10;UNIDADE INTERNAÇÃO - PSIQUIATRIA MÓDULO RESIDENCIAL 5;734
CHPB;2020;11;CAC - CENTRO DE ACOLHIMENTO DE CRISE;807
CHPB;2020;11;UIC - UNIDADE INTERCORRENCIAS CLINICAS;62
CHPB;2020;11;UNIDADE DE CUIDADOS CONTINUADOS INTEGRADOS;180
CHPB;2020;11;UNIDADE INTERNAÇÃO - PSIQUIATRIA CASA LAR 1;207
CHPB;2020;11;UNIDADE INTERNAÇÃO - PSIQUIATRIA CASA LAR 2;120
CHPB;2020;11;UNIDADE INTERNAÇÃO - PSIQUIATRIA CASA LAR 3;180
CHPB;2020;11;UNIDADE INTERNAÇÃO - PSIQUIATRIA MÓDULO RESIDENCIAL 2;801
CHPB;2020;11;UNIDADE INTERNAÇÃO - PSIQUIATRIA MÓDULO RESIDENCIAL 3;589
CHPB;2020;11;UNIDADE INTERNAÇÃO - PSIQUIATRIA MÓDULO RESIDENCIAL 4;568
CHPB;2020;11;UNIDADE INTERNAÇÃO - PSIQUIATRIA MÓDULO RESIDENCIAL 5;698
CHPB;2020;12;CAC - CENTRO DE ACOLHIMENTO DE CRISE;801
CHPB;2020;12;UIC - UNIDADE INTERCORRENCIAS CLINICAS;70
CHPB;2020;12;UNIDADE DE CUIDADOS CONTINUADOS INTEGRADOS;253
CHPB;2020;12;UNIDADE INTERNAÇÃO - PSIQUIATRIA CASA LAR 1;217
CHPB;2020;12;UNIDADE INTERNAÇÃO - PSIQUIATRIA CASA LAR 2;124
CHPB;2020;12;UNIDADE INTERNAÇÃO - PSIQUIATRIA CASA LAR 3;186
CHPB;2020;12;UNIDADE INTERNAÇÃO - PSIQUIATRIA MÓDULO RESIDENCIAL 2;795
CHPB;2020;12;UNIDADE INTERNAÇÃO - PSIQUIATRIA MÓDULO RESIDENCIAL 3;606
CHPB;2020;12;UNIDADE INTERNAÇÃO - PSIQUIATRIA MÓDULO RESIDENCIAL 4;568
CHPB;2020;12;UNIDADE INTERNAÇÃO - PSIQUIATRIA MÓDULO RESIDENCIAL 5;743
CHPB;2021;1;CAC - CENTRO DE ACOLHIMENTO DE CRISE;775
CHPB;2021;1;UIC - UNIDADE INTERCORRENCIAS CLINICAS;227
CHPB;2021;1;UNIDADE DE CUIDADOS CONTINUADOS INTEGRADOS;142
CHPB;2021;1;UNIDADE INTERNAÇÃO - PSIQUIATRIA CASA LAR 1;231
CHPB;2021;1;UNIDADE INTERNAÇÃO - PSIQUIATRIA CASA LAR 2;124
CHPB;2021;1;UNIDADE INTERNAÇÃO - PSIQUIATRIA CASA LAR 3;186
CHPB;2021;1;UNIDADE INTERNAÇÃO - PSIQUIATRIA MÓDULO RESIDENCIAL 2;700
CHPB;2021;1;UNIDADE INTERNAÇÃO - PSIQUIATRIA MÓDULO RESIDENCIAL 3;588
CHPB;2021;1;UNIDADE INTERNAÇÃO - PSIQUIATRIA MÓDULO RESIDENCIAL 4;552
CHPB;2021;1;UNIDADE INTERNAÇÃO - PSIQUIATRIA MÓDULO RESIDENCIAL 5;622
CHPB;2021;2;CAC - CENTRO DE ACOLHIMENTO DE CRISE;751
CHPB;2021;2;UIC - UNIDADE INTERCORRENCIAS CLINICAS;217
CHPB;2021;2;UNIDADE DE CUIDADOS CONTINUADOS INTEGRADOS;32
CHPB;2021;2;UNIDADE INTERNAÇÃO - PSIQUIATRIA CASA LAR 1;224
CHPB;2021;2;UNIDADE INTERNAÇÃO - PSIQUIATRIA CASA LAR 2;112
CHPB;2021;2;UNIDADE INTERNAÇÃO - PSIQUIATRIA CASA LAR 3;168
CHPB;2021;2;UNIDADE INTERNAÇÃO - PSIQUIATRIA MÓDULO RESIDENCIAL 2;662
CHPB;2021;2;UNIDADE INTERNAÇÃO - PSIQUIATRIA MÓDULO RESIDENCIAL 3;508
CHPB;2021;2;UNIDADE INTERNAÇÃO - PSIQUIATRIA MÓDULO RESIDENCIAL 4;471
CHPB;2021;2;UNIDADE INTERNAÇÃO - PSIQUIATRIA MÓDULO RESIDENCIAL 5;529
CHPB;2021;3;CAC - CENTRO DE ACOLHIMENTO DE CRISE;363
CHPB;2021;3;LAR INCLUSIVO;439
CHPB;2021;3;LAR INCLUSIVO B;298
CHPB;2021;3;LAR INCLUSIVO C;300
CHPB;2021;3;LAR INCLUSIVO D;350
CHPB;2021;3;LAR INCLUSIVO E;126
CHPB;2021;3;LAR INCLUSIVO F;64
CHPB;2021;3;LAR INCLUSIVO G;96
CHPB;2021;3;UIC - UNIDADE INTERCORRENCIAS CLINICAS;45
CHPB;2021;3;UNIDADE DE CUIDADOS CONTINUADOS INTEGRADOS;28
CHPB;2021;3;UNIDADE DE TRATAMENTO CLINICO;65
CHPB;2021;3;UNIDADE INTERNAÇÃO - PSIQUIATRIA;422
CHPB;2021;3;UNIDADE INTERNAÇÃO - PSIQUIATRIA CASA LAR 1;117
CHPB;2021;3;UNIDADE INTERNAÇÃO - PSIQUIATRIA CASA LAR 2;60
CHPB;2021;3;UNIDADE INTERNAÇÃO - PSIQUIATRIA CASA LAR 3;90
CHPB;2021;3;UNIDADE INTERNAÇÃO - PSIQUIATRIA MÓDULO RESIDENCIAL 2;348
CHPB;2021;3;UNIDADE INTERNAÇÃO - PSIQUIATRIA MÓDULO RESIDENCIAL 3;252
CHPB;2021;3;UNIDADE INTERNAÇÃO - PSIQUIATRIA MÓDULO RESIDENCIAL 4;249
CHPB;2021;3;UNIDADE INTERNAÇÃO - PSIQUIATRIA MÓDULO RESIDENCIAL 5;304
CHPB;2021;4;LAR INCLUSIVO;763
CHPB;2021;4;LAR INCLUSIVO B;522
CHPB;2021;4;LAR INCLUSIVO C;514
CHPB;2021;4;LAR INCLUSIVO D;591
CHPB;2021;4;LAR INCLUSIVO E;240
CHPB;2021;4;LAR INCLUSIVO F;120
CHPB;2021;4;LAR INCLUSIVO G;180
CHPB;2021;4;UNIDADE DE CUIDADOS CONTINUADOS INTEGRADOS;119
CHPB;2021;4;UNIDADE DE TRATAMENTO CLINICO;126
CHPB;2021;4;UNIDADE INTERNAÇÃO - PSIQUIATRIA;777
CHPB;2021;5;LAR INCLUSIVO;782
CHPB;2021;5;LAR INCLUSIVO B;535
CHPB;2021;5;LAR INCLUSIVO C;526
CHPB;2021;5;LAR INCLUSIVO D;635
CHPB;2021;5;LAR INCLUSIVO E;243
CHPB;2021;5;LAR INCLUSIVO F;109
CHPB;2021;5;LAR INCLUSIVO G;182
CHPB;2021;5;UNIDADE DE CUIDADOS CONTINUADOS INTEGRADOS;153
CHPB;2021;5;UNIDADE DE TRATAMENTO CLINICO;128
CHPB;2021;5;UNIDADE INTERNAÇÃO - PSIQUIATRIA;823
CHPB;2021;6;LAR INCLUSIVO;762
CHPB;2021;6;LAR INCLUSIVO B;540
CHPB;2021;6;LAR INCLUSIVO C;502
CHPB;2021;6;LAR INCLUSIVO D;614
CHPB;2021;6;LAR INCLUSIVO E;230
CHPB;2021;6;LAR INCLUSIVO F;98
CHPB;2021;6;LAR INCLUSIVO G;174
CHPB;2021;6;UNIDADE DE CUIDADOS CONTINUADOS INTEGRADOS;175
CHPB;2021;6;UNIDADE DE TRATAMENTO CLINICO;101
CHPB;2021;6;UNIDADE INTERNAÇÃO - PSIQUIATRIA;764
CHPB;2021;7;LAR INCLUSIVO;796
CHPB;2021;7;LAR INCLUSIVO B;498
CHPB;2021;7;LAR INCLUSIVO C;547
CHPB;2021;7;LAR INCLUSIVO D;637
CHPB;2021;7;LAR INCLUSIVO E;248
CHPB;2021;7;LAR INCLUSIVO F;124
CHPB;2021;7;LAR INCLUSIVO G;184
CHPB;2021;7;UNIDADE DE CUIDADOS CONTINUADOS INTEGRADOS;214
CHPB;2021;7;UNIDADE DE TRATAMENTO CLINICO;77
CHPB;2021;7;UNIDADE INTERNAÇÃO - PSIQUIATRIA;796
CHPB;2021;8;LAR INCLUSIVO;797
CHPB;2021;8;LAR INCLUSIVO B;496
CHPB;2021;8;LAR INCLUSIVO C;553
CHPB;2021;8;LAR INCLUSIVO D;607
CHPB;2021;8;LAR INCLUSIVO E;218
CHPB;2021;8;LAR INCLUSIVO F;104
CHPB;2021;8;LAR INCLUSIVO G;92
CHPB;2021;8;UNIDADE DE CUIDADOS CONTINUADOS INTEGRADOS;95
CHPB;2021;8;UNIDADE DE TRATAMENTO CLINICO;120
CHPB;2021;8;UNIDADE INTERNAÇÃO - PSIQUIATRIA;772
CHPB;2021;9;LAR INCLUSIVO;777
CHPB;2021;9;LAR INCLUSIVO B;480
CHPB;2021;9;LAR INCLUSIVO C;510
CHPB;2021;9;LAR INCLUSIVO D;571
CHPB;2021;9;LAR INCLUSIVO E;98
CHPB;2021;9;LAR INCLUSIVO F;27
CHPB;2021;9;LAR INCLUSIVO G;45
CHPB;2021;9;UNIDADE DE CUIDADOS CONTINUADOS INTEGRADOS;131
CHPB;2021;9;UNIDADE DE TRATAMENTO CLINICO;96
CHPB;2021;9;UNIDADE INTERNAÇÃO - PSIQUIATRIA;929
CHPB;2021;10;LAR INCLUSIVO;798
CHPB;2021;10;LAR INCLUSIVO B;496
CHPB;2021;10;LAR INCLUSIVO C;521
CHPB;2021;10;LAR INCLUSIVO D;561
CHPB;2021;10;LAR INCLUSIVO E;124
CHPB;2021;10;LAR INCLUSIVO F;31
CHPB;2021;10;UNIDADE DE CUIDADOS CONTINUADOS INTEGRADOS;275
CHPB;2021;10;UNIDADE DE TRATAMENTO CLINICO;93
CHPB;2021;10;UNIDADE INTERNAÇÃO - PSIQUIATRIA;1103
CHPB;2021;11;LAR INCLUSIVO;766
CHPB;2021;11;LAR INCLUSIVO B;448
CHPB;2021;11;LAR INCLUSIVO C;497
CHPB;2021;11;LAR INCLUSIVO D;551
CHPB;2021;11;LAR INCLUSIVO E;129
CHPB;2021;11;LAR INCLUSIVO F;2
CHPB;2021;11;UNIDADE DE CUIDADOS CONTINUADOS INTEGRADOS;235
CHPB;2021;11;UNIDADE DE TRATAMENTO CLINICO;52
CHPB;2021;11;UNIDADE INTERNAÇÃO - PSIQUIATRIA;871
CHPB;2021;12;LAR INCLUSIVO;639
CHPB;2021;12;LAR INCLUSIVO B;465
CHPB;2021;12;LAR INCLUSIVO C;460
CHPB;2021;12;LAR INCLUSIVO D;555
CHPB;2021;12;LAR INCLUSIVO E;155
CHPB;2021;12;UNIDADE DE CUIDADOS CONTINUADOS INTEGRADOS;213
CHPB;2021;12;UNIDADE DE TRATAMENTO CLINICO;8
CHPB;2021;12;UNIDADE INTERNAÇÃO - PSIQUIATRIA;770
CHPB;2022;1;LAR INCLUSIVO;533
CHPB;2022;1;LAR INCLUSIVO B;462
CHPB;2022;1;LAR INCLUSIVO C;465
CHPB;2022;1;LAR INCLUSIVO D;490
CHPB;2022;1;LAR INCLUSIVO E;155
CHPB;2022;1;UNIDADE DE CUIDADOS CONTINUADOS INTEGRADOS;198
CHPB;2022;1;UNIDADE DE TRATAMENTO CLINICO;70
CHPB;2022;1;UNIDADE INTERNAÇÃO - PSIQUIATRIA;689
CHPB;2022;2;LAR INCLUSIVO;468
CHPB;2022;2;LAR INCLUSIVO B;420
CHPB;2022;2;LAR INCLUSIVO C;420
CHPB;2022;2;LAR INCLUSIVO D;503
CHPB;2022;2;LAR INCLUSIVO E;118
CHPB;2022;2;UNIDADE DE CUIDADOS CONTINUADOS INTEGRADOS;269
CHPB;2022;2;UNIDADE DE TRATAMENTO CLINICO;17
CHPB;2022;2;UNIDADE INTERNAÇÃO - PSIQUIATRIA;670
CHPB;2022;3;LAR INCLUSIVO;526
CHPB;2022;3;LAR INCLUSIVO B;465
CHPB;2022;3;LAR INCLUSIVO C;464
CHPB;2022;3;LAR INCLUSIVO D;558
CHPB;2022;3;LAR INCLUSIVO E;124
CHPB;2022;3;UNIDADE DE CUIDADOS CONTINUADOS INTEGRADOS;339
CHPB;2022;3;UNIDADE DE TRATAMENTO CLINICO;1
CHPB;2022;3;UNIDADE INTERNAÇÃO - PSIQUIATRIA;1030
CHPB;2022;4;LAR INCLUSIVO;480
CHPB;2022;4;LAR INCLUSIVO B;450
CHPB;2022;4;LAR INCLUSIVO C;432
CHPB;2022;4;LAR INCLUSIVO D;533
CHPB;2022;4;LAR INCLUSIVO E;120
CHPB;2022;4;UNIDADE DE CUIDADOS CONTINUADOS INTEGRADOS;338
CHPB;2022;4;UNIDADE DE TRATAMENTO CLINICO;10
CHPB;2022;4;UNIDADE INTERNAÇÃO - PSIQUIATRIA;1020
CHPB;2022;5;LAR INCLUSIVO;613
CHPB;2022;5;LAR INCLUSIVO B;465
CHPB;2022;5;LAR INCLUSIVO C;359
CHPB;2022;5;LAR INCLUSIVO D;396
CHPB;2022;5;LAR INCLUSIVO E;112
CHPB;2022;5;UNIDADE DE CUIDADOS CONTINUADOS INTEGRADOS;362
CHPB;2022;5;UNIDADE DE TRATAMENTO CLINICO;17
CHPB;2022;5;UNIDADE INTERNAÇÃO - PSIQUIATRIA;987
CHPB;2022;6;LAR INCLUSIVO;505
CHPB;2022;6;LAR INCLUSIVO B;450
CHPB;2022;6;LAR INCLUSIVO C;264
CHPB;2022;6;LAR INCLUSIVO D;271
CHPB;2022;6;LAR INCLUSIVO E;63
CHPB;2022;6;UNIDADE DE CUIDADOS CONTINUADOS INTEGRADOS;345
CHPB;2022;6;UNIDADE DE TRATAMENTO CLINICO;11
CHPB;2022;6;UNIDADE INTERNAÇÃO - PSIQUIATRIA;958
CHPB;2022;7;LAR INCLUSIVO;422
CHPB;2022;7;LAR INCLUSIVO B;464
CHPB;2022;7;LAR INCLUSIVO C;248
CHPB;2022;7;LAR INCLUSIVO D;220
CHPB;2022;7;LAR INCLUSIVO E;59
CHPB;2022;7;UNIDADE DE CUIDADOS CONTINUADOS INTEGRADOS;374
CHPB;2022;7;UNIDADE DE TRATAMENTO CLINICO;29
CHPB;2022;7;UNIDADE INTERNAÇÃO - PSIQUIATRIA;1072
CHPB;2022;8;CAC - CENTRO DE ACOLHIMENTO DE CRISE;905
CHPB;2022;8;LAR INCLUSIVO;334
CHPB;2022;8;LAR INCLUSIVO B;465
CHPB;2022;8;LAR INCLUSIVO C;298
CHPB;2022;8;LAR INCLUSIVO D;237
CHPB;2022;8;LAR INCLUSIVO E;1
CHPB;2022;8;UNIDADE DE CUIDADOS CONTINUADOS INTEGRADOS;543
CHPB;2022;8;UNIDADE DE TRATAMENTO CLINICO;10
CHPB;2022;8;UNIDADE INTERNAÇÃO - PSIQUIATRIA;298
CHPB;2022;9;CAC - CENTRO DE ACOLHIMENTO DE CRISE;1043
CHPB;2022;9;LAR INCLUSIVO;280
CHPB;2022;9;LAR INCLUSIVO B;450
CHPB;2022;9;LAR INCLUSIVO C;352
CHPB;2022;9;LAR INCLUSIVO D;238
CHPB;2022;9;UNIDADE DE CUIDADOS CONTINUADOS INTEGRADOS;597
CHPB;2022;9;UNIDADE INTERNAÇÃO - PSIQUIATRIA;21
CHPB;2022;10;CAC - CENTRO DE ACOLHIMENTO DE CRISE;1188
CHPB;2022;10;LAR INCLUSIVO;300
CHPB;2022;10;LAR INCLUSIVO B;450
CHPB;2022;10;LAR INCLUSIVO C;372
CHPB;2022;10;LAR INCLUSIVO D;232
CHPB;2022;10;UNIDADE DE CUIDADOS CONTINUADOS INTEGRADOS;677
CHPB;2022;10;UNIDADE INTERNAÇÃO - PSIQUIATRIA;2
CHPB;2022;11;CAC - CENTRO DE ACOLHIMENTO DE CRISE;1063
CHPB;2022;11;LAR INCLUSIVO;272
CHPB;2022;11;LAR INCLUSIVO B;420
CHPB;2022;11;LAR INCLUSIVO C;360
CHPB;2022;11;LAR INCLUSIVO D;208
CHPB;2022;11;UNIDADE DE CUIDADOS CONTINUADOS INTEGRADOS;538
CHPB;2022;12;CAC - CENTRO DE ACOLHIMENTO DE CRISE;1023
CHPB;2022;12;LAR INCLUSIVO;279
CHPB;2022;12;LAR INCLUSIVO B;434
CHPB;2022;12;LAR INCLUSIVO C;372
CHPB;2022;12;LAR INCLUSIVO D;181
CHPB;2022;12;UNIDADE DE CUIDADOS CONTINUADOS INTEGRADOS;545
CHPB;2023;1;CAC - CENTRO DE ACOLHIMENTO DE CRISE;1138
CHPB;2023;1;LAR INCLUSIVO;279
CHPB;2023;1;LAR INCLUSIVO B;423
CHPB;2023;1;LAR INCLUSIVO C;372
CHPB;2023;1;LAR INCLUSIVO D;186
CHPB;2023;1;UNIDADE DE CUIDADOS CONTINUADOS INTEGRADOS;477
CHPB;2023;1;UNIDADE INTERNAÇÃO - PSIQUIATRIA;4
CHPB;2023;2;CAC - CENTRO DE ACOLHIMENTO DE CRISE;1037
CHPB;2023;2;LAR INCLUSIVO;246
CHPB;2023;2;LAR INCLUSIVO B;387
CHPB;2023;2;LAR INCLUSIVO C;336
CHPB;2023;2;LAR INCLUSIVO D;172
CHPB;2023;2;UNIDADE DE CUIDADOS CONTINUADOS INTEGRADOS;581
CHPB;2023;2;UNIDADE INTERNAÇÃO - PSIQUIATRIA;5
CHPB;2023;3;CAC - CENTRO DE ACOLHIMENTO DE CRISE;1153
CHPB;2023;3;LAR INCLUSIVO;287
CHPB;2023;3;LAR INCLUSIVO B;358
CHPB;2023;3;LAR INCLUSIVO C;361
CHPB;2023;3;LAR INCLUSIVO D;185
CHPB;2023;3;UNIDADE DE CUIDADOS CONTINUADOS INTEGRADOS;534
CHPB;2023;3;UNIDADE INTERNAÇÃO - PSIQUIATRIA;16
CHPB;2023;4;CAC - CENTRO DE ACOLHIMENTO DE CRISE;998
CHPB;2023;4;LAR INCLUSIVO;281
CHPB;2023;4;LAR INCLUSIVO B;302
CHPB;2023;4;LAR INCLUSIVO C;319
CHPB;2023;4;LAR INCLUSIVO D;174
CHPB;2023;4;UNIDADE DE CUIDADOS CONTINUADOS INTEGRADOS;532
CHPB;2023;4;UNIDADE INTERNAÇÃO - PSIQUIATRIA;13
CHPB;2023;5;CAC - CENTRO DE ACOLHIMENTO DE CRISE;997
CHPB;2023;5;LAR INCLUSIVO;279
CHPB;2023;5;LAR INCLUSIVO B;310
CHPB;2023;5;LAR INCLUSIVO C;318
CHPB;2023;5;LAR INCLUSIVO D;186
CHPB;2023;5;UNIDADE DE CUIDADOS CONTINUADOS INTEGRADOS;667
CHPB;2023;5;UNIDADE INTERNAÇÃO - PSIQUIATRIA;19
CHPB;2023;6;CAC - CENTRO DE ACOLHIMENTO DE CRISE;1032
CHPB;2023;6;LAR INCLUSIVO;270
CHPB;2023;6;LAR INCLUSIVO B;300
CHPB;2023;6;LAR INCLUSIVO C;305
CHPB;2023;6;LAR INCLUSIVO D;180
CHPB;2023;6;UNIDADE DE CUIDADOS CONTINUADOS INTEGRADOS;713
CHPB;2023;6;UNIDADE INTERNAÇÃO - PSIQUIATRIA;8
CHPB;2023;7;CAC - CENTRO DE ACOLHIMENTO DE CRISE;1107
CHPB;2023;7;LAR INCLUSIVO;276
CHPB;2023;7;LAR INCLUSIVO B;310
CHPB;2023;7;LAR INCLUSIVO C;310
CHPB;2023;7;LAR INCLUSIVO D;153
CHPB;2023;7;UNIDADE DE CUIDADOS CONTINUADOS INTEGRADOS;712
CHPB;2023;7;UNIDADE INTERNAÇÃO - PSIQUIATRIA;21
CHPB;2023;8;CAC - CENTRO DE ACOLHIMENTO DE CRISE;919
CHPB;2023;8;LAR INCLUSIVO;268
CHPB;2023;8;LAR INCLUSIVO B;292
CHPB;2023;8;LAR INCLUSIVO C;310
CHPB;2023;8;LAR INCLUSIVO D;144
CHPB;2023;8;UNIDADE DE CUIDADOS CONTINUADOS INTEGRADOS;620
CHPB;2023;8;UNIDADE INTERNAÇÃO - PSIQUIATRIA;36
CHPB;2023;9;CAC - CENTRO DE ACOLHIMENTO DE CRISE;995
CHPB;2023;9;LAR INCLUSIVO;265
CHPB;2023;9;LAR INCLUSIVO B;292
CHPB;2023;9;LAR INCLUSIVO C;295
CHPB;2023;9;LAR INCLUSIVO D;147
CHPB;2023;9;UNIDADE DE CUIDADOS CONTINUADOS INTEGRADOS;698
CHPB;2023;9;UNIDADE INTERNAÇÃO - PSIQUIATRIA;14
CHPB;2023;10;CAC - CENTRO DE ACOLHIMENTO DE CRISE;1028
CHPB;2023;10;LAR INCLUSIVO;248
CHPB;2023;10;LAR INCLUSIVO B;287
CHPB;2023;10;LAR INCLUSIVO C;310
CHPB;2023;10;LAR INCLUSIVO D;155
CHPB;2023;10;UNIDADE DE CUIDADOS CONTINUADOS INTEGRADOS;584
CHPB;2023;10;UNIDADE INTERNAÇÃO - PSIQUIATRIA;31
CHPB;2023;11;CAC - CENTRO DE ACOLHIMENTO DE CRISE;947
CHPB;2023;11;LAR INCLUSIVO;240
CHPB;2023;11;LAR INCLUSIVO B;280
CHPB;2023;11;LAR INCLUSIVO C;300
CHPB;2023;11;LAR INCLUSIVO D;147
CHPB;2023;11;UNIDADE DE CUIDADOS CONTINUADOS INTEGRADOS;665
CHPB;2023;11;UNIDADE INTERNAÇÃO - PSIQUIATRIA;48
CHPB;2023;12;CAC - CENTRO DE ACOLHIMENTO DE CRISE;781
CHPB;2023;12;LAR INCLUSIVO;248
CHPB;2023;12;LAR INCLUSIVO B;310
CHPB;2023;12;LAR INCLUSIVO C;310
CHPB;2023;12;LAR INCLUSIVO D;155
CHPB;2023;12;UNIDADE DE CUIDADOS CONTINUADOS INTEGRADOS;625
CHPB;2023;12;UNIDADE INTERNAÇÃO - PSIQUIATRIA;32
CHPB;2024;1;CAC - CENTRO DE ACOLHIMENTO DE CRISE;813
CHPB;2024;1;LAR INCLUSIVO;225
CHPB;2024;1;LAR INCLUSIVO B;304
CHPB;2024;1;LAR INCLUSIVO C;310
CHPB;2024;1;LAR INCLUSIVO D;155
CHPB;2024;1;UNIDADE DE CUIDADOS CONTINUADOS INTEGRADOS;456
CHPB;2024;1;UNIDADE INTERNAÇÃO - PSIQUIATRIA;37
CHPB;2024;2;CAC - CENTRO DE ACOLHIMENTO DE CRISE;755
CHPB;2024;2;LAR INCLUSIVO;231
CHPB;2024;2;LAR INCLUSIVO B;290
CHPB;2024;2;LAR INCLUSIVO C;290
CHPB;2024;2;LAR INCLUSIVO D;122
CHPB;2024;2;UNIDADE DE CUIDADOS CONTINUADOS INTEGRADOS;509
CHPB;2024;2;UNIDADE INTERNAÇÃO - PSIQUIATRIA;41
CHPB;2024;3;CAC - CENTRO DE ACOLHIMENTO DE CRISE;759
CHPB;2024;3;LAR INCLUSIVO;217
CHPB;2024;3;LAR INCLUSIVO B;310
CHPB;2024;3;LAR INCLUSIVO C;310
CHPB;2024;3;LAR INCLUSIVO D;124
CHPB;2024;3;UNIDADE DE CUIDADOS CONTINUADOS INTEGRADOS;664
CHPB;2024;3;UNIDADE INTERNAÇÃO - PSIQUIATRIA;36
CHPB;2024;4;CAC - CENTRO DE ACOLHIMENTO DE CRISE;943
CHPB;2024;4;LAR INCLUSIVO;210
CHPB;2024;4;LAR INCLUSIVO B;300
CHPB;2024;4;LAR INCLUSIVO C;300
CHPB;2024;4;LAR INCLUSIVO D;120
CHPB;2024;4;UNIDADE DE CUIDADOS CONTINUADOS INTEGRADOS;624
CHPB;2024;4;UNIDADE INTERNAÇÃO - PSIQUIATRIA;35
CHPB;2024;5;CAC - CENTRO DE ACOLHIMENTO DE CRISE;907
CHPB;2024;5;LAR INCLUSIVO;217
CHPB;2024;5;LAR INCLUSIVO B;303
CHPB;2024;5;LAR INCLUSIVO C;310
CHPB;2024;5;LAR INCLUSIVO D;124
CHPB;2024;5;UNIDADE DE CUIDADOS CONTINUADOS INTEGRADOS;707
CHPB;2024;5;UNIDADE INTERNAÇÃO - PSIQUIATRIA;40
CHPB;2024;6;CAC - CENTRO DE ACOLHIMENTO DE CRISE;720
CHPB;2024;6;LAR INCLUSIVO;161
CHPB;2024;6;LAR INCLUSIVO A/CHPB/CHB;108
CHPB;2024;6;LAR INCLUSIVO B;230
CHPB;2024;6;LAR INCLUSIVO B/CHPB/CHB;84
CHPB;2024;6;LAR INCLUSIVO C;230
CHPB;2024;6;LAR INCLUSIVO D;92
CHPB;2024;6;UIP-MASCULINA/CHPB/CHB;177
CHPB;2024;6;UNIDADE DE CUIDADOS CONTINUADOS INTEGRADOS;514
CHPB;2024;6;UNIDADE DE CUIDADOS PROLONGADOS/CHPB/CHB;147
CHPB;2024;6;UNIDADE INTERNAÇÃO - PSIQUIATRIA;25
CHPB;2024;7;LAR INCLUSIVO A/CHPB/CHB;558
CHPB;2024;7;LAR INCLUSIVO B/CHPB/CHB;434
CHPB;2024;7;UIP-FEMININA/CHPB/CHB;73
CHPB;2024;7;UIP-MASCULINA/CHPB/CHB;709
CHPB;2024;7;UNIDADE DE CUIDADOS PROLONGADOS/CHPB/CHB;728
CHPB;2024;8;LAR INCLUSIVO A/CHPB/CHB;548
CHPB;2024;8;LAR INCLUSIVO B/CHPB/CHB;434
CHPB;2024;8;UIP-FEMININA/CHPB/CHB;352
CHPB;2024;8;UIP-MASCULINA/CHPB/CHB;408
CHPB;2024;8;UNIDADE DE CUIDADOS PROLONGADOS/CHPB/CHB;685
CHPB;2024;9;CAC/CHPB/CHB;1
CHPB;2024;9;LAR INCLUSIVO A/CHPB/CHB;489
CHPB;2024;9;LAR INCLUSIVO B/CHPB/CHB;418
CHPB;2024;9;UIP-FEMININA/CHPB/CHB;248
CHPB;2024;9;UIP-MASCULINA/CHPB/CHB;574
CHPB;2024;9;UNIDADE DE CUIDADOS PROLONGADOS/CHPB/CHB;712
CHPB;2024;10;CAC/CHPB/CHB;10
CHPB;2024;10;LAR INCLUSIVO A/CHPB/CHB;496
CHPB;2024;10;LAR INCLUSIVO B/CHPB/CHB;417
CHPB;2024;10;UIP-FEMININA/CHPB/CHB;329
CHPB;2024;10;UIP-MASCULINA/CHPB/CHB;482
CHPB;2024;10;UNIDADE DE CUIDADOS PROLONGADOS/CHPB/CHB;624
CHPB;2024;11;CAC/CHPB/CHB;26
CHPB;2024;11;LAR INCLUSIVO A/CHPB/CHB;480
CHPB;2024;11;LAR INCLUSIVO B/CHPB/CHB;390
CHPB;2024;11;UIP-FEMININA/CHPB/CHB;323
CHPB;2024;11;UIP-MASCULINA/CHPB/CHB;440
CHPB;2024;11;UNIDADE DE CUIDADOS PROLONGADOS/CHPB/CHB;675
CHPB;2024;12;CAC/CHPB/CHB;3
CHPB;2024;12;LAR INCLUSIVO A/CHPB/CHB;422
CHPB;2024;12;LAR INCLUSIVO B/CHPB/CHB;407
CHPB;2024;12;UIP-FEMININA/CHPB/CHB;304
CHPB;2024;12;UIP-MASCULINA/CHPB/CHB;446
CHPB;2024;12;UNIDADE DE CUIDADOS PROLONGADOS/CHPB/CHB;715
CHPB;2025;1;CAC/CHPB/CHB;13
CHPB;2025;1;LAR INCLUSIVO A/CHPB/CHB;342
CHPB;2025;1;LAR INCLUSIVO B/CHPB/CHB;385
CHPB;2025;1;UIP-FEMININA/CHPB/CHB;227
CHPB;2025;1;UIP-MASCULINA/CHPB/CHB;429
CHPB;2025;1;UNIDADE DE CUIDADOS PROLONGADOS/CHPB/CHB;743
CHPB;2025;2;CAC/CHPB/CHB;4
CHPB;2025;2;LAR INCLUSIVO A/CHPB/CHB;308
CHPB;2025;2;LAR INCLUSIVO B/CHPB/CHB;334
CHPB;2025;2;UIP-FEMININA/CHPB/CHB;332
CHPB;2025;2;UIP-MASCULINA/CHPB/CHB;514
CHPB;2025;2;UNIDADE DE CUIDADOS PROLONGADOS/CHPB/CHB;677
CHPB;2025;3;LAR INCLUSIVO A/CHPB/CHB;340
CHPB;2025;3;LAR INCLUSIVO B/CHPB/CHB;366
CHPB;2025;3;UIP-FEMININA/CHPB/CHB;402
CHPB;2025;3;UIP-MASCULINA/CHPB/CHB;571
CHPB;2025;3;UNIDADE DE CUIDADOS PROLONGADOS/CHPB/CHB;746
CHPB;2025;4;CAC/CHPB/CHB;21
CHPB;2025;4;LAR INCLUSIVO A/CHPB/CHB;309
CHPB;2025;4;LAR INCLUSIVO B/CHPB/CHB;310
CHPB;2025;4;UIP-FEMININA/CHPB/CHB;246
CHPB;2025;4;UIP-MASCULINA/CHPB/CHB;469
CHPB;2025;4;UNIDADE DE CUIDADOS PROLONGADOS/CHPB/CHB;614
CHPB;2025;5;CAC/CHPB/CHB;1
CHPB;2025;5;LAR INCLUSIVO A/CHPB/CHB;315
CHPB;2025;5;LAR INCLUSIVO B/CHPB/CHB;304
CHPB;2025;5;UIP-FEMININA/CHPB/CHB;292
CHPB;2025;5;UIP-MASCULINA/CHPB/CHB;448
CHPB;2025;5;UNIDADE DE CUIDADOS PROLONGADOS/CHPB/CHB;613
CHPB;2025;6;LAR INCLUSIVO A/CHPB/CHB;300
CHPB;2025;6;LAR INCLUSIVO B/CHPB/CHB;270
CHPB;2025;6;UIP-FEMININA/CHPB/CHB;334
CHPB;2025;6;UIP-MASCULINA/CHPB/CHB;571
CHPB;2025;6;UNIDADE DE CUIDADOS PROLONGADOS/CHPB/CHB;678
CHPB;2025;7;LAR INCLUSIVO A/CHPB/CHB;281
CHPB;2025;7;LAR INCLUSIVO B/CHPB/CHB;279
CHPB;2025;7;UIP-FEMININA/CHPB/CHB;336
CHPB;2025;7;UIP-MASCULINA/CHPB/CHB;427
CHPB;2025;7;UNIDADE DE CUIDADOS PROLONGADOS/CHPB/CHB;654
CHPB;2025;8;CAC/CHPB/CHB;8
CHPB;2025;8;LAR INCLUSIVO A/CHPB/CHB;279
CHPB;2025;8;LAR INCLUSIVO B/CHPB/CHB;245
CHPB;2025;8;UIP-FEMININA/CHPB/CHB;332
CHPB;2025;8;UIP-MASCULINA/CHPB/CHB;520
CHPB;2025;8;UNIDADE DE CUIDADOS PROLONGADOS/CHPB/CHB;708
CHPB;2025;9;CAC/CHPB/CHB;9
CHPB;2025;9;LAR INCLUSIVO A/CHPB/CHB;270
CHPB;2025;9;LAR INCLUSIVO B/CHPB/CHB;240
CHPB;2025;9;UIP-FEMININA/CHPB/CHB;194
CHPB;2025;9;UIP-MASCULINA/CHPB/CHB;492
CHPB;2025;9;UNIDADE DE CUIDADOS PROLONGADOS/CHPB/CHB;622
CHPB;2025;10;CAC/CHPB/CHB;7
CHPB;2025;10;LAR INCLUSIVO A/CHPB/CHB;279
CHPB;2025;10;LAR INCLUSIVO B/CHPB/CHB;248
CHPB;2025;10;UIP-FEMININA/CHPB/CHB;265
CHPB;2025;10;UIP-MASCULINA/CHPB/CHB;542
CHPB;2025;10;UNIDADE DE CUIDADOS PROLONGADOS/CHPB/CHB;733
CHPB;2025;11;CAC/CHPB/CHB;24
CHPB;2025;11;LAR INCLUSIVO A/CHPB/CHB;263
CHPB;2025;11;LAR INCLUSIVO B/CHPB/CHB;223
CHPB;2025;11;UIP-FEMININA/CHPB/CHB;259
CHPB;2025;11;UIP-MASCULINA/CHPB/CHB;516
CHPB;2025;11;UNIDADE DE CUIDADOS PROLONGADOS/CHPB/CHB;699
CHPB;2025;12;CAC/CHPB/CHB;24
CHPB;2025;12;LAR INCLUSIVO A/CHPB/CHB;275
CHPB;2025;12;LAR INCLUSIVO B/CHPB/CHB;233
CHPB;2025;12;UIP-FEMININA/CHPB/CHB;261
CHPB;2025;12;UIP-MASCULINA/CHPB/CHB;428
CHPB;2025;12;UNIDADE DE CUIDADOS PROLONGADOS/CHPB/CHB;711
CHPB;2026;1;CAC/CHPB/CHB;13
CHPB;2026;1;LAR INCLUSIVO A/CHPB/CHB;266
CHPB;2026;1;LAR INCLUSIVO B/CHPB/CHB;248
CHPB;2026;1;UIP-FEMININA/CHPB/CHB;215
CHPB;2026;1;UIP-MASCULINA/CHPB/CHB;473
CHPB;2026;1;UNIDADE DE CUIDADOS PROLONGADOS/CHPB/CHB;719
CHPB;2026;2;CAC/CHPB/CHB;5
CHPB;2026;2;LAR INCLUSIVO A/CHPB/CHB;211
CHPB;2026;2;LAR INCLUSIVO B/CHPB/CHB;224
CHPB;2026;2;UIP-FEMININA/CHPB/CHB;188
CHPB;2026;2;UIP-MASCULINA/CHPB/CHB;404
CHPB;2026;2;UNIDADE DE CUIDADOS PROLONGADOS/CHPB/CHB;675
CHPB;2026;3;CAC/CHPB/CHB;18
CHPB;2026;3;LAR INCLUSIVO A/CHPB/CHB;217
CHPB;2026;3;LAR INCLUSIVO B/CHPB/CHB;244
CHPB;2026;3;UIP-FEMININA/CHPB/CHB;217
CHPB;2026;3;UIP-MASCULINA/CHPB/CHB;464
CHPB;2026;3;UNIDADE DE CUIDADOS PROLONGADOS/CHPB/CHB;647
CHPB;2026;4;CAC/CHPB/CHB;2
CHPB;2026;4;LAR INCLUSIVO A/CHPB/CHB;210
CHPB;2026;4;LAR INCLUSIVO B/CHPB/CHB;240
CHPB;2026;4;UIP-FEMININA/CHPB/CHB;155
CHPB;2026;4;UIP-MASCULINA/CHPB/CHB;315
CHPB;2026;4;UNIDADE DE CUIDADOS PROLONGADOS/CHPB/CHB;652
CHPB;2026;5;CAC/CHPB/CHB;4
CHPB;2026;5;LAR INCLUSIVO A/CHPB/CHB;145
CHPB;2026;5;LAR INCLUSIVO B/CHPB/CHB;188
CHPB;2026;5;UIP-FEMININA/CHPB/CHB;208
CHPB;2026;5;UIP-MASCULINA/CHPB/CHB;397
CHPB;2026;5;UNIDADE DE CUIDADOS PROLONGADOS/CHPB/CHB;743
CSPD;2019;1;UNIDADE INTERNAÇÃO - CLINICA MÉDICA;261
CSPD;2019;2;UNIDADE INTERNAÇÃO - CLINICA MÉDICA;375
CSPD;2019;3;UNIDADE INTERNAÇÃO - CLINICA MÉDICA;350
CSPD;2019;4;UNIDADE INTERNAÇÃO - CLINICA MÉDICA;502
CSPD;2019;5;UNIDADE INTERNAÇÃO - CLINICA MÉDICA;462
CSPD;2019;6;UNIDADE INTERNAÇÃO - CLINICA MÉDICA;435
CSPD;2019;7;UNIDADE INTERNAÇÃO - CLINICA MÉDICA;416
CSPD;2019;8;UNIDADE INTERNAÇÃO - CLINICA MÉDICA;446
CSPD;2019;9;UNIDADE INTERNAÇÃO - CLINICA MÉDICA;463
CSPD;2019;10;UNIDADE INTERNAÇÃO - CLINICA MÉDICA;387
CSPD;2019;11;UNIDADE INTERNAÇÃO - CLINICA MÉDICA;391
CSPD;2019;12;UNIDADE INTERNAÇÃO - CLINICA MÉDICA;346
CSPD;2020;1;UNIDADE INTERNAÇÃO - CLINICA MÉDICA;381
CSPD;2020;2;UNIDADE INTERNAÇÃO - CLINICA MÉDICA;360
CSPD;2020;3;UNIDADE INTERNAÇÃO - CLINICA MÉDICA;395
CSPD;2020;4;UNIDADE INTERNAÇÃO - CLINICA MÉDICA;228
CSPD;2020;5;UNIDADE INTERNAÇÃO - CLINICA MÉDICA;211
CSPD;2020;6;UNIDADE INTERNAÇÃO - CLINICA MÉDICA;277
CSPD;2020;7;UNIDADE INTERNAÇÃO - CLINICA MÉDICA;291
CSPD;2020;8;UNIDADE INTERNAÇÃO - CLINICA MÉDICA;248
CSPD;2020;9;UNIDADE INTERNAÇÃO - CLINICA MÉDICA;308
CSPD;2020;10;UNIDADE INTERNAÇÃO - CLINICA MÉDICA;357
CSPD;2020;11;UNIDADE INTERNAÇÃO - CLINICA MÉDICA;294
CSPD;2020;12;UNIDADE INTERNAÇÃO - CLINICA MÉDICA;241
CSPD;2021;1;UNIDADE INTERNAÇÃO - CLINICA MÉDICA;275
CSPD;2021;2;UNIDADE INTERNAÇÃO - CLINICA MÉDICA;220
CSPD;2021;3;UNIDADE INTERNAÇÃO - CLINICA MÉDICA;262
CSPD;2021;4;UNIDADE INTERNAÇÃO - CLINICA MÉDICA;294
CSPD;2021;5;UNIDADE INTERNAÇÃO - CLINICA MÉDICA;284
CSPD;2021;6;UNIDADE INTERNAÇÃO - CLINICA MÉDICA;327
CSPD;2021;7;UNIDADE INTERNAÇÃO - CLINICA MÉDICA;454
CSPD;2021;8;UNIDADE INTERNAÇÃO - CLINICA MÉDICA;448
CSPD;2021;9;UNIDADE INTERNAÇÃO - CLINICA MÉDICA;349
CSPD;2021;10;UNIDADE INTERNAÇÃO - CLINICA MÉDICA;307
CSPD;2021;11;UNIDADE INTERNAÇÃO - CLINICA MÉDICA;376
CSPD;2021;12;UNIDADE INTERNAÇÃO - CLINICA MÉDICA;370
CSPD;2022;1;UNIDADE INTERNAÇÃO - CLINICA MÉDICA;378
CSPD;2022;2;UNIDADE INTERNAÇÃO - CLINICA MÉDICA;198
CSPD;2022;3;UNIDADE INTERNAÇÃO - CLINICA MÉDICA;363
CSPD;2022;4;UNIDADE INTERNAÇÃO - CLINICA MÉDICA;442
CSPD;2022;5;UNIDADE INTERNAÇÃO - CLINICA MÉDICA;496
CSPD;2022;6;UNIDADE INTERNAÇÃO - CLINICA MÉDICA;562
CSPD;2022;7;UNIDADE INTERNAÇÃO - CLINICA MÉDICA;580
CSPD;2022;8;UNIDADE INTERNAÇÃO - CLINICA MÉDICA;605
CSPD;2022;9;UNIDADE DE CUIDADOS CONTINUADOS INTEGRADOS;29
CSPD;2022;9;UNIDADE INTERNAÇÃO - CLINICA MÉDICA;505
CSPD;2022;10;UNIDADE DE CUIDADOS CONTINUADOS INTEGRADOS;205
CSPD;2022;10;UNIDADE INTERNAÇÃO - CLINICA MÉDICA;263
CSPD;2022;11;UNIDADE DE CUIDADOS CONTINUADOS INTEGRADOS;214
CSPD;2022;11;UNIDADE INTERNAÇÃO - CLINICA MÉDICA;326
CSPD;2022;12;UNIDADE DE CUIDADOS CONTINUADOS INTEGRADOS;206
CSPD;2022;12;UNIDADE INTERNAÇÃO - CLINICA MÉDICA;214
CSPD;2023;1;UNIDADE DE CUIDADOS CONTINUADOS INTEGRADOS;215
CSPD;2023;1;UNIDADE INTERNAÇÃO - CLINICA MÉDICA;267
CSPD;2023;2;UNIDADE DE CUIDADOS CONTINUADOS INTEGRADOS;249
CSPD;2023;2;UNIDADE INTERNAÇÃO - CLINICA MÉDICA;388
CSPD;2023;3;UNIDADE DE CUIDADOS CONTINUADOS INTEGRADOS;243
CSPD;2023;3;UNIDADE INTERNAÇÃO - CLINICA MÉDICA;490
CSPD;2023;4;UNIDADE DE CUIDADOS CONTINUADOS INTEGRADOS;258
CSPD;2023;4;UNIDADE INTERNAÇÃO - CLINICA MÉDICA;415
CSPD;2023;5;UNIDADE DE CUIDADOS CONTINUADOS INTEGRADOS;255
CSPD;2023;5;UNIDADE INTERNAÇÃO - CLINICA MÉDICA;435
CSPD;2023;6;UNIDADE DE CUIDADOS CONTINUADOS INTEGRADOS;254
CSPD;2023;6;UNIDADE INTERNAÇÃO - CLINICA MÉDICA;477
CSPD;2023;7;UNIDADE DE CUIDADOS CONTINUADOS INTEGRADOS;230
CSPD;2023;7;UNIDADE INTERNAÇÃO - CLINICA MÉDICA;409
CSPD;2023;8;UNIDADE DE CUIDADOS CONTINUADOS INTEGRADOS;254
CSPD;2023;8;UNIDADE INTERNAÇÃO - CLINICA MÉDICA;469
CSPD;2023;9;UNIDADE DE CUIDADOS CONTINUADOS INTEGRADOS;263
CSPD;2023;9;UNIDADE INTERNAÇÃO - CLINICA MÉDICA;477
CSPD;2023;10;UNIDADE DE CUIDADOS CONTINUADOS INTEGRADOS;358
CSPD;2023;10;UNIDADE INTERNAÇÃO - CLINICA MÉDICA;199
CSPD;2023;11;UNIDADE DE CUIDADOS CONTINUADOS INTEGRADOS;25
CSPD;2023;11;UNIDADE DE INTERNAÇÃO DE CUIDADOS PROLONGADOS;621
CSPD;2023;12;UNIDADE DE INTERNAÇÃO DE CUIDADOS PROLONGADOS;862
CSPD;2024;1;UNIDADE DE INTERNAÇÃO DE CUIDADOS PROLONGADOS;876
CSPD;2024;2;UNIDADE DE INTERNAÇÃO DE CUIDADOS PROLONGADOS;725
CSPD;2024;3;UNIDADE DE INTERNAÇÃO DE CUIDADOS PROLONGADOS;796
CSPD;2024;4;UNIDADE DE INTERNAÇÃO DE CUIDADOS PROLONGADOS;1031
CSPD;2024;5;UNIDADE DE INTERNAÇÃO DE CUIDADOS PROLONGADOS;1051
CSPD;2024;6;UNIDADE DE INTERNAÇÃO DE CUIDADOS PROLONGADOS;1003
CSPD;2024;7;UNIDADE DE INTERNAÇÃO DE CUIDADOS PROLONGADOS;1051
CSSFA;2019;1;UNIDADE DE INTERNACAO CCI Cuidados Continuados Integ;409
CSSFA;2019;2;UNIDADE DE INTERNACAO CCI Cuidados Continuados Integ;507
CSSFA;2019;3;UNIDADE DE INTERNACAO CCI Cuidados Continuados Integ;698
CSSFA;2019;4;UNIDADE DE INTERNACAO CCI Cuidados Continuados Integ;710
CSSFA;2019;4;UNIDADE INTERNAÇÃO - CLINICA MÉDICA;12
CSSFA;2019;5;UNIDADE DE INTERNACAO CCI Cuidados Continuados Integ;904
CSSFA;2019;5;UNIDADE INTERNAÇÃO - CLINICA MÉDICA;88
CSSFA;2019;6;UNIDADE DE INTERNACAO CCI Cuidados Continuados Integ;850
CSSFA;2019;6;UNIDADE INTERNAÇÃO - CLINICA MÉDICA;63
CSSFA;2019;7;UNIDADE DE INTERNACAO CCI Cuidados Continuados Integ;958
CSSFA;2019;7;UNIDADE INTERNAÇÃO - CLINICA MÉDICA;41
CSSFA;2019;8;UNIDADE DE INTERNACAO CCI Cuidados Continuados Integ;942
CSSFA;2019;8;UNIDADE INTERNAÇÃO - CLINICA MÉDICA;43
CSSFA;2019;9;UNIDADE DE INTERNACAO CCI Cuidados Continuados Integ;847
CSSFA;2019;9;UNIDADE INTERNAÇÃO - CLINICA MÉDICA;14
CSSFA;2019;10;UNIDADE DE INTERNACAO CCI Cuidados Continuados Integ;872
CSSFA;2019;10;UNIDADE INTERNAÇÃO - CLINICA CIRURGICA;10
CSSFA;2019;10;UNIDADE INTERNAÇÃO - CLINICA MÉDICA;11
CSSFA;2019;11;UNIDADE DE INTERNACAO CCI Cuidados Continuados Integ;705
CSSFA;2019;11;UNIDADE INTERNAÇÃO - CLINICA CIRURGICA;27
CSSFA;2019;11;UNIDADE INTERNAÇÃO - CLINICA MÉDICA;9
CSSFA;2019;12;UNIDADE DE INTERNACAO CCI Cuidados Continuados Integ;359
CSSFA;2019;12;UNIDADE INTERNAÇÃO - CLINICA CIRURGICA;57
CSSFA;2019;12;UNIDADE INTERNAÇÃO - CLINICA MÉDICA;36
CSSFA;2020;1;UNIDADE DE INTERNACAO CCI Cuidados Continuados Integ;629
CSSFA;2020;1;UNIDADE INTERNAÇÃO - CLINICA CIRURGICA;31
CSSFA;2020;1;UNIDADE INTERNAÇÃO - CLINICA MÉDICA;4
CSSFA;2020;2;UNIDADE DE INTERNACAO CCI Cuidados Continuados Integ;801
CSSFA;2020;2;UNIDADE INTERNAÇÃO - CLINICA CIRURGICA;21
CSSFA;2020;2;UNIDADE INTERNAÇÃO - CLINICA MÉDICA;8
CSSFA;2020;3;UNIDADE DE INTERNACAO CCI Cuidados Continuados Integ;600
CSSFA;2020;3;UNIDADE INTERNAÇÃO - CLINICA CIRURGICA;3
CSSFA;2020;3;UNIDADE INTERNAÇÃO - CLINICA MÉDICA;19
CSSFA;2020;4;UNIDADE DE INTERNACAO CCI Cuidados Continuados Integ;441
CSSFA;2020;4;UNIDADE INTERNAÇÃO - CLINICA MÉDICA;8
CSSFA;2020;5;UNIDADE DE INTERNACAO CCI Cuidados Continuados Integ;388
CSSFA;2020;6;UNIDADE DE INTERNACAO CCI Cuidados Continuados Integ;489
CSSFA;2020;7;UNIDADE DE INTERNACAO CCI Cuidados Continuados Integ;507
CSSFA;2020;8;UNIDADE DE INTERNACAO CCI Cuidados Continuados Integ;684
CSSFA;2020;8;UNIDADE INTERNAÇÃO - CLINICA MÉDICA;3
CSSFA;2020;9;UNIDADE DE INTERNACAO CCI Cuidados Continuados Integ;660
CSSFA;2020;9;UNIDADE INTERNAÇÃO - CLINICA MÉDICA;8
CSSFA;2020;10;UNIDADE DE INTERNACAO CCI Cuidados Continuados Integ;695
CSSFA;2020;10;UNIDADE INTERNAÇÃO - CLINICA MÉDICA;7
CSSFA;2020;11;UNIDADE DE INTERNACAO CCI Cuidados Continuados Integ;740
CSSFA;2020;11;UNIDADE INTERNAÇÃO - CLINICA MÉDICA;7
CSSFA;2020;12;UNIDADE DE INTERNACAO CCI Cuidados Continuados Integ;901
CSSFA;2020;12;UNIDADE INTERNAÇÃO - CLINICA MÉDICA;54
CSSFA;2021;1;UNIDADE DE INTERNACAO CCI Cuidados Continuados Integ;946
CSSFA;2021;1;UNIDADE INTERNAÇÃO - CLINICA MÉDICA;30
CSSFA;2021;2;UNIDADE DE INTERNACAO CCI Cuidados Continuados Integ;789
CSSFA;2021;2;UNIDADE INTERNAÇÃO - CLINICA MÉDICA;53
CSSFA;2021;3;UNIDADE DE INTERNACAO CCI Cuidados Continuados Integ;859
CSSFA;2021;3;UNIDADE INTERNAÇÃO - CLINICA MÉDICA;17
CSSFA;2021;4;UNIDADE DE INTERNACAO CCI Cuidados Continuados Integ;882
CSSFA;2021;4;UNIDADE INTERNAÇÃO - CLINICA MÉDICA;46
CSSFA;2021;5;UNIDADE DE INTERNACAO CCI Cuidados Continuados Integ;1065
CSSFA;2021;5;UNIDADE INTERNAÇÃO - CLINICA MÉDICA;66
CSSFA;2021;6;UNIDADE DE INTERNACAO CCI Cuidados Continuados Integ;917
CSSFA;2021;6;UNIDADE INTERNAÇÃO - CLINICA MÉDICA;42
CSSFA;2021;7;UNIDADE DE INTERNACAO CCI Cuidados Continuados Integ;994
CSSFA;2021;7;UNIDADE INTERNAÇÃO - CLINICA MÉDICA;61
CSSFA;2021;8;UNIDADE DE INTERNACAO CCI Cuidados Continuados Integ;1034
CSSFA;2021;8;UNIDADE INTERNAÇÃO - CLINICA MÉDICA;35
CSSFA;2021;9;UNIDADE DE INTERNACAO CCI Cuidados Continuados Integ;1152
CSSFA;2021;9;UNIDADE INTERNAÇÃO - CLINICA MÉDICA;14
CSSFA;2021;10;UNIDADE DE INTERNACAO CCI Cuidados Continuados Integ;1180
CSSFA;2021;10;UNIDADE INTERNAÇÃO - CLINICA MÉDICA;27
CSSFA;2021;11;UNIDADE DE INTERNACAO CCI Cuidados Continuados Integ;1059
CSSFA;2021;11;UNIDADE INTERNAÇÃO - CLINICA MÉDICA;4
CSSFA;2021;12;UNIDADE DE INTERNACAO CCI Cuidados Continuados Integ;888
CSSFA;2022;1;UNIDADE DE INTERNACAO CCI Cuidados Continuados Integ;988
CSSFA;2022;2;UNIDADE DE INTERNACAO CCI Cuidados Continuados Integ;922
CSSFA;2022;2;UNIDADE INTERNAÇÃO - CLINICA MÉDICA;19
CSSFA;2022;3;UNIDADE DE INTERNACAO CCI Cuidados Continuados Integ;1200
CSSFA;2022;3;UNIDADE INTERNAÇÃO - CLINICA MÉDICA;9
CSSFA;2022;4;UNIDADE DE INTERNACAO CCI Cuidados Continuados Integ;1089
CSSFA;2022;5;UNIDADE DE INTERNACAO CCI Cuidados Continuados Integ;1269
CSSFA;2022;6;UNIDADE DE INTERNACAO CCI Cuidados Continuados Integ;1256
CSSFA;2022;6;UNIDADE INTERNAÇÃO - CLINICA MÉDICA;56
CSSFA;2022;7;UNIDADE DE INTERNACAO CCI Cuidados Continuados Integ;1338
CSSFA;2022;7;UNIDADE INTERNAÇÃO - CLINICA MÉDICA;40
CSSFA;2022;8;UNIDADE DE INTERNACAO CCI Cuidados Continuados Integ;1422
CSSFA;2022;8;UNIDADE INTERNAÇÃO - CLINICA MÉDICA;93
CSSFA;2022;9;UNIDADE DE INTERNACAO CCI Cuidados Continuados Integ;1377
CSSFA;2022;9;UNIDADE INTERNAÇÃO - CLINICA MÉDICA;75
CSSFA;2022;10;UNIDADE DE INTERNACAO CCI Cuidados Continuados Integ;1320
CSSFA;2022;11;UNIDADE DE INTERNACAO CCI Cuidados Continuados Integ;1082
CSSFA;2022;12;UNIDADE DE INTERNACAO CCI Cuidados Continuados Integ;1103
CSSFA;2023;1;UNIDADE DE INTERNACAO CCI Cuidados Continuados Integ;1198
CSSFA;2023;2;UNIDADE DE INTERNACAO CCI Cuidados Continuados Integ;1070
CSSFA;2023;2;UNIDADE INTERNAÇÃO - CLINICA MÉDICA;13
CSSFA;2023;3;UNIDADE DE INTERNACAO CCI Cuidados Continuados Integ;1041
CSSFA;2023;4;UNIDADE DE INTERNACAO CCI Cuidados Continuados Integ;913
CSSFA;2023;5;UNIDADE DE INTERNACAO CCI Cuidados Continuados Integ;1045
CSSFA;2023;5;UNIDADE INTERNAÇÃO - CLINICA MÉDICA;16
CSSFA;2023;6;UNIDADE DE INTERNACAO CCI Cuidados Continuados Integ;961
CSSFA;2023;6;UNIDADE INTERNAÇÃO - CLINICA MÉDICA;44
CSSFA;2023;7;UNIDADE DE INTERNACAO CCI Cuidados Continuados Integ;1080
CSSFA;2023;7;UNIDADE INTERNAÇÃO - CLINICA MÉDICA;72
CSSFA;2023;8;UNIDADE DE INTERNACAO CCI Cuidados Continuados Integ;992
CSSFA;2023;8;UNIDADE INTERNAÇÃO - CLINICA MÉDICA;46
CSSFA;2023;9;UNIDADE DE INTERNACAO CCI Cuidados Continuados Integ;1008
CSSFA;2023;9;UNIDADE INTERNAÇÃO - CLINICA MÉDICA;33
CSSFA;2023;10;UNIDADE DE INTERNACAO CCI Cuidados Continuados Integ;963
CSSFA;2023;10;UNIDADE INTERNAÇÃO - CLINICA MÉDICA;19
CSSFA;2023;11;UNIDADE DE INTERNACAO CCI Cuidados Continuados Integ;883
CSSFA;2023;11;UNIDADE INTERNAÇÃO - CLINICA MÉDICA;14
CSSFA;2023;12;UNIDADE DE INTERNACAO CCI Cuidados Continuados Integ;964
CSSFA;2023;12;UNIDADE INTERNAÇÃO - CLINICA MÉDICA;14
CSSFA;2024;1;UNIDADE DE INTERNACAO CCI Cuidados Continuados Integ;1070
CSSFA;2024;2;UNIDADE DE INTERNACAO CCI Cuidados Continuados Integ;1194
CSSFA;2024;3;UNIDADE DE INTERNACAO CCI Cuidados Continuados Integ;1474
CSSFA;2024;4;UNIDADE DE INTERNACAO CCI Cuidados Continuados Integ;1354
CSSFA;2024;5;UNIDADE DE INTERNACAO CCI Cuidados Continuados Integ;1186
CSSFA;2024;6;UNIDADE DE INTERNACAO CCI Cuidados Continuados Integ;1242
CSSFA;2024;7;UNIDADE DE INTERNACAO CCI Cuidados Continuados Integ;1417
CSSFA;2024;8;UNIDADE DE INTERNACAO CCI Cuidados Continuados Integ;1379
CSSFA;2024;9;UNIDADE DE INTERNACAO CCI Cuidados Continuados Integ;1325
CSSFA;2024;10;UNIDADE DE INTERNACAO CCI Cuidados Continuados Integ;1381
CSSFA;2024;11;UNIDADE DE INTERNACAO CCI Cuidados Continuados Integ;1233
CSSFA;2024;12;UNIDADE DE INTERNACAO CCI Cuidados Continuados Integ;1282
CSSFA;2025;1;UNIDADE DE INTERNACAO CCI Cuidados Continuados Integ;1169
CSSFA;2025;2;UNIDADE DE INTERNACAO CCI Cuidados Continuados Integ;958
CSSFA;2025;3;UNIDADE DE INTERNACAO CCI Cuidados Continuados Integ;1198
CSSFA;2025;4;UNIDADE DE INTERNACAO CCI Cuidados Continuados Integ;1127
CSSFA;2025;5;UNIDADE DE INTERNACAO CCI Cuidados Continuados Integ;1318
CSSFA;2025;6;UNIDADE DE INTERNACAO CCI Cuidados Continuados Integ;1412
CSSFA;2025;7;UNIDADE DE INTERNACAO CCI Cuidados Continuados Integ;1502
CSSFA;2025;8;UNIDADE DE INTERNACAO CCI Cuidados Continuados Integ;1390
CSSFA;2025;9;UNIDADE DE INTERNACAO CCI Cuidados Continuados Integ;1244
CSSFA;2025;10;UNIDADE DE INTERNACAO CCI Cuidados Continuados Integ;1200
CSSFA;2025;11;UNIDADE DE INTERNACAO CCI Cuidados Continuados Integ;1087
CSSFA;2025;12;UNIDADE DE INTERNACAO CCI Cuidados Continuados Integ;1163
CSSFA;2026;1;UNIDADE DE INTERNACAO CCI Cuidados Continuados Integ;1233
CSSFA;2026;2;UNIDADE DE INTERNACAO CCI Cuidados Continuados Integ;1120
CSSFA;2026;3;UNIDADE DE INTERNACAO CCI Cuidados Continuados Integ;1227
CSSFA;2026;4;UNIDADE DE INTERNACAO CCI Cuidados Continuados Integ;1192
CSSFA;2026;5;UNIDADE DE INTERNACAO CCI Cuidados Continuados Integ;1185
CSSFE;2019;1;UNIDADE INTERNAÇÃO - CLINICA MÉDICA;379
CSSFE;2019;2;UNIDADE INTERNAÇÃO - CLINICA MÉDICA;300
CSSFE;2019;3;UNIDADE INTERNAÇÃO - CLINICA MÉDICA;335
CSSFE;2019;4;UNIDADE INTERNAÇÃO - CLINICA MÉDICA;278
CSSFE;2019;5;UNIDADE INTERNAÇÃO - CLINICA MÉDICA;510
CSSFE;2019;6;UNIDADE INTERNAÇÃO - CLINICA MÉDICA;578
CSSFE;2019;7;UNIDADE INTERNAÇÃO - CLINICA MÉDICA;576
CSSFE;2019;8;UNIDADE INTERNAÇÃO - CLINICA MÉDICA;528
CSSFE;2019;9;UNIDADE INTERNAÇÃO - CLINICA MÉDICA;510
CSSFE;2019;10;UNIDADE INTERNAÇÃO - CLINICA MÉDICA;522
CSSFE;2019;11;UNIDADE INTERNAÇÃO - CLINICA MÉDICA;530
CSSFE;2019;12;UNIDADE INTERNAÇÃO - CLINICA MÉDICA;316
CSSFE;2020;1;UNIDADE INTERNAÇÃO - CLINICA MÉDICA;345
CSSFE;2020;2;UNIDADE INTERNAÇÃO - CLINICA MÉDICA;341
CSSFE;2020;3;UNIDADE INTERNAÇÃO - CLINICA MÉDICA;330
CSSFE;2020;4;UNIDADE INTERNAÇÃO - CLINICA MÉDICA;368
CSSFE;2020;5;UNIDADE INTERNAÇÃO - CLINICA MÉDICA;291
CSSFE;2020;6;UNIDADE INTERNAÇÃO - CLINICA MÉDICA;358
CSSFE;2020;7;UNIDADE INTERNAÇÃO - CLINICA MÉDICA;419
CSSFE;2020;8;UNIDADE INTERNAÇÃO - CLINICA MÉDICA;297
CSSFE;2020;9;UNIDADE INTERNAÇÃO - CLINICA MÉDICA;249
CSSFE;2020;10;UNIDADE INTERNAÇÃO - CLINICA MÉDICA;357
CSSFE;2020;11;UNIDADE INTERNAÇÃO - CLINICA MÉDICA;327
CSSFE;2020;12;UNIDADE INTERNAÇÃO - CLINICA MÉDICA;318
CSSFE;2021;1;UNIDADE INTERNAÇÃO - CLINICA MÉDICA;301
CSSFE;2021;2;UNIDADE INTERNAÇÃO - CLINICA MÉDICA;322
CSSFE;2021;3;UNIDADE INTERNAÇÃO - CLINICA MÉDICA;287
CSSFE;2021;4;UNIDADE INTERNAÇÃO - CLINICA MÉDICA;366
CSSFE;2021;5;UNIDADE INTERNAÇÃO - CLINICA MÉDICA;337
CSSFE;2021;6;UNIDADE INTERNAÇÃO - CLINICA MÉDICA;333
CSSFE;2021;7;UNIDADE INTERNAÇÃO - CLINICA MÉDICA;332
CSSFE;2021;8;UNIDADE INTERNAÇÃO - CLINICA MÉDICA;311
CSSFE;2021;9;UNIDADE INTERNAÇÃO - CLINICA MÉDICA;408
CSSFE;2021;10;UNIDADE INTERNAÇÃO - CLINICA MÉDICA;381
CSSFE;2021;11;UNIDADE INTERNAÇÃO - CLINICA MÉDICA;298
CSSFE;2021;12;UNIDADE INTERNAÇÃO - CLINICA MÉDICA;215
CSSFE;2022;1;UNIDADE INTERNAÇÃO - CLINICA MÉDICA;277
CSSFE;2022;2;UNIDADE INTERNAÇÃO - CLINICA MÉDICA;248
CSSFE;2022;3;UNIDADE INTERNAÇÃO - CLINICA MÉDICA;426
CSSFE;2022;4;UNIDADE INTERNAÇÃO - CLINICA MÉDICA;379
CSSFE;2022;5;UNIDADE INTERNAÇÃO - CLINICA MÉDICA;418
CSSFE;2022;6;UNIDADE INTERNAÇÃO - CLINICA MÉDICA;423
CSSFE;2022;7;UNIDADE INTERNAÇÃO - CLINICA MÉDICA;449
CSSFE;2022;8;UNIDADE INTERNAÇÃO - CLINICA MÉDICA;472
CSSFE;2022;9;UNIDADE INTERNAÇÃO - CLINICA MÉDICA;387
CSSFE;2022;10;UNIDADE INTERNAÇÃO - CLINICA MÉDICA;402
CSSFE;2022;11;UNIDADE INTERNAÇÃO - CLINICA MÉDICA;375
CSSFE;2022;12;UNIDADE INTERNAÇÃO - CLINICA MÉDICA;238
CSSFE;2023;1;UNIDADE INTERNAÇÃO - CLINICA MÉDICA;393
CSSFE;2023;2;UNIDADE INTERNAÇÃO - CLINICA MÉDICA;394
CSSFE;2023;3;UNIDADE INTERNAÇÃO - CLINICA MÉDICA;455
CSSFE;2023;4;UNIDADE INTERNAÇÃO - CLINICA MÉDICA;421
CSSFE;2023;5;UNIDADE DE CUIDADOS CONTINUADOS INTEGRADOS;107
CSSFE;2023;5;UNIDADE INTERNAÇÃO - CLINICA MÉDICA;287
CSSFE;2023;6;UNIDADE DE CUIDADOS CONTINUADOS INTEGRADOS;181
CSSFE;2023;6;UNIDADE INTERNAÇÃO - CLINICA MÉDICA;211
CSSFE;2023;7;UNIDADE DE CUIDADOS CONTINUADOS INTEGRADOS;211
CSSFE;2023;7;UNIDADE INTERNAÇÃO - CLINICA MÉDICA;233
CSSFE;2023;8;UNIDADE DE CUIDADOS CONTINUADOS INTEGRADOS;188
CSSFE;2023;8;UNIDADE INTERNAÇÃO - CLINICA MÉDICA;212
CSSFE;2023;9;UNIDADE DE CUIDADOS CONTINUADOS INTEGRADOS;150
CSSFE;2023;9;UNIDADE INTERNAÇÃO - CLINICA MÉDICA;199
CSSFE;2023;10;UNIDADE DE CUIDADOS CONTINUADOS INTEGRADOS;184
CSSFE;2023;10;UNIDADE INTERNAÇÃO - CLINICA MÉDICA;236
CSSFE;2023;11;UNIDADE DE CUIDADOS CONTINUADOS INTEGRADOS;20
CSSFE;2023;11;UNIDADE INTERNAÇÃO - CLINICA MÉDICA;22
CSSFE;2023;12;UNIDADE DE CUIDADOS PROLONGADOS;88
CSSFE;2023;12;UNIDADE DE INTERNAÇÃO - CLÍNICA MÉDICA;226
CSSFE;2024;1;UNIDADE DE CUIDADOS PROLONGADOS;181
CSSFE;2024;1;UNIDADE DE INTERNAÇÃO - CLÍNICA MÉDICA;240
CSSFE;2024;2;UNIDADE DE CUIDADOS PROLONGADOS;154
CSSFE;2024;2;UNIDADE DE INTERNAÇÃO - CLÍNICA MÉDICA;258
CSSFE;2024;3;UNIDADE DE CUIDADOS PROLONGADOS;113
CSSFE;2024;3;UNIDADE DE INTERNAÇÃO - CLÍNICA MÉDICA;297
CSSFE;2024;4;UNIDADE DE CUIDADOS PROLONGADOS;168
CSSFE;2024;4;UNIDADE DE INTERNAÇÃO - CLÍNICA MÉDICA;281
CSSFE;2024;5;UNIDADE DE CUIDADOS PROLONGADOS;192
CSSFE;2024;5;UNIDADE DE INTERNAÇÃO - CLÍNICA MÉDICA;223
CSSFE;2024;6;UNIDADE DE CUIDADOS PROLONGADOS;183
CSSFE;2024;6;UNIDADE DE INTERNAÇÃO - CLÍNICA MÉDICA;195
CSSFE;2024;7;UNIDADE DE CUIDADOS PROLONGADOS;189
CSSFE;2024;7;UNIDADE DE INTERNAÇÃO - CLÍNICA MÉDICA;189
CSSFE;2024;8;UNIDADE DE CUIDADOS PROLONGADOS;181
CSSFE;2024;8;UNIDADE DE INTERNAÇÃO - CLÍNICA MÉDICA;256
CSSFE;2024;9;UNIDADE DE CUIDADOS PROLONGADOS;135
CSSFE;2024;9;UNIDADE DE INTERNAÇÃO - CLÍNICA MÉDICA;234
CSSFE;2024;10;UNIDADE DE CUIDADOS PROLONGADOS;159
CSSFE;2024;10;UNIDADE DE INTERNAÇÃO - CLÍNICA MÉDICA;228
CSSFE;2024;11;UNIDADE DE CUIDADOS PROLONGADOS;187
CSSFE;2024;11;UNIDADE DE INTERNAÇÃO - CLÍNICA MÉDICA;225
CSSFE;2024;12;UNIDADE DE CUIDADOS PROLONGADOS;144
CSSFE;2024;12;UNIDADE DE INTERNAÇÃO - CLÍNICA MÉDICA;184
CSSFE;2025;1;UNIDADE DE CUIDADOS PROLONGADOS;157
CSSFE;2025;1;UNIDADE DE INTERNAÇÃO - CLÍNICA MÉDICA;205
CSSFE;2025;2;UNIDADE DE CUIDADOS PROLONGADOS;24
CSSFE;2025;2;UNIDADE DE INTERNAÇÃO - CLÍNICA MÉDICA;47
CSSI;2019;1;UNIDADE INTERNAÇÃO - CLÍNICA MÉDICA FEMININA;158
CSSI;2019;1;UNIDADE INTERNAÇÃO - CLINICA MÉDICA MASCULINA;153
CSSI;2019;1;UNIDADE URGENCIA/EMERGENCIA;220
CSSI;2019;2;UNIDADE INTERNAÇÃO - CLÍNICA MÉDICA FEMININA;156
CSSI;2019;2;UNIDADE INTERNAÇÃO - CLINICA MÉDICA MASCULINA;153
CSSI;2019;2;UNIDADE URGENCIA/EMERGENCIA;219
CSSI;2019;3;UNIDADE INTERNAÇÃO - CLÍNICA MÉDICA FEMININA;178
CSSI;2019;3;UNIDADE INTERNAÇÃO - CLINICA MÉDICA MASCULINA;161
CSSI;2019;3;UNIDADE URGENCIA/EMERGENCIA;257
CSSI;2019;4;UNIDADE INTERNAÇÃO - CLÍNICA MÉDICA FEMININA;183
CSSI;2019;4;UNIDADE INTERNAÇÃO - CLINICA MÉDICA MASCULINA;161
CSSI;2019;4;UNIDADE URGENCIA/EMERGENCIA;300
CSSI;2019;5;UNIDADE INTERNAÇÃO - CLÍNICA MÉDICA FEMININA;175
CSSI;2019;5;UNIDADE INTERNAÇÃO - CLINICA MÉDICA MASCULINA;179
CSSI;2019;5;UNIDADE URGENCIA/EMERGENCIA;325
CSSI;2019;6;UNIDADE INTERNAÇÃO - CLÍNICA MÉDICA FEMININA;150
CSSI;2019;6;UNIDADE INTERNAÇÃO - CLINICA MÉDICA MASCULINA;148
CSSI;2019;6;UNIDADE URGENCIA/EMERGENCIA;257
CSSI;2019;7;UNIDADE INTERNAÇÃO - CLÍNICA MÉDICA FEMININA;154
CSSI;2019;7;UNIDADE INTERNAÇÃO - CLINICA MÉDICA MASCULINA;129
CSSI;2019;7;UNIDADE URGENCIA/EMERGENCIA;211
CSSI;2019;8;UNIDADE INTERNAÇÃO - CLÍNICA MÉDICA FEMININA;165
CSSI;2019;8;UNIDADE INTERNAÇÃO - CLINICA MÉDICA MASCULINA;145
CSSI;2019;8;UNIDADE URGENCIA/EMERGENCIA;240
CSSI;2019;9;UNIDADE INTERNAÇÃO - CLÍNICA MÉDICA FEMININA;140
CSSI;2019;9;UNIDADE INTERNAÇÃO - CLINICA MÉDICA MASCULINA;137
CSSI;2019;9;UNIDADE URGENCIA/EMERGENCIA;195
CSSI;2019;10;UNIDADE INTERNAÇÃO - CLÍNICA MÉDICA FEMININA;124
CSSI;2019;10;UNIDADE INTERNAÇÃO - CLINICA MÉDICA MASCULINA;137
CSSI;2019;10;UNIDADE URGENCIA/EMERGENCIA;217
CSSI;2019;11;UNIDADE INTERNAÇÃO - CLÍNICA MÉDICA FEMININA;113
CSSI;2019;11;UNIDADE INTERNAÇÃO - CLINICA MÉDICA MASCULINA;103
CSSI;2019;11;UNIDADE URGENCIA/EMERGENCIA;183
CSSI;2019;12;UNIDADE INTERNAÇÃO - CLÍNICA MÉDICA FEMININA;160
CSSI;2019;12;UNIDADE INTERNAÇÃO - CLINICA MÉDICA MASCULINA;175
CSSI;2019;12;UNIDADE URGENCIA/EMERGENCIA;287
CSSI;2020;1;UNIDADE INTERNAÇÃO - CLÍNICA MÉDICA FEMININA;148
CSSI;2020;1;UNIDADE INTERNAÇÃO - CLINICA MÉDICA MASCULINA;116
CSSI;2020;1;UNIDADE URGENCIA/EMERGENCIA;252
CSSI;2020;2;UNIDADE INTERNAÇÃO - CLÍNICA MÉDICA FEMININA;149
CSSI;2020;2;UNIDADE INTERNAÇÃO - CLINICA MÉDICA MASCULINA;144
CSSI;2020;2;UNIDADE URGENCIA/EMERGENCIA;260
CSSI;2020;3;UNIDADE INTERNAÇÃO - CLÍNICA MÉDICA FEMININA;139
CSSI;2020;3;UNIDADE INTERNAÇÃO - CLINICA MÉDICA MASCULINA;109
CSSI;2020;3;UNIDADE URGENCIA/EMERGENCIA;262
CSSI;2020;4;UNIDADE INTERNAÇÃO - CLÍNICA MÉDICA FEMININA;133
CSSI;2020;4;UNIDADE INTERNAÇÃO - CLINICA MÉDICA MASCULINA;24
CSSI;2020;4;UNIDADE URGENCIA/EMERGENCIA;255
CSSI;2020;5;UNIDADE INTERNAÇÃO - CLÍNICA MÉDICA FEMININA;130
CSSI;2020;5;UNIDADE INTERNAÇÃO - CLINICA MÉDICA MASCULINA;22
CSSI;2020;5;UNIDADE URGENCIA/EMERGENCIA;217
CSSI;2020;6;UNIDADE INTERNAÇÃO - CLÍNICA MÉDICA FEMININA;132
CSSI;2020;6;UNIDADE INTERNAÇÃO - CLINICA MÉDICA MASCULINA;24
CSSI;2020;6;UNIDADE URGENCIA/EMERGENCIA;233
CSSI;2020;7;UNIDADE INTERNAÇÃO - CLÍNICA MÉDICA FEMININA;90
CSSI;2020;7;UNIDADE INTERNAÇÃO - CLINICA MÉDICA MASCULINA;70
CSSI;2020;7;UNIDADE URGENCIA/EMERGENCIA;194
CSSI;2020;8;UNIDADE INTERNAÇÃO - CLÍNICA MÉDICA FEMININA;107
CSSI;2020;8;UNIDADE INTERNAÇÃO - CLINICA MÉDICA MASCULINA;35
CSSI;2020;8;UNIDADE URGENCIA/EMERGENCIA;191
CSSI;2020;9;UNIDADE INTERNAÇÃO - CLÍNICA MÉDICA FEMININA;110
CSSI;2020;9;UNIDADE INTERNAÇÃO - CLINICA MÉDICA MASCULINA;48
CSSI;2020;9;UNIDADE URGENCIA/EMERGENCIA;240
CSSI;2020;10;UNIDADE INTERNAÇÃO - CLÍNICA MÉDICA FEMININA;84
CSSI;2020;10;UNIDADE INTERNAÇÃO - CLINICA MÉDICA MASCULINA;39
CSSI;2020;10;UNIDADE URGENCIA/EMERGENCIA;248
CSSI;2020;11;PRONTO ATENDIMENTO;45
CSSI;2020;11;UNIDADE INTERNAÇÃO - CLINICA MÉDICA ALA A;25
CSSI;2020;11;UNIDADE INTERNAÇÃO - CLINICA MÉDICA ALA B;14
CSSI;2020;11;UNIDADE INTERNAÇÃO - CLÍNICA MÉDICA FEMININA;46
CSSI;2020;11;UNIDADE INTERNAÇÃO - CLINICA MÉDICA MASCULINA;14
CSSI;2020;11;UNIDADE URGENCIA/EMERGENCIA;202
CSSI;2020;12;PRONTO ATENDIMENTO;208
CSSI;2020;12;UNIDADE INTERNAÇÃO - CLINICA MÉDICA ALA A;110
CSSI;2020;12;UNIDADE INTERNAÇÃO - CLINICA MÉDICA ALA B;87
CSSI;2021;1;PRONTO ATENDIMENTO;250
CSSI;2021;1;UNIDADE INTERNAÇÃO - CLINICA MÉDICA ALA A;112
CSSI;2021;1;UNIDADE INTERNAÇÃO - CLINICA MÉDICA ALA B;99
CSSI;2021;2;PRONTO ATENDIMENTO;299
CSSI;2021;2;UNIDADE INTERNAÇÃO - CLINICA MÉDICA ALA A;11
CSSI;2021;2;UNIDADE INTERNAÇÃO - CLINICA MÉDICA ALA B;92
CSSI;2021;3;PRONTO ATENDIMENTO;108
CSSI;2021;3;UNIDADE INTERNAÇÃO - CLINICA MÉDICA ALA A;79
CSSI;2021;3;UNIDADE INTERNAÇÃO - CLINICA MÉDICA ALA B;150
CSSI;2021;3;UNIDADE URGENCIA/EMERGENCIA;214
CSSI;2021;4;UNIDADE INTERNAÇÃO - CLINICA MÉDICA ALA A;132
CSSI;2021;4;UNIDADE INTERNAÇÃO - CLINICA MÉDICA ALA B;70
CSSI;2021;4;UNIDADE URGENCIA/EMERGENCIA;220
CSSI;2021;5;UNIDADE DE CUIDADOS CONTINUADOS INTEGRADOS;58
CSSI;2021;5;UNIDADE INTERNAÇÃO - CLINICA MÉDICA ALA A;110
CSSI;2021;5;UNIDADE INTERNAÇÃO - CLINICA MÉDICA ALA B;74
CSSI;2021;5;UNIDADE URGENCIA/EMERGENCIA;265
CSSI;2021;6;UNIDADE DE CUIDADOS CONTINUADOS INTEGRADOS;111
CSSI;2021;6;UNIDADE INTERNAÇÃO - CLINICA MÉDICA ALA A;108
CSSI;2021;6;UNIDADE INTERNAÇÃO - CLINICA MÉDICA ALA B;74
CSSI;2021;6;UNIDADE URGENCIA/EMERGENCIA;275
CSSI;2021;7;UNIDADE DE CUIDADOS CONTINUADOS INTEGRADOS;148
CSSI;2021;7;UNIDADE INTERNAÇÃO - CLINICA MÉDICA ALA A;129
CSSI;2021;7;UNIDADE INTERNAÇÃO - CLINICA MÉDICA ALA B;89
CSSI;2021;7;UNIDADE URGENCIA/EMERGENCIA;242
CSSI;2021;8;UNIDADE DE CUIDADOS CONTINUADOS INTEGRADOS;204
CSSI;2021;8;UNIDADE INTERNAÇÃO - CLINICA MÉDICA ALA A;141
CSSI;2021;8;UNIDADE INTERNAÇÃO - CLINICA MÉDICA ALA B;85
CSSI;2021;8;UNIDADE URGENCIA/EMERGENCIA;304
CSSI;2021;9;UNIDADE DE CUIDADOS CONTINUADOS INTEGRADOS;236
CSSI;2021;9;UNIDADE INTERNAÇÃO - CLINICA MÉDICA ALA A;90
CSSI;2021;9;UNIDADE INTERNAÇÃO - CLINICA MÉDICA ALA B;134
CSSI;2021;9;UNIDADE URGENCIA/EMERGENCIA;288
CSSI;2021;10;UNIDADE DE CUIDADOS CONTINUADOS INTEGRADOS;186
CSSI;2021;10;UNIDADE INTERNAÇÃO - CLINICA MÉDICA ALA A;75
CSSI;2021;10;UNIDADE INTERNAÇÃO - CLINICA MÉDICA ALA B;144
CSSI;2021;10;UNIDADE URGENCIA/EMERGENCIA;313
CSSI;2021;11;UNIDADE DE CUIDADOS CONTINUADOS INTEGRADOS;78
CSSI;2021;11;UNIDADE INTERNAÇÃO - CLINICA MÉDICA ALA A;82
CSSI;2021;11;UNIDADE INTERNAÇÃO - CLINICA MÉDICA ALA B;121
CSSI;2021;11;UNIDADE URGENCIA/EMERGENCIA;305
CSSI;2021;12;UNIDADE DE CUIDADOS CONTINUADOS INTEGRADOS;211
CSSI;2021;12;UNIDADE INTERNAÇÃO - CLINICA MÉDICA ALA A;140
CSSI;2021;12;UNIDADE INTERNAÇÃO - CLINICA MÉDICA ALA B;110
CSSI;2021;12;UNIDADE URGENCIA/EMERGENCIA;244
CSSI;2022;1;UNIDADE DE CUIDADOS CONTINUADOS INTEGRADOS;112
CSSI;2022;1;UNIDADE INTERNAÇÃO - CLINICA MÉDICA ALA A;128
CSSI;2022;1;UNIDADE INTERNAÇÃO - CLINICA MÉDICA ALA B;145
CSSI;2022;1;UNIDADE URGENCIA/EMERGENCIA;179
CSSI;2022;2;UNIDADE DE CUIDADOS CONTINUADOS INTEGRADOS;189
CSSI;2022;2;UNIDADE INTERNAÇÃO - CLINICA MÉDICA ALA A;68
CSSI;2022;2;UNIDADE INTERNAÇÃO - CLINICA MÉDICA ALA B;68
CSSI;2022;2;UNIDADE URGENCIA/EMERGENCIA;242
CSSI;2022;3;UNIDADE DE CUIDADOS CONTINUADOS INTEGRADOS;282
CSSI;2022;3;UNIDADE INTERNAÇÃO - CLINICA MÉDICA ALA A;124
CSSI;2022;3;UNIDADE INTERNAÇÃO - CLINICA MÉDICA ALA B;107
CSSI;2022;3;UNIDADE URGENCIA/EMERGENCIA;200
CSSI;2022;4;UNIDADE DE CUIDADOS CONTINUADOS INTEGRADOS;351
CSSI;2022;4;UNIDADE INTERNAÇÃO - CLINICA MÉDICA ALA A;158
CSSI;2022;4;UNIDADE INTERNAÇÃO - CLINICA MÉDICA ALA B;149
CSSI;2022;4;UNIDADE URGENCIA/EMERGENCIA;255
CSSI;2022;5;UNIDADE DE CUIDADOS CONTINUADOS INTEGRADOS;390
CSSI;2022;5;UNIDADE INTERNAÇÃO - CLINICA MÉDICA ALA A;118
CSSI;2022;5;UNIDADE INTERNAÇÃO - CLINICA MÉDICA ALA B;117
CSSI;2022;5;UNIDADE URGENCIA/EMERGENCIA;182
CSSI;2022;6;UNIDADE DE CUIDADOS CONTINUADOS INTEGRADOS;320
CSSI;2022;6;UNIDADE INTERNAÇÃO - CLINICA MÉDICA ALA A;141
CSSI;2022;6;UNIDADE INTERNAÇÃO - CLINICA MÉDICA ALA B;144
CSSI;2022;6;UNIDADE URGENCIA/EMERGENCIA;236
CSSI;2022;7;UNIDADE DE CUIDADOS CONTINUADOS INTEGRADOS;387
CSSI;2022;7;UNIDADE INTERNAÇÃO - CLINICA MÉDICA ALA A;148
CSSI;2022;7;UNIDADE INTERNAÇÃO - CLINICA MÉDICA ALA B;83
CSSI;2022;7;UNIDADE URGENCIA/EMERGENCIA;205
CSSI;2022;8;UNIDADE DE CUIDADOS CONTINUADOS INTEGRADOS;400
CSSI;2022;8;UNIDADE INTERNAÇÃO - CLINICA MÉDICA ALA A;128
CSSI;2022;8;UNIDADE INTERNAÇÃO - CLINICA MÉDICA ALA B;134
CSSI;2022;8;UNIDADE URGENCIA/EMERGENCIA;195
CSSI;2022;9;UNIDADE DE CUIDADOS CONTINUADOS INTEGRADOS;313
CSSI;2022;9;UNIDADE INTERNAÇÃO - CLINICA MÉDICA ALA A;123
CSSI;2022;9;UNIDADE INTERNAÇÃO - CLINICA MÉDICA ALA B;120
CSSI;2022;9;UNIDADE URGENCIA/EMERGENCIA;228
CSSI;2022;10;UNIDADE DE CUIDADOS CONTINUADOS INTEGRADOS;322
CSSI;2022;10;UNIDADE INTERNAÇÃO - CLINICA MÉDICA ALA A;109
CSSI;2022;10;UNIDADE INTERNAÇÃO - CLINICA MÉDICA ALA B;138
CSSI;2022;10;UNIDADE URGENCIA/EMERGENCIA;252
CSSI;2022;11;UNIDADE DE CUIDADOS CONTINUADOS INTEGRADOS;350
CSSI;2022;11;UNIDADE INTERNAÇÃO - CLINICA MÉDICA ALA A;62
CSSI;2022;11;UNIDADE INTERNAÇÃO - CLINICA MÉDICA ALA B;137
CSSI;2022;11;UNIDADE URGENCIA/EMERGENCIA;270
CSSI;2022;12;UNIDADE DE CUIDADOS CONTINUADOS INTEGRADOS;355
CSSI;2022;12;UNIDADE INTERNAÇÃO - CLINICA MÉDICA ALA A;39
CSSI;2022;12;UNIDADE INTERNAÇÃO - CLINICA MÉDICA ALA B;133
CSSI;2022;12;UNIDADE URGENCIA/EMERGENCIA;223
CSSI;2023;1;UNIDADE DE CUIDADOS CONTINUADOS INTEGRADOS;302
CSSI;2023;1;UNIDADE INTERNAÇÃO - CLINICA MÉDICA ALA A;121
CSSI;2023;1;UNIDADE INTERNAÇÃO - CLINICA MÉDICA ALA B;159
CSSI;2023;1;UNIDADE URGENCIA/EMERGENCIA;254
CSSI;2023;2;UNIDADE DE CUIDADOS CONTINUADOS INTEGRADOS;356
CSSI;2023;2;UNIDADE INTERNAÇÃO - CLINICA MÉDICA ALA A;113
CSSI;2023;2;UNIDADE INTERNAÇÃO - CLINICA MÉDICA ALA B;91
CSSI;2023;2;UNIDADE URGENCIA/EMERGENCIA;172
CSSI;2023;3;UNIDADE DE CUIDADOS CONTINUADOS INTEGRADOS;473
CSSI;2023;3;UNIDADE INTERNAÇÃO - CLINICA MÉDICA ALA A;79
CSSI;2023;3;UNIDADE INTERNAÇÃO - CLINICA MÉDICA ALA B;103
CSSI;2023;3;UNIDADE URGENCIA/EMERGENCIA;206
CSSI;2023;4;UNIDADE DE CUIDADOS CONTINUADOS INTEGRADOS;460
CSSI;2023;4;UNIDADE INTERNAÇÃO - CLINICA MÉDICA ALA A;121
CSSI;2023;4;UNIDADE INTERNAÇÃO - CLINICA MÉDICA ALA B;134
CSSI;2023;4;UNIDADE URGENCIA/EMERGENCIA;210
CSSI;2023;5;UNIDADE DE CUIDADOS CONTINUADOS INTEGRADOS;482
CSSI;2023;5;UNIDADE INTERNAÇÃO - CLINICA MÉDICA ALA A;144
CSSI;2023;5;UNIDADE INTERNAÇÃO - CLINICA MÉDICA ALA B;125
CSSI;2023;5;UNIDADE URGENCIA/EMERGENCIA;195
CSSI;2023;6;UNIDADE DE CUIDADOS CONTINUADOS INTEGRADOS;534
CSSI;2023;6;UNIDADE INTERNAÇÃO - CLINICA MÉDICA ALA A;138
CSSI;2023;6;UNIDADE INTERNAÇÃO - CLINICA MÉDICA ALA B;89
CSSI;2023;6;UNIDADE URGENCIA/EMERGENCIA;182
CSSI;2023;7;UNIDADE DE CUIDADOS CONTINUADOS INTEGRADOS;420
CSSI;2023;7;UNIDADE INTERNAÇÃO - CLINICA MÉDICA ALA A;144
CSSI;2023;7;UNIDADE INTERNAÇÃO - CLINICA MÉDICA ALA B;124
CSSI;2023;7;UNIDADE URGENCIA/EMERGENCIA;198
CSSI;2023;8;UNIDADE DE CUIDADOS CONTINUADOS INTEGRADOS;489
CSSI;2023;8;UNIDADE INTERNAÇÃO - CLINICA MÉDICA ALA A;136
CSSI;2023;8;UNIDADE INTERNAÇÃO - CLINICA MÉDICA ALA B;148
CSSI;2023;8;UNIDADE URGENCIA/EMERGENCIA;236
CSSI;2023;9;CLINICA MEDICA ALA A;31
CSSI;2023;9;CLÍNICA MÉDICA ALA C;37
CSSI;2023;9;UNIDADE DE CUIDADOS CONTINUADOS INTEGRADOS;416
CSSI;2023;9;UNIDADE DE CUIDADOS PROLONGADOS - ALA B;22
CSSI;2023;9;UNIDADE INTERNAÇÃO - CLINICA MÉDICA ALA A;115
CSSI;2023;9;UNIDADE INTERNAÇÃO - CLINICA MÉDICA ALA B;122
CSSI;2023;9;UNIDADE URGENCIA/EMERGENCIA;208
CSSI;2023;9;UNIDADE URGÊNCIA/EMERGÊNCIA - OBSERVAÇÃO;3
CSSI;2023;9;UNIDADES DE CUIDADOS PROLONGADOS - UCP;91
CSSI;2023;10;CLINICA MEDICA ALA A;123
CSSI;2023;10;CLÍNICA MÉDICA ALA B;16
CSSI;2023;10;CLÍNICA MÉDICA ALA C;321
CSSI;2023;10;UNIDADE DE CUIDADOS PROLONGADOS - ALA B;115
CSSI;2023;10;UNIDADE URGÊNCIA/EMERGÊNCIA - OBSERVAÇÃO;2
CSSI;2023;10;UNIDADES DE CUIDADOS PROLONGADOS - UCP;588
CSSI;2023;11;CLINICA MEDICA ALA A;100
CSSI;2023;11;CLÍNICA MÉDICA ALA B;22
CSSI;2023;11;CLÍNICA MÉDICA ALA C;395
CSSI;2023;11;UNIDADE DE CUIDADOS PROLONGADOS - ALA B;86
CSSI;2023;11;UNIDADE URGÊNCIA/EMERGÊNCIA - OBSERVAÇÃO;7
CSSI;2023;11;UNIDADES DE CUIDADOS PROLONGADOS - UCP;534
CSSI;2023;12;CLINICA MEDICA ALA A;133
CSSI;2023;12;CLÍNICA MÉDICA ALA B;4
CSSI;2023;12;CLÍNICA MÉDICA ALA C;336
CSSI;2023;12;UNIDADE DE CUIDADOS PROLONGADOS - ALA B;126
CSSI;2023;12;UNIDADE URGÊNCIA/EMERGÊNCIA - OBSERVAÇÃO;17
CSSI;2023;12;UNIDADES DE CUIDADOS PROLONGADOS - UCP;469
CSSI;2024;1;CLINICA MEDICA ALA A;156
CSSI;2024;1;CLÍNICA MÉDICA ALA B;1
CSSI;2024;1;CLÍNICA MÉDICA ALA C;374
CSSI;2024;1;UNIDADE DE CUIDADOS PROLONGADOS - ALA B;152
CSSI;2024;1;UNIDADE URGÊNCIA/EMERGÊNCIA - OBSERVAÇÃO;5
CSSI;2024;1;UNIDADES DE CUIDADOS PROLONGADOS - UCP;527
CSSI;2024;2;CLINICA MEDICA ALA A;141
CSSI;2024;2;CLÍNICA MÉDICA ALA B;12
CSSI;2024;2;CLÍNICA MÉDICA ALA C;331
CSSI;2024;2;UNIDADE DE CUIDADOS PROLONGADOS - ALA B;149
CSSI;2024;2;UNIDADE URGÊNCIA/EMERGÊNCIA - OBSERVAÇÃO;22
CSSI;2024;2;UNIDADES DE CUIDADOS PROLONGADOS - UCP;531
CSSI;2024;3;CLINICA MEDICA ALA A;156
CSSI;2024;3;CLÍNICA MÉDICA ALA B;27
CSSI;2024;3;CLÍNICA MÉDICA ALA C;363
CSSI;2024;3;UNIDADE DE CUIDADOS PROLONGADOS - ALA B;137
CSSI;2024;3;UNIDADE URGÊNCIA/EMERGÊNCIA - OBSERVAÇÃO;26
CSSI;2024;3;UNIDADES DE CUIDADOS PROLONGADOS - UCP;644
CSSI;2024;4;CLINICA MEDICA ALA A;139
CSSI;2024;4;CLÍNICA MÉDICA ALA B;40
CSSI;2024;4;CLÍNICA MÉDICA ALA C;339
CSSI;2024;4;UNIDADE DE CUIDADOS PROLONGADOS - ALA B;130
CSSI;2024;4;UNIDADE URGÊNCIA/EMERGÊNCIA - OBSERVAÇÃO;58
CSSI;2024;4;UNIDADES DE CUIDADOS PROLONGADOS - UCP;580
CSSI;2024;5;CLINICA MEDICA ALA A;75
CSSI;2024;5;CLÍNICA MÉDICA ALA B;2
CSSI;2024;5;CLÍNICA MÉDICA ALA C;420
CSSI;2024;5;UNIDADE DE CUIDADOS PROLONGADOS - ALA A;62
CSSI;2024;5;UNIDADE DE CUIDADOS PROLONGADOS - ALA B;138
CSSI;2024;5;UNIDADE URGÊNCIA/EMERGÊNCIA - OBSERVAÇÃO;32
CSSI;2024;5;UNIDADES DE CUIDADOS PROLONGADOS - UCP;579
CSSI;2024;6;CLÍNICA MÉDICA ALA B;7
CSSI;2024;6;CLÍNICA MÉDICA ALA C;315
CSSI;2024;6;UNIDADE DE CUIDADOS PROLONGADOS - ALA A;152
CSSI;2024;6;UNIDADE DE CUIDADOS PROLONGADOS - ALA B;169
CSSI;2024;6;UNIDADE URGÊNCIA/EMERGÊNCIA - OBSERVAÇÃO;7
CSSI;2024;6;UNIDADES DE CUIDADOS PROLONGADOS - UCP;607
CSSI;2024;7;CLÍNICA MÉDICA ALA B;10
CSSI;2024;7;CLÍNICA MÉDICA ALA C;261
CSSI;2024;7;UNIDADE DE CUIDADOS PROLONGADOS - ALA A;159
CSSI;2024;7;UNIDADE DE CUIDADOS PROLONGADOS - ALA B;183
CSSI;2024;7;UNIDADE URGÊNCIA/EMERGÊNCIA - OBSERVAÇÃO;23
CSSI;2024;7;UNIDADES DE CUIDADOS PROLONGADOS - UCP;644
CSSI;2024;8;CLÍNICA MÉDICA ALA B;6
CSSI;2024;8;CLÍNICA MÉDICA ALA C;315
CSSI;2024;8;UNIDADE DE CUIDADOS PROLONGADOS - ALA A;180
CSSI;2024;8;UNIDADE DE CUIDADOS PROLONGADOS - ALA B;180
CSSI;2024;8;UNIDADE URGÊNCIA/EMERGÊNCIA - OBSERVAÇÃO;7
CSSI;2024;8;UNIDADES DE CUIDADOS PROLONGADOS - UCP;661
CSSI;2024;9;CLÍNICA MÉDICA ALA B;11
CSSI;2024;9;CLÍNICA MÉDICA ALA C;283
CSSI;2024;9;UNIDADE DE CUIDADOS PROLONGADOS - ALA A;144
CSSI;2024;9;UNIDADE DE CUIDADOS PROLONGADOS - ALA B;141
CSSI;2024;9;UNIDADE URGÊNCIA/EMERGÊNCIA - OBSERVAÇÃO;1
CSSI;2024;9;UNIDADES DE CUIDADOS PROLONGADOS - UCP;589
CSSI;2024;10;CLÍNICA MÉDICA ALA B;19
CSSI;2024;10;CLÍNICA MÉDICA ALA C;325
CSSI;2024;10;UNIDADE DE CUIDADOS PROLONGADOS - ALA A;156
CSSI;2024;10;UNIDADE DE CUIDADOS PROLONGADOS - ALA B;155
CSSI;2024;10;UNIDADES DE CUIDADOS PROLONGADOS - UCP;693
CSSI;2024;11;CLÍNICA MÉDICA ALA B;2
CSSI;2024;11;CLÍNICA MÉDICA ALA C;344
CSSI;2024;11;UNIDADE DE CUIDADOS PROLONGADOS - ALA A;170
CSSI;2024;11;UNIDADE DE CUIDADOS PROLONGADOS - ALA B;156
CSSI;2024;11;UNIDADE URGÊNCIA/EMERGÊNCIA - OBSERVAÇÃO;2
CSSI;2024;11;UNIDADES DE CUIDADOS PROLONGADOS - UCP;668
CSSI;2024;12;CLÍNICA MÉDICA ALA B;10
CSSI;2024;12;CLÍNICA MÉDICA ALA C;338
CSSI;2024;12;UNIDADE DE CUIDADOS PROLONGADOS - ALA A;180
CSSI;2024;12;UNIDADE DE CUIDADOS PROLONGADOS - ALA B;170
CSSI;2024;12;UNIDADE URGÊNCIA/EMERGÊNCIA - OBSERVAÇÃO;1
CSSI;2024;12;UNIDADES DE CUIDADOS PROLONGADOS - UCP;691
CSSI;2025;1;CLÍNICA MÉDICA ALA B;11
CSSI;2025;1;CLÍNICA MÉDICA ALA C;360
CSSI;2025;1;UNIDADE DE CUIDADOS PROLONGADOS - ALA A;149
CSSI;2025;1;UNIDADE DE CUIDADOS PROLONGADOS - ALA B;163
CSSI;2025;1;UNIDADE URGÊNCIA/EMERGÊNCIA - OBSERVAÇÃO;18
CSSI;2025;1;UNIDADES DE CUIDADOS PROLONGADOS - UCP;663
CSSI;2025;2;CLÍNICA MÉDICA ALA B;20
CSSI;2025;2;CLÍNICA MÉDICA ALA C;364
CSSI;2025;2;UNIDADE DE CUIDADOS PROLONGADOS - ALA A;124
CSSI;2025;2;UNIDADE DE CUIDADOS PROLONGADOS - ALA B;158
CSSI;2025;2;UNIDADE URGÊNCIA/EMERGÊNCIA - OBSERVAÇÃO;41
CSSI;2025;2;UNIDADES DE CUIDADOS PROLONGADOS - UCP;611
CSSI;2025;3;CLÍNICA MÉDICA ALA C;338
CSSI;2025;3;UNIDADE DE CUIDADOS PROLONGADOS - ALA A;189
CSSI;2025;3;UNIDADE DE CUIDADOS PROLONGADOS - ALA B;21
CSSI;2025;3;UNIDADE URGÊNCIA/EMERGÊNCIA - OBSERVAÇÃO;38
CSSI;2025;3;UNIDADES DE CUIDADOS PROLONGADOS - UCP;710
CSSI;2025;4;CLÍNICA MÉDICA ALA C;324
CSSI;2025;4;UNIDADE DE CUIDADOS PROLONGADOS - ALA A;108
CSSI;2025;4;UNIDADE DE CUIDADOS PROLONGADOS - ALA B;108
CSSI;2025;4;UNIDADE URGÊNCIA/EMERGÊNCIA - OBSERVAÇÃO;33
CSSI;2025;4;UNIDADES DE CUIDADOS PROLONGADOS - UCP;668
CSSI;2025;5;CLÍNICA MÉDICA ALA C;318
CSSI;2025;5;UNIDADE DE CUIDADOS PROLONGADOS - ALA B;217
CSSI;2025;5;UNIDADE URGÊNCIA/EMERGÊNCIA - OBSERVAÇÃO;33
CSSI;2025;5;UNIDADES DE CUIDADOS PROLONGADOS - UCP;689
CSSI;2025;6;CLÍNICA MÉDICA ALA B;5
CSSI;2025;6;CLÍNICA MÉDICA ALA C;326
CSSI;2025;6;UNIDADE DE CUIDADOS PROLONGADOS - ALA A;134
CSSI;2025;6;UNIDADE DE CUIDADOS PROLONGADOS - ALA B;179
CSSI;2025;6;UNIDADE URGÊNCIA/EMERGÊNCIA - OBSERVAÇÃO;60
CSSI;2025;6;UNIDADES DE CUIDADOS PROLONGADOS - UCP;727
CSSI;2025;7;CLÍNICA MÉDICA ALA B;9
CSSI;2025;7;CLÍNICA MÉDICA ALA C;320
CSSI;2025;7;UNIDADE DE CUIDADOS PROLONGADOS - ALA A;160
CSSI;2025;7;UNIDADE DE CUIDADOS PROLONGADOS - ALA B;175
CSSI;2025;7;UNIDADE URGÊNCIA/EMERGÊNCIA - OBSERVAÇÃO;97
CSSI;2025;7;UNIDADES DE CUIDADOS PROLONGADOS - UCP;690
CSSI;2025;8;CLINICA MEDICA ALA A;80
CSSI;2025;8;CLÍNICA MÉDICA ALA B;18
CSSI;2025;8;CLÍNICA MÉDICA ALA C;226
CSSI;2025;8;UNIDADE DE CUIDADOS PROLONGADOS - ALA A;1
CSSI;2025;8;UNIDADE DE CUIDADOS PROLONGADOS - ALA B;197
CSSI;2025;8;UNIDADE URGÊNCIA/EMERGÊNCIA - OBSERVAÇÃO;149
CSSI;2025;8;UNIDADES DE CUIDADOS PROLONGADOS - UCP;655
CSSI;2025;9;CLINICA MEDICA ALA A;118
CSSI;2025;9;CLÍNICA MÉDICA ALA B;10
CSSI;2025;9;CLÍNICA MÉDICA ALA C;239
CSSI;2025;9;UNIDADE DE CUIDADOS PROLONGADOS - ALA A;67
CSSI;2025;9;UNIDADE DE CUIDADOS PROLONGADOS - ALA B;178
CSSI;2025;9;UNIDADE URGÊNCIA/EMERGÊNCIA - OBSERVAÇÃO;153
CSSI;2025;9;UNIDADES DE CUIDADOS PROLONGADOS - UCP;634
CSSI;2025;10;CLINICA MEDICA ALA A;60
CSSI;2025;10;CLÍNICA MÉDICA ALA B;1
CSSI;2025;10;CLÍNICA MÉDICA ALA C;281
CSSI;2025;10;UNIDADE DE CUIDADOS PROLONGADOS - ALA A;176
CSSI;2025;10;UNIDADE DE CUIDADOS PROLONGADOS - ALA B;177
CSSI;2025;10;UNIDADE URGÊNCIA/EMERGÊNCIA - OBSERVAÇÃO;144
CSSI;2025;10;UNIDADES DE CUIDADOS PROLONGADOS - UCP;660
CSSI;2025;11;CLINICA MEDICA ALA A;62
CSSI;2025;11;CLÍNICA MÉDICA ALA B;6
CSSI;2025;11;CLÍNICA MÉDICA ALA C;317
CSSI;2025;11;UNIDADE DE CUIDADOS PROLONGADOS - ALA A;154
CSSI;2025;11;UNIDADE DE CUIDADOS PROLONGADOS - ALA B;153
CSSI;2025;11;UNIDADE URGÊNCIA/EMERGÊNCIA - OBSERVAÇÃO;111
CSSI;2025;11;UNIDADES DE CUIDADOS PROLONGADOS - UCP;593
CSSI;2025;12;CLINICA MEDICA ALA A;81
CSSI;2025;12;CLÍNICA MÉDICA ALA B;9
CSSI;2025;12;CLÍNICA MÉDICA ALA C;351
CSSI;2025;12;UNIDADE DE CUIDADOS PROLONGADOS - ALA A;149
CSSI;2025;12;UNIDADE DE CUIDADOS PROLONGADOS - ALA B;155
CSSI;2025;12;UNIDADE URGÊNCIA/EMERGÊNCIA - OBSERVAÇÃO;43
CSSI;2025;12;UNIDADES DE CUIDADOS PROLONGADOS - UCP;626
CSSI;2026;1;CLINICA MEDICA ALA A;83
CSSI;2026;1;CLÍNICA MÉDICA ALA B;6
CSSI;2026;1;CLÍNICA MÉDICA ALA C;361
CSSI;2026;1;UNIDADE DE CUIDADOS PROLONGADOS - ALA A;135
CSSI;2026;1;UNIDADE DE CUIDADOS PROLONGADOS - ALA B;161
CSSI;2026;1;UNIDADE URGÊNCIA/EMERGÊNCIA - OBSERVAÇÃO;69
CSSI;2026;1;UNIDADES DE CUIDADOS PROLONGADOS - UCP;633
CSSI;2026;2;CLINICA MEDICA ALA A;78
CSSI;2026;2;CLÍNICA MÉDICA ALA B;16
CSSI;2026;2;CLÍNICA MÉDICA ALA C;279
CSSI;2026;2;UNIDADE DE CUIDADOS PROLONGADOS - ALA A;128
CSSI;2026;2;UNIDADE DE CUIDADOS PROLONGADOS - ALA B;150
CSSI;2026;2;UNIDADE URGÊNCIA/EMERGÊNCIA - OBSERVAÇÃO;36
CSSI;2026;2;UNIDADES DE CUIDADOS PROLONGADOS - UCP;537
CSSI;2026;3;CLINICA MEDICA ALA A;69
CSSI;2026;3;CLÍNICA MÉDICA ALA B;3
CSSI;2026;3;CLÍNICA MÉDICA ALA C;293
CSSI;2026;3;UNIDADE DE CUIDADOS PROLONGADOS - ALA A;143
CSSI;2026;3;UNIDADE DE CUIDADOS PROLONGADOS - ALA B;174
CSSI;2026;3;UNIDADE URGÊNCIA/EMERGÊNCIA - OBSERVAÇÃO;46
CSSI;2026;3;UNIDADES DE CUIDADOS PROLONGADOS - UCP;693
CSSI;2026;4;CLINICA MEDICA ALA A;76
CSSI;2026;4;CLÍNICA MÉDICA ALA B;4
CSSI;2026;4;CLÍNICA MÉDICA ALA C;276
CSSI;2026;4;UNIDADE DE CUIDADOS PROLONGADOS - ALA A;141
CSSI;2026;4;UNIDADE DE CUIDADOS PROLONGADOS - ALA B;164
CSSI;2026;4;UNIDADE URGÊNCIA/EMERGÊNCIA - OBSERVAÇÃO;43
CSSI;2026;4;UNIDADES DE CUIDADOS PROLONGADOS - UCP;681
CSSI;2026;5;CLINICA MEDICA ALA A;46
CSSI;2026;5;CLÍNICA MÉDICA ALA B;13
CSSI;2026;5;CLÍNICA MÉDICA ALA C;241
CSSI;2026;5;UNIDADE DE CUIDADOS PROLONGADOS - ALA A;173
CSSI;2026;5;UNIDADE DE CUIDADOS PROLONGADOS - ALA B;145
CSSI;2026;5;UNIDADE URGÊNCIA/EMERGÊNCIA - OBSERVAÇÃO;12
CSSI;2026;5;UNIDADES DE CUIDADOS PROLONGADOS - UCP;750
HAC;2019;1;UNIDADE INTERNAÇÃO - CIRURGIA GERAL;664
HAC;2019;1;UNIDADE INTERNAÇÃO - CLINICA MÉDICA;1344
HAC;2019;1;UNIDADE URGENCIA/EMERGENCIA;344
HAC;2019;1;UTI;237
HAC;2019;2;UNIDADE INTERNAÇÃO - CIRURGIA GERAL;725
HAC;2019;2;UNIDADE INTERNAÇÃO - CLINICA MÉDICA;1198
HAC;2019;2;UNIDADE URGENCIA/EMERGENCIA;350
HAC;2019;2;UTI;216
HAC;2019;3;UNIDADE INTERNAÇÃO - CIRURGIA GERAL;686
HAC;2019;3;UNIDADE INTERNAÇÃO - CLINICA MÉDICA;1341
HAC;2019;3;UNIDADE URGENCIA/EMERGENCIA;391
HAC;2019;3;UTI;240
HAC;2019;4;UNIDADE INTERNAÇÃO - CIRURGIA GERAL;714
HAC;2019;4;UNIDADE INTERNAÇÃO - CLINICA MÉDICA;1327
HAC;2019;4;UNIDADE URGENCIA/EMERGENCIA;383
HAC;2019;4;UTI;232
HAC;2019;5;UNIDADE INTERNAÇÃO - CIRURGIA GERAL;822
HAC;2019;5;UNIDADE INTERNAÇÃO - CLINICA MÉDICA;1310
HAC;2019;5;UNIDADE URGENCIA/EMERGENCIA;379
HAC;2019;5;UTI;247
HAC;2019;6;UNIDADE INTERNAÇÃO - CIRURGIA GERAL;672
HAC;2019;6;UNIDADE INTERNAÇÃO - CLINICA MÉDICA;1274
HAC;2019;6;UNIDADE URGENCIA/EMERGENCIA;372
HAC;2019;6;UTI;238
HAC;2019;7;UNIDADE INTERNAÇÃO - CIRURGIA GERAL;605
HAC;2019;7;UNIDADE INTERNAÇÃO - CLINICA MÉDICA;1388
HAC;2019;7;UNIDADE URGENCIA/EMERGENCIA;392
HAC;2019;7;UTI;236
HAC;2019;8;UNIDADE INTERNAÇÃO - CIRURGIA GERAL;647
HAC;2019;8;UNIDADE INTERNAÇÃO - CLINICA MÉDICA;1374
HAC;2019;8;UNIDADE URGENCIA/EMERGENCIA;382
HAC;2019;8;UTI;247
HAC;2019;9;UNIDADE INTERNAÇÃO - CIRURGIA GERAL;616
HAC;2019;9;UNIDADE INTERNAÇÃO - CLINICA MÉDICA;1205
HAC;2019;9;UNIDADE URGENCIA/EMERGENCIA;195
HAC;2019;9;UTI;261
HAC;2019;10;UNIDADE INTERNAÇÃO - CIRURGIA GERAL;720
HAC;2019;10;UNIDADE INTERNAÇÃO - CLINICA MÉDICA;1289
HAC;2019;10;UNIDADE URGENCIA/EMERGENCIA;208
HAC;2019;10;UTI;248
HAC;2019;11;UNIDADE INTERNAÇÃO - CIRURGIA GERAL;506
HAC;2019;11;UNIDADE INTERNAÇÃO - CLINICA MÉDICA;1289
HAC;2019;11;UNIDADE URGENCIA/EMERGENCIA;222
HAC;2019;11;UTI;227
HAC;2019;12;UNIDADE INTERNAÇÃO - CIRURGIA GERAL;450
HAC;2019;12;UNIDADE INTERNAÇÃO - CLINICA MÉDICA;1304
HAC;2019;12;UNIDADE URGENCIA/EMERGENCIA;201
HAC;2019;12;UTI;254
HAC;2020;1;UNIDADE INTERNAÇÃO - CIRURGIA GERAL;552
HAC;2020;1;UNIDADE INTERNAÇÃO - CLINICA MÉDICA;1291
HAC;2020;1;UNIDADE URGENCIA/EMERGENCIA;243
HAC;2020;1;UTI;257
HAC;2020;2;UNIDADE INTERNAÇÃO - CIRURGIA GERAL;557
HAC;2020;2;UNIDADE INTERNAÇÃO - CLINICA MÉDICA;1260
HAC;2020;2;UNIDADE URGENCIA/EMERGENCIA;271
HAC;2020;2;UTI;244
HAC;2020;3;UNIDADE INTERNAÇÃO - CIRURGIA GERAL;604
HAC;2020;3;UNIDADE INTERNAÇÃO - CLINICA MÉDICA;1250
HAC;2020;3;UNIDADE URGENCIA/EMERGENCIA;135
HAC;2020;3;UTI;236
HAC;2020;4;UNIDADE INTERNAÇÃO - CIRURGIA GERAL;577
HAC;2020;4;UNIDADE INTERNAÇÃO - CLINICA MÉDICA;1118
HAC;2020;4;UNIDADE URGENCIA/EMERGENCIA;38
HAC;2020;4;UTI;260
HAC;2020;5;UNIDADE INTERNAÇÃO - CIRURGIA GERAL;590
HAC;2020;5;UNIDADE INTERNAÇÃO - CLINICA MÉDICA;1251
HAC;2020;5;UNIDADE URGENCIA/EMERGENCIA;53
HAC;2020;5;UTI;256
HAC;2020;6;UNIDADE INTERNAÇÃO - CIRURGIA GERAL;547
HAC;2020;6;UNIDADE INTERNAÇÃO - CLINICA MÉDICA;1224
HAC;2020;6;UNIDADE URGENCIA/EMERGENCIA;75
HAC;2020;6;UTI;222
HAC;2020;7;UNIDADE INTERNAÇÃO - CIRURGIA GERAL;615
HAC;2020;7;UNIDADE INTERNAÇÃO - CLINICA MÉDICA;1208
HAC;2020;7;UNIDADE URGENCIA/EMERGENCIA;54
HAC;2020;7;UTI;252
HAC;2020;8;UNIDADE INTERNAÇÃO - CIRURGIA GERAL;523
HAC;2020;8;UNIDADE INTERNAÇÃO - CLINICA MÉDICA;1225
HAC;2020;8;UNIDADE URGENCIA/EMERGENCIA;94
HAC;2020;8;UTI;248
HAC;2020;9;UNIDADE INTERNAÇÃO - CIRURGIA GERAL;588
HAC;2020;9;UNIDADE INTERNAÇÃO - CLINICA MÉDICA;1187
HAC;2020;9;UNIDADE URGENCIA/EMERGENCIA;99
HAC;2020;9;UTI;210
HAC;2020;10;UNIDADE INTERNAÇÃO - CIRURGIA GERAL;595
HAC;2020;10;UNIDADE INTERNAÇÃO - CLINICA MÉDICA;1165
HAC;2020;10;UNIDADE URGENCIA/EMERGENCIA;62
HAC;2020;10;UTI;172
HAC;2020;11;UNIDADE INTERNAÇÃO - CIRURGIA GERAL;519
HAC;2020;11;UNIDADE INTERNAÇÃO - CLINICA MÉDICA;1090
HAC;2020;11;UNIDADE URGENCIA/EMERGENCIA;71
HAC;2020;11;UTI;169
HAC;2020;12;UNIDADE INTERNAÇÃO - CIRURGIA GERAL;569
HAC;2020;12;UNIDADE INTERNAÇÃO - CLINICA MÉDICA;1179
HAC;2020;12;UNIDADE URGENCIA/EMERGENCIA;70
HAC;2020;12;UTI;175
HAC;2021;1;UNIDADE INTERNAÇÃO - CIRURGIA GERAL;464
HAC;2021;1;UNIDADE INTERNAÇÃO - CLINICA MÉDICA;1173
HAC;2021;1;UNIDADE URGENCIA/EMERGENCIA;66
HAC;2021;1;UTI;216
HAC;2021;2;UNIDADE INTERNAÇÃO - CIRURGIA GERAL;582
HAC;2021;2;UNIDADE INTERNAÇÃO - CLINICA MÉDICA;1065
HAC;2021;2;UNIDADE URGENCIA/EMERGENCIA;74
HAC;2021;2;UTI;187
HAC;2021;3;UNIDADE INTERNAÇÃO - CIRURGIA GERAL;632
HAC;2021;3;UNIDADE INTERNAÇÃO - CLINICA MÉDICA;1124
HAC;2021;3;UNIDADE URGENCIA/EMERGENCIA;118
HAC;2021;3;UTI;270
HAC;2021;4;UNIDADE INTERNAÇÃO - CIRURGIA GERAL;556
HAC;2021;4;UNIDADE INTERNAÇÃO - CLINICA MÉDICA;1111
HAC;2021;4;UNIDADE URGENCIA/EMERGENCIA;184
HAC;2021;4;UTI;289
HAC;2021;5;UNIDADE DE DECISAO CLINICA;24
HAC;2021;5;UNIDADE INTERNAÇÃO - CIRURGIA GERAL;612
HAC;2021;5;UNIDADE INTERNAÇÃO - CLINICA MÉDICA;1243
HAC;2021;5;UNIDADE URGENCIA/EMERGENCIA;71
HAC;2021;5;UTI;48
HAC;2021;5;UTI - ADULTO;239
HAC;2021;6;UNIDADE DE DECISAO CLINICA;54
HAC;2021;6;UNIDADE INTERNAÇÃO - CIRURGIA GERAL;611
HAC;2021;6;UNIDADE INTERNAÇÃO - CLINICA MÉDICA;1113
HAC;2021;6;UTI - ADULTO;266
HAC;2021;7;UNIDADE DE DECISAO CLINICA;56
HAC;2021;7;UNIDADE INTERNAÇÃO - CIRURGIA GERAL;600
HAC;2021;7;UNIDADE INTERNAÇÃO - CLINICA MÉDICA;1169
HAC;2021;7;UTI - ADULTO;298
HAC;2021;8;UNIDADE DE DECISAO CLINICA;51
HAC;2021;8;UNIDADE INTERNAÇÃO - CIRURGIA GERAL;415
HAC;2021;8;UNIDADE INTERNAÇÃO - CLINICA MÉDICA;1144
HAC;2021;8;UTI - ADULTO;284
HAC;2021;9;UNIDADE DE DECISAO CLINICA;42
HAC;2021;9;UNIDADE INTERNAÇÃO - CIRURGIA GERAL;401
HAC;2021;9;UNIDADE INTERNAÇÃO - CLINICA MÉDICA;1186
HAC;2021;9;UTI - ADULTO;255
HAC;2021;10;UNIDADE INTERNAÇÃO - CIRURGIA GERAL;315
HAC;2021;10;UNIDADE INTERNAÇÃO - CLINICA MÉDICA;1178
HAC;2021;10;UTI - ADULTO;234
HAC;2021;11;UNIDADE INTERNAÇÃO - CIRURGIA GERAL;380
HAC;2021;11;UNIDADE INTERNAÇÃO - CLINICA MÉDICA;1138
HAC;2021;11;UTI - ADULTO;233
HAC;2021;12;UNIDADE INTERNAÇÃO - CIRURGIA GERAL;378
HAC;2021;12;UNIDADE INTERNAÇÃO - CLINICA MÉDICA;1178
HAC;2021;12;UTI - ADULTO;254
HAC;2022;1;UNIDADE INTERNAÇÃO - CIRURGIA GERAL;265
HAC;2022;1;UNIDADE INTERNAÇÃO - CLINICA MÉDICA;1047
HAC;2022;1;UTI - ADULTO;223
HAC;2022;2;UNIDADE INTERNAÇÃO - CIRURGIA GERAL;276
HAC;2022;2;UNIDADE INTERNAÇÃO - CLINICA MÉDICA;919
HAC;2022;2;UTI - ADULTO;221
HAC;2022;3;UNIDADE INTERNAÇÃO - CIRURGIA GERAL;421
HAC;2022;3;UNIDADE INTERNAÇÃO - CLINICA MÉDICA;1124
HAC;2022;3;UTI - ADULTO;251
HAC;2022;4;UNIDADE INTERNAÇÃO - CIRURGIA GERAL;409
HAC;2022;4;UNIDADE INTERNAÇÃO - CLINICA MÉDICA;1064
HAC;2022;4;UTI - ADULTO;296
HAC;2022;5;UNIDADE INTERNAÇÃO - CIRURGIA GERAL;502
HAC;2022;5;UNIDADE INTERNAÇÃO - CLINICA MÉDICA;1063
HAC;2022;5;UTI - ADULTO;214
HAC;2022;6;UNIDADE INTERNAÇÃO - CIRURGIA GERAL;483
HAC;2022;6;UNIDADE INTERNAÇÃO - CLINICA MÉDICA;1011
HAC;2022;6;UTI - ADULTO;215
HAC;2022;7;UNIDADE INTERNAÇÃO - CIRURGIA GERAL;541
HAC;2022;7;UNIDADE INTERNAÇÃO - CLINICA MÉDICA;1043
HAC;2022;7;UTI - ADULTO;192
HAC;2022;8;UNIDADE INTERNAÇÃO - CIRURGIA GERAL;504
HAC;2022;8;UNIDADE INTERNAÇÃO - CLINICA MÉDICA;1120
HAC;2022;8;UTI - ADULTO;211
HAC;2022;9;UNIDADE INTERNAÇÃO - CIRURGIA GERAL;211
HAC;2022;9;UNIDADE INTERNAÇÃO - CLINICA CIRURGICA;265
HAC;2022;9;UNIDADE INTERNAÇÃO - CLINICA MÉDICA;1057
HAC;2022;9;UTI - ADULTO;263
HAC;2022;10;UNIDADE INTERNAÇÃO - CLINICA CIRURGICA;555
HAC;2022;10;UNIDADE INTERNAÇÃO - CLINICA MÉDICA;1156
HAC;2022;10;UTI - ADULTO;260
HAC;2022;11;UNIDADE INTERNAÇÃO - CLINICA CIRURGICA;421
HAC;2022;11;UNIDADE INTERNAÇÃO - CLINICA MÉDICA;1131
HAC;2022;11;UTI - ADULTO;240
HAC;2022;12;UNIDADE INTERNAÇÃO - CLINICA CIRURGICA;534
HAC;2022;12;UNIDADE INTERNAÇÃO - CLINICA MÉDICA;1104
HAC;2022;12;UTI - ADULTO;262
HAC;2023;1;UNIDADE INTERNAÇÃO - CLINICA CIRURGICA;585
HAC;2023;1;UNIDADE INTERNAÇÃO - CLINICA MÉDICA;1128
HAC;2023;1;UTI - ADULTO;276
HAC;2023;2;UNIDADE INTERNAÇÃO - CLINICA CIRURGICA;462
HAC;2023;2;UNIDADE INTERNAÇÃO - CLINICA MÉDICA;1077
HAC;2023;2;UTI - ADULTO;215
HAC;2023;3;UNIDADE INTERNAÇÃO - CLINICA CIRURGICA;628
HAC;2023;3;UNIDADE INTERNAÇÃO - CLINICA MÉDICA;1174
HAC;2023;3;UTI - ADULTO;230
HAC;2023;4;UNIDADE INTERNAÇÃO - CLINICA CIRURGICA;586
HAC;2023;4;UNIDADE INTERNAÇÃO - CLINICA MÉDICA;1131
HAC;2023;4;UTI - ADULTO;258
HAC;2023;5;UNIDADE INTERNAÇÃO - CLINICA CIRURGICA;570
HAC;2023;5;UNIDADE INTERNAÇÃO - CLINICA MÉDICA;1160
HAC;2023;5;UTI - ADULTO;278
HAC;2023;6;UNIDADE INTERNAÇÃO - CLINICA CIRURGICA;593
HAC;2023;6;UNIDADE INTERNAÇÃO - CLINICA MÉDICA;1125
HAC;2023;6;UTI - ADULTO;268
HAC;2023;7;UNIDADE INTERNAÇÃO - CLINICA CIRURGICA;617
HAC;2023;7;UNIDADE INTERNAÇÃO - CLINICA MÉDICA;1223
HAC;2023;7;UTI - ADULTO;275
HAC;2023;8;UNIDADE INTERNAÇÃO - CLINICA CIRURGICA;662
HAC;2023;8;UNIDADE INTERNAÇÃO - CLINICA MÉDICA;1177
HAC;2023;8;UTI - ADULTO;286
HAC;2023;9;UNIDADE INTERNAÇÃO - CLINICA CIRURGICA;576
HAC;2023;9;UNIDADE INTERNAÇÃO - CLINICA MÉDICA;1121
HAC;2023;9;UTI - ADULTO;273
HAC;2023;10;UNIDADE INTERNAÇÃO - CLINICA CIRURGICA;636
HAC;2023;10;UNIDADE INTERNAÇÃO - CLINICA MÉDICA;1203
HAC;2023;10;UTI - ADULTO;288
HAC;2023;11;UNIDADE INTERNAÇÃO - CLINICA CIRURGICA;530
HAC;2023;11;UNIDADE INTERNAÇÃO - CLINICA MÉDICA;1136
HAC;2023;11;UTI - ADULTO;279
HAC;2023;12;UNIDADE INTERNAÇÃO - CLINICA CIRURGICA;580
HAC;2023;12;UNIDADE INTERNAÇÃO - CLINICA MÉDICA;1197
HAC;2023;12;UTI - ADULTO;295
HAC;2024;1;UNIDADE INTERNAÇÃO - CLINICA CIRURGICA;395
HAC;2024;1;UNIDADE INTERNAÇÃO - CLINICA MÉDICA;1317
HAC;2024;1;UTI - ADULTO;276
HAC;2024;2;UNIDADE INTERNAÇÃO - CLINICA CIRURGICA;349
HAC;2024;2;UNIDADE INTERNAÇÃO - CLINICA MÉDICA;1315
HAC;2024;2;UTI - ADULTO;251
HAC;2024;3;UNIDADE INTERNAÇÃO - CLINICA CIRURGICA;435
HAC;2024;3;UNIDADE INTERNAÇÃO - CLINICA MÉDICA;1398
HAC;2024;3;UTI - ADULTO;285
HAC;2024;4;UNIDADE INTERNAÇÃO - CLINICA CIRURGICA;455
HAC;2024;4;UNIDADE INTERNAÇÃO - CLINICA MÉDICA;1346
HAC;2024;4;UTI - ADULTO;260
HAC;2024;5;UNIDADE INTERNAÇÃO - CLINICA CIRURGICA;481
HAC;2024;5;UNIDADE INTERNAÇÃO - CLINICA MÉDICA;1480
HAC;2024;5;UTI - ADULTO;281
HAC;2024;6;UNIDADE INTERNAÇÃO - CLINICA CIRURGICA;437
HAC;2024;6;UNIDADE INTERNAÇÃO - CLINICA MÉDICA;1409
HAC;2024;6;UTI - ADULTO;261
HAC;2024;7;UNIDADE INTERNAÇÃO - CLINICA CIRURGICA;448
HAC;2024;7;UNIDADE INTERNAÇÃO - CLINICA MÉDICA;1461
HAC;2024;7;UTI - ADULTO;256
HAC;2024;8;UNIDADE INTERNAÇÃO - CLINICA CIRURGICA;373
HAC;2024;8;UNIDADE INTERNAÇÃO - CLINICA MÉDICA;1438
HAC;2024;8;UTI - ADULTO;279
HAC;2024;9;UNIDADE INTERNAÇÃO - CLINICA CIRURGICA;428
HAC;2024;9;UNIDADE INTERNAÇÃO - CLINICA MÉDICA;1467
HAC;2024;9;UTI - ADULTO;274
HAC;2024;10;UNIDADE INTERNAÇÃO - CLINICA CIRURGICA;454
HAC;2024;10;UNIDADE INTERNAÇÃO - CLINICA MÉDICA;1523
HAC;2024;10;UTI - ADULTO;291
HAC;2024;11;UNIDADE INTERNAÇÃO - CLINICA CIRURGICA;499
HAC;2024;11;UNIDADE INTERNAÇÃO - CLINICA MÉDICA;1487
HAC;2024;11;UTI - ADULTO;290
HAC;2024;12;UNIDADE INTERNAÇÃO - CLINICA CIRURGICA;422
HAC;2024;12;UNIDADE INTERNAÇÃO - CLINICA MÉDICA;1441
HAC;2024;12;UTI - ADULTO;295
HAC;2025;1;UNIDADE INTERNAÇÃO - CLINICA CIRURGICA;456
HAC;2025;1;UNIDADE INTERNAÇÃO - CLINICA MÉDICA;1468
HAC;2025;1;UTI - ADULTO;295
HAC;2025;2;UNIDADE INTERNAÇÃO - CLINICA CIRURGICA;455
HAC;2025;2;UNIDADE INTERNAÇÃO - CLINICA MÉDICA;1369
HAC;2025;2;UTI - ADULTO;271
HAC;2025;3;UNIDADE INTERNAÇÃO - CLINICA CIRURGICA;555
HAC;2025;3;UNIDADE INTERNAÇÃO - CLINICA MÉDICA;1550
HAC;2025;3;UTI - ADULTO;306
HAC;2025;4;UNIDADE INTERNAÇÃO - CLINICA CIRURGICA;520
HAC;2025;4;UNIDADE INTERNAÇÃO - CLINICA MÉDICA;1564
HAC;2025;4;UTI - ADULTO;296
HAC;2025;5;UNIDADE INTERNAÇÃO - CLINICA CIRURGICA;545
HAC;2025;5;UNIDADE INTERNAÇÃO - CLINICA MÉDICA;1536
HAC;2025;5;UTI - ADULTO;302
HAC;2025;6;UNIDADE INTERNAÇÃO - CLINICA CIRURGICA;528
HAC;2025;6;UNIDADE INTERNAÇÃO - CLINICA MÉDICA;1528
HAC;2025;6;UTI - ADULTO;287
HAC;2025;7;UNIDADE INTERNAÇÃO - CLINICA CIRURGICA;586
HAC;2025;7;UNIDADE INTERNAÇÃO - CLINICA MÉDICA;1562
HAC;2025;7;UTI - ADULTO;301
HAC;2025;8;UNIDADE INTERNAÇÃO - CLINICA CIRURGICA;551
HAC;2025;8;UNIDADE INTERNAÇÃO - CLINICA MÉDICA;1554
HAC;2025;8;UTI - ADULTO;309
HAC;2025;9;UNIDADE INTERNAÇÃO - CLINICA CIRURGICA;552
HAC;2025;9;UNIDADE INTERNAÇÃO - CLINICA MÉDICA;1549
HAC;2025;9;UTI - ADULTO;290
HAC;2025;10;CTI ADULTO;167
HAC;2025;10;UDC - OBSERVAÇÃO;23
HAC;2025;10;UNIDADE DE INTERNAÇÃO - CLÍNICA CIRÚRGICA;337
HAC;2025;10;UNIDADE DE INTERNAÇÃO - CLÍNICA MÉDICA;868
HAC;2025;10;UNIDADE INTERNAÇÃO - CLINICA CIRURGICA;251
HAC;2025;10;UNIDADE INTERNAÇÃO - CLINICA MÉDICA;687
HAC;2025;10;UTI - ADULTO;129
HAC;2025;11;CTI ADULTO;297
HAC;2025;11;UDC - OBSERVAÇÃO;67
HAC;2025;11;UNIDADE DE INTERNAÇÃO - CLÍNICA CIRÚRGICA;535
HAC;2025;11;UNIDADE DE INTERNAÇÃO - CLÍNICA MÉDICA;1439
HAC;2025;12;CTI ADULTO;303
HAC;2025;12;UDC - OBSERVAÇÃO;49
HAC;2025;12;UNIDADE DE INTERNAÇÃO - CLÍNICA CIRÚRGICA;532
HAC;2025;12;UNIDADE DE INTERNAÇÃO - CLÍNICA MÉDICA;1459
HAC;2026;1;CTI ADULTO;289
HAC;2026;1;UDC - OBSERVAÇÃO;35
HAC;2026;1;UNIDADE DE INTERNAÇÃO - CLÍNICA CIRÚRGICA;527
HAC;2026;1;UNIDADE DE INTERNAÇÃO - CLÍNICA MÉDICA;1490
HAC;2026;2;CTI ADULTO;272
HAC;2026;2;UDC - OBSERVAÇÃO;35
HAC;2026;2;UNIDADE DE INTERNAÇÃO - CLÍNICA CIRÚRGICA;522
HAC;2026;2;UNIDADE DE INTERNAÇÃO - CLÍNICA MÉDICA;1359
HAC;2026;3;CTI ADULTO;302
HAC;2026;3;UDC - OBSERVAÇÃO;95
HAC;2026;3;UNIDADE DE INTERNAÇÃO - CLÍNICA CIRÚRGICA;545
HAC;2026;3;UNIDADE DE INTERNAÇÃO - CLÍNICA MÉDICA;1381
HAC;2026;4;CTI ADULTO;284
HAC;2026;4;UDC - OBSERVAÇÃO;90
HAC;2026;4;UNIDADE DE INTERNAÇÃO - CLÍNICA CIRÚRGICA;529
HAC;2026;4;UNIDADE DE INTERNAÇÃO - CLÍNICA MÉDICA;1431
HAC;2026;5;CTI ADULTO;285
HAC;2026;5;UDC - OBSERVAÇÃO;136
HAC;2026;5;UNIDADE DE INTERNAÇÃO - CLÍNICA CIRÚRGICA;579
HAC;2026;5;UNIDADE DE INTERNAÇÃO - CLÍNICA MÉDICA;1500
HCM;2019;1;UNIDADE INTERNAÇÃO - CLINICA CIRURGICA;33
HCM;2019;1;UNIDADE INTERNAÇÃO - CUIDADOS PROLONGADOS;1115
HCM;2019;2;UNIDADE INTERNAÇÃO - CLINICA CIRURGICA;77
HCM;2019;2;UNIDADE INTERNAÇÃO - CUIDADOS PROLONGADOS;982
HCM;2019;3;BLOCO CIRURGICO;1
HCM;2019;3;UNIDADE INTERNAÇÃO - CLINICA CIRURGICA;31
HCM;2019;3;UNIDADE INTERNAÇÃO - CUIDADOS PROLONGADOS;1141
HCM;2019;4;BLOCO CIRURGICO;1
HCM;2019;4;UNIDADE INTERNAÇÃO - CLINICA CIRURGICA;37
HCM;2019;4;UNIDADE INTERNAÇÃO - CUIDADOS PROLONGADOS;1080
HCM;2019;5;UNIDADE INTERNAÇÃO - CLINICA CIRURGICA;28
HCM;2019;5;UNIDADE INTERNAÇÃO - CUIDADOS PROLONGADOS;1114
HCM;2019;6;UNIDADE INTERNAÇÃO - CLINICA CIRURGICA;50
HCM;2019;6;UNIDADE INTERNAÇÃO - CUIDADOS PROLONGADOS;1033
HCM;2019;7;BLOCO CIRURGICO;1
HCM;2019;7;UNIDADE INTERNAÇÃO - CLINICA CIRURGICA;70
HCM;2019;7;UNIDADE INTERNAÇÃO - CUIDADOS PROLONGADOS;1020
HCM;2019;8;UNIDADE INTERNAÇÃO - CLINICA CIRURGICA;57
HCM;2019;8;UNIDADE INTERNAÇÃO - CUIDADOS PROLONGADOS;1075
HCM;2019;9;UNIDADE INTERNAÇÃO - CLINICA CIRURGICA;69
HCM;2019;9;UNIDADE INTERNAÇÃO - CUIDADOS PROLONGADOS;1070
HCM;2019;10;BLOCO CIRURGICO;2
HCM;2019;10;UNIDADE INTERNAÇÃO - CLINICA CIRURGICA;78
HCM;2019;10;UNIDADE INTERNAÇÃO - CUIDADOS PROLONGADOS;1095
HCM;2019;11;BLOCO CIRURGICO;1
HCM;2019;11;UNIDADE INTERNAÇÃO - CLINICA CIRURGICA;64
HCM;2019;11;UNIDADE INTERNAÇÃO - CUIDADOS PROLONGADOS;1029
HCM;2019;12;UNIDADE INTERNAÇÃO - CLINICA CIRURGICA;68
HCM;2019;12;UNIDADE INTERNAÇÃO - CUIDADOS PROLONGADOS;1131
HCM;2020;1;UNIDADE INTERNAÇÃO - CLINICA CIRURGICA;76
HCM;2020;1;UNIDADE INTERNAÇÃO - CUIDADOS PROLONGADOS;1145
HCM;2020;2;UNIDADE INTERNAÇÃO - CLINICA CIRURGICA;19
HCM;2020;2;UNIDADE INTERNAÇÃO - CUIDADOS PROLONGADOS;1067
HCM;2020;3;UNIDADE INTERNAÇÃO - CUIDADOS PROLONGADOS;1129
HCM;2020;4;UNIDADE INTERNAÇÃO - CLINICA CIRURGICA;30
HCM;2020;4;UNIDADE INTERNAÇÃO - CUIDADOS PROLONGADOS;1184
HCM;2020;5;UNIDADE INTERNAÇÃO - CUIDADOS PROLONGADOS;1290
HCM;2020;6;UNIDADE INTERNAÇÃO - CUIDADOS PROLONGADOS;1249
HCM;2020;7;UNIDADE INTERNAÇÃO - CUIDADOS PROLONGADOS;1271
HCM;2020;8;UNIDADE INTERNAÇÃO - CUIDADOS PROLONGADOS;1205
HCM;2020;9;UNIDADE INTERNAÇÃO - CUIDADOS PROLONGADOS;1222
HCM;2020;10;UNIDADE INTERNAÇÃO - CUIDADOS PROLONGADOS;1258
HCM;2020;11;UNIDADE INTERNAÇÃO - CUIDADOS PROLONGADOS;1152
HCM;2020;12;UNIDADE INTERNAÇÃO - CUIDADOS PROLONGADOS;1230
HCM;2021;1;UNIDADE INTERNAÇÃO - CUIDADOS PROLONGADOS;1269
HCM;2021;2;UNIDADE INTERNAÇÃO - CUIDADOS PROLONGADOS;1078
HCM;2021;3;UNIDADE INTERNAÇÃO - CUIDADOS PROLONGADOS;1244
HCM;2021;4;UNIDADE INTERNAÇÃO - CUIDADOS PROLONGADOS;1151
HCM;2021;5;UNIDADE INTERNAÇÃO - CUIDADOS PROLONGADOS;1044
HCM;2021;6;UNIDADE DE CUIDADOS CONTINUADOS INTEGRADOS;862
HCM;2021;6;UNIDADE INTERNAÇÃO - CUIDADOS PROLONGADOS;233
HCM;2021;7;UNIDADE DE CUIDADOS CONTINUADOS INTEGRADOS;1212
HCM;2021;8;UNIDADE DE CUIDADOS CONTINUADOS INTEGRADOS;1235
HCM;2021;9;UNIDADE DE CUIDADOS CONTINUADOS INTEGRADOS;1202
HCM;2021;10;UNIDADE DE CUIDADOS CONTINUADOS INTEGRADOS;1203
HCM;2021;11;UNIDADE DE CUIDADOS CONTINUADOS INTEGRADOS;1068
HCM;2021;12;UNIDADE DE CUIDADOS CONTINUADOS INTEGRADOS;1126
HCM;2022;1;UNIDADE DE CUIDADOS CONTINUADOS INTEGRADOS;1109
HCM;2022;2;UNIDADE DE CUIDADOS CONTINUADOS INTEGRADOS;931
HCM;2022;3;UNIDADE DE CUIDADOS CONTINUADOS INTEGRADOS;1045
HCM;2022;4;UNIDADE DE CUIDADOS CONTINUADOS INTEGRADOS;1028
HCM;2022;5;UNIDADE DE CUIDADOS CONTINUADOS INTEGRADOS;1032
HCM;2022;6;UNIDADE DE CUIDADOS CONTINUADOS INTEGRADOS;641
HCM;2022;6;UNIDADE INTERNAÇÃO - CLINICA CIRURGICA;318
HCM;2022;7;UNIDADE DE CUIDADOS CONTINUADOS INTEGRADOS;860
HCM;2022;7;UNIDADE INTERNAÇÃO - CLINICA CIRURGICA;145
HCM;2022;8;UNIDADE DE CUIDADOS CONTINUADOS INTEGRADOS;1034
HCM;2022;9;UNIDADE DE CUIDADOS CONTINUADOS INTEGRADOS;1031
HCM;2022;10;UNIDADE DE CUIDADOS CONTINUADOS INTEGRADOS;1115
HCM;2022;11;UNIDADE DE CUIDADOS CONTINUADOS INTEGRADOS;1095
HCM;2022;12;UNIDADE DE CUIDADOS CONTINUADOS INTEGRADOS;1098
HCM;2023;1;UNIDADE DE CUIDADOS CONTINUADOS INTEGRADOS;1128
HCM;2023;2;UNIDADE DE CUIDADOS CONTINUADOS INTEGRADOS;970
HCM;2023;3;UNIDADE DE CUIDADOS CONTINUADOS INTEGRADOS;1106
HCM;2023;4;UNIDADE DE CUIDADOS CONTINUADOS INTEGRADOS;1071
HCM;2023;5;UNIDADE DE CUIDADOS CONTINUADOS INTEGRADOS;1092
HCM;2023;6;UNIDADE DE CUIDADOS CONTINUADOS INTEGRADOS;1087
HCM;2023;7;UNIDADE DE CUIDADOS CONTINUADOS INTEGRADOS;1155
HCM;2023;8;UNIDADE DE CUIDADOS CONTINUADOS INTEGRADOS;1165
HCM;2023;9;UNIDADE DE CUIDADOS CONTINUADOS INTEGRADOS;1036
HCM;2023;10;UNIDADE DE CUIDADOS CONTINUADOS INTEGRADOS;1092
HCM;2023;11;UNIDADE DE CUIDADOS CONTINUADOS INTEGRADOS;1069
HCM;2023;12;UNIDADE DE CUIDADOS CONTINUADOS INTEGRADOS;1003
HCM;2024;1;UNIDADE DE CUIDADOS CONTINUADOS INTEGRADOS;942
HCM;2024;2;UNIDADE DE CUIDADOS CONTINUADOS INTEGRADOS;971
HCM;2024;3;UNIDADE DE CUIDADOS CONTINUADOS INTEGRADOS;1038
HCM;2024;4;UNIDADE DE CUIDADOS CONTINUADOS INTEGRADOS;1130
HCM;2024;5;UNIDADE DE CUIDADOS CONTINUADOS INTEGRADOS;1168
HCM;2024;6;UNIDADE DE CUIDADOS CONTINUADOS INTEGRADOS;1155
HCM;2024;7;BLOCO CIRURGICO;1
HCM;2024;7;UNIDADE DE CUIDADOS CONTINUADOS INTEGRADOS;1156
HCM;2024;8;UNIDADE DE CUIDADOS CONTINUADOS INTEGRADOS;1116
HCM;2024;9;UNIDADE DE CUIDADOS CONTINUADOS INTEGRADOS;966
HCM;2024;10;UNIDADE DE CUIDADOS CONTINUADOS INTEGRADOS;1013
HCM;2024;11;UNIDADE DE CUIDADOS CONTINUADOS INTEGRADOS;1045
HCM;2024;12;UNIDADE DE CUIDADOS CONTINUADOS INTEGRADOS;1009
HCM;2025;1;UNIDADE DE CUIDADOS CONTINUADOS INTEGRADOS;1010
HCM;2025;2;UNIDADE DE CUIDADOS CONTINUADOS INTEGRADOS;952
HCM;2025;3;UNIDADE DE CUIDADOS CONTINUADOS INTEGRADOS;1053
HCM;2025;4;UNIDADE DE CUIDADOS CONTINUADOS INTEGRADOS;1067
HCM;2025;5;UNIDADE DE CUIDADOS CONTINUADOS INTEGRADOS;1237
HCM;2025;6;BLOCO CIRURGICO;1
HCM;2025;6;UNIDADE DE CUIDADOS CONTINUADOS INTEGRADOS;1265
HCM;2025;7;UNIDADE DE CUIDADOS CONTINUADOS INTEGRADOS;1364
HCM;2025;8;UNIDADE DE CUIDADOS CONTINUADOS INTEGRADOS;1433
HCM;2025;9;BLOCO CIRURGICO;2
HCM;2025;9;UNIDADE DE CUIDADOS CONTINUADOS INTEGRADOS;1246
HCM;2025;9;UNIDADE INTERNAÇÃO - CLINICA CIRURGICA;6
HCM;2025;10;UNIDADE DE CUIDADOS CONTINUADOS INTEGRADOS;1302
HCM;2025;10;UNIDADE INTERNAÇÃO - CLINICA CIRURGICA;9
HCM;2025;11;BLOCO CIRURGICO;3
HCM;2025;11;UCC - ALA C;9
HCM;2025;11;UICP - ALA A;137
HCM;2025;11;UICP - ALA B;113
HCM;2025;11;UICP - ALA C;42
HCM;2025;11;UNIDADE DE CUIDADOS CONTINUADOS INTEGRADOS;989
HCM;2025;11;UNIDADE INTERNAÇÃO - CLINICA CIRURGICA;4
HCM;2025;12;UCC - ALA C;15
HCM;2025;12;UICP - ALA A;618
HCM;2025;12;UICP - ALA B;498
HCM;2025;12;UICP - ALA C;183
HCM;2026;1;UCC - ALA C;15
HCM;2026;1;UICP - ALA A;631
HCM;2026;1;UICP - ALA B;477
HCM;2026;1;UICP - ALA C;186
HCM;2026;2;UCC - ALA C;78
HCM;2026;2;UICP - ALA A;575
HCM;2026;2;UICP - ALA B;462
HCM;2026;2;UICP - ALA C;168
HCM;2026;3;UCC - ALA C;60
HCM;2026;3;UICP - ALA A;648
HCM;2026;3;UICP - ALA B;507
HCM;2026;3;UICP - ALA C;110
HCM;2026;4;UCC - ALA C;64
HCM;2026;4;UICP - ALA A;624
HCM;2026;4;UICP - ALA B;494
HCM;2026;4;UICP - ALA C;60
HCM;2026;5;UCC - ALA C;57
HCM;2026;5;UICP - ALA A;640
HCM;2026;5;UICP - ALA B;524
HCM;2026;5;UICP - ALA C;62
HEM;2019;1;UNIDADE INTERNAÇÃO - DOENÇAS INFECTO-CONTAGIOSAS E PARASITÁRIAS DOENÇAS INFECTO CONTAGIOSAS;1643
HEM;2019;1;UTI;268
HEM;2019;2;UNIDADE INTERNAÇÃO - DOENÇAS INFECTO-CONTAGIOSAS E PARASITÁRIAS DOENÇAS INFECTO CONTAGIOSAS;1628
HEM;2019;2;UTI;261
HEM;2019;3;HOSPITAL DIA;1
HEM;2019;3;UNIDADE INTERNAÇÃO - DOENÇAS INFECTO-CONTAGIOSAS E PARASITÁRIAS DOENÇAS INFECTO CONTAGIOSAS;1753
HEM;2019;3;UTI;263
HEM;2019;4;UNIDADE INTERNAÇÃO - DOENÇAS INFECTO-CONTAGIOSAS E PARASITÁRIAS DOENÇAS INFECTO CONTAGIOSAS;1701
HEM;2019;4;UTI;254
HEM;2019;5;UNIDADE INTERNAÇÃO - DOENÇAS INFECTO-CONTAGIOSAS E PARASITÁRIAS DOENÇAS INFECTO CONTAGIOSAS;1874
HEM;2019;5;UTI;291
HEM;2019;6;UNIDADE INTERNAÇÃO - DOENÇAS INFECTO-CONTAGIOSAS E PARASITÁRIAS DOENÇAS INFECTO CONTAGIOSAS;1762
HEM;2019;6;UTI;269
HEM;2019;7;UNIDADE INTERNAÇÃO - DOENÇAS INFECTO-CONTAGIOSAS E PARASITÁRIAS DOENÇAS INFECTO CONTAGIOSAS;1852
HEM;2019;7;UTI;301
HEM;2019;8;UNIDADE INTERNAÇÃO - DOENÇAS INFECTO-CONTAGIOSAS E PARASITÁRIAS DOENÇAS INFECTO CONTAGIOSAS;1831
HEM;2019;8;UTI;279
HEM;2019;9;UNIDADE INTERNAÇÃO - DOENÇAS INFECTO-CONTAGIOSAS E PARASITÁRIAS DOENÇAS INFECTO CONTAGIOSAS;1835
HEM;2019;9;UTI;272
HEM;2019;10;UNIDADE INTERNAÇÃO - DOENÇAS INFECTO-CONTAGIOSAS E PARASITÁRIAS DOENÇAS INFECTO CONTAGIOSAS;1772
HEM;2019;10;UTI;278
HEM;2019;11;UNIDADE INTERNAÇÃO - DOENÇAS INFECTO-CONTAGIOSAS E PARASITÁRIAS DOENÇAS INFECTO CONTAGIOSAS;1711
HEM;2019;11;UTI;262
HEM;2019;12;UNIDADE INTERNAÇÃO - DOENÇAS INFECTO-CONTAGIOSAS E PARASITÁRIAS DOENÇAS INFECTO CONTAGIOSAS;1711
HEM;2019;12;UTI;261
HEM;2020;1;UNIDADE INTERNAÇÃO - DOENÇAS INFECTO-CONTAGIOSAS E PARASITÁRIAS DOENÇAS INFECTO CONTAGIOSAS;1530
HEM;2020;1;UTI;258
HEM;2020;2;UNIDADE INTERNAÇÃO - DOENÇAS INFECTO-CONTAGIOSAS E PARASITÁRIAS DOENÇAS INFECTO CONTAGIOSAS;1473
HEM;2020;2;UTI;248
HEM;2020;3;UNIDADE INTERNAÇÃO - DOENÇAS INFECTO-CONTAGIOSAS E PARASITÁRIAS DOENÇAS INFECTO CONTAGIOSAS;1002
HEM;2020;3;UTI;301
HEM;2020;4;UNIDADE INTERNAÇÃO - DOENÇAS INFECTO-CONTAGIOSAS E PARASITÁRIAS DOENÇAS INFECTO CONTAGIOSAS;787
HEM;2020;4;UTI;499
HEM;2020;5;UNIDADE INTERNAÇÃO - DOENÇAS INFECTO-CONTAGIOSAS E PARASITÁRIAS DOENÇAS INFECTO CONTAGIOSAS;874
HEM;2020;5;UTI;668
HEM;2020;6;UNIDADE INTERNAÇÃO - DOENÇAS INFECTO-CONTAGIOSAS E PARASITÁRIAS DOENÇAS INFECTO CONTAGIOSAS;1010
HEM;2020;6;UTI;827
HEM;2020;7;UNIDADE INTERNAÇÃO - DOENÇAS INFECTO-CONTAGIOSAS E PARASITÁRIAS DOENÇAS INFECTO CONTAGIOSAS;1335
HEM;2020;7;UTI;875
HEM;2020;8;UNIDADE INTERNAÇÃO - DOENÇAS INFECTO-CONTAGIOSAS E PARASITÁRIAS DOENÇAS INFECTO CONTAGIOSAS;996
HEM;2020;8;UTI;678
HEM;2020;9;UNIDADE INTERNAÇÃO - DOENÇAS INFECTO-CONTAGIOSAS E PARASITÁRIAS DOENÇAS INFECTO CONTAGIOSAS;1174
HEM;2020;9;UTI;577
HEM;2020;10;UNIDADE INTERNAÇÃO - DOENÇAS INFECTO-CONTAGIOSAS E PARASITÁRIAS DOENÇAS INFECTO CONTAGIOSAS;1100
HEM;2020;10;UTI;503
HEM;2020;11;UNIDADE INTERNAÇÃO - DOENÇAS INFECTO-CONTAGIOSAS E PARASITÁRIAS DOENÇAS INFECTO CONTAGIOSAS;1191
HEM;2020;11;UTI;531
HEM;2020;12;UNIDADE INTERNAÇÃO - DOENÇAS INFECTO-CONTAGIOSAS E PARASITÁRIAS DOENÇAS INFECTO CONTAGIOSAS;1415
HEM;2020;12;UTI;770
HEM;2021;1;UNIDADE INTERNAÇÃO - DOENÇAS INFECTO-CONTAGIOSAS E PARASITÁRIAS DOENÇAS INFECTO CONTAGIOSAS;1163
HEM;2021;1;UTI;808
HEM;2021;2;UNIDADE INTERNAÇÃO - DOENÇAS INFECTO-CONTAGIOSAS E PARASITÁRIAS DOENÇAS INFECTO CONTAGIOSAS;1112
HEM;2021;2;UTI;747
HEM;2021;3;UNIDADE INTERNAÇÃO - DOENÇAS INFECTO-CONTAGIOSAS E PARASITÁRIAS DOENÇAS INFECTO CONTAGIOSAS;1740
HEM;2021;3;UTI;886
HEM;2021;4;UNIDADE INTERNAÇÃO - DOENÇAS INFECTO-CONTAGIOSAS E PARASITÁRIAS DOENÇAS INFECTO CONTAGIOSAS;1527
HEM;2021;4;UTI;1089
HEM;2021;5;UNIDADE INTERNAÇÃO - DOENÇAS INFECTO-CONTAGIOSAS E PARASITÁRIAS DOENÇAS INFECTO CONTAGIOSAS;1336
HEM;2021;5;UTI;906
HEM;2021;6;UNIDADE INTERNAÇÃO - DOENÇAS INFECTO-CONTAGIOSAS E PARASITÁRIAS DOENÇAS INFECTO CONTAGIOSAS;1256
HEM;2021;6;UTI;786
HEM;2021;7;UNIDADE INTERNAÇÃO - DOENÇAS INFECTO-CONTAGIOSAS E PARASITÁRIAS DOENÇAS INFECTO CONTAGIOSAS;1477
HEM;2021;7;UTI;805
HEM;2021;8;UNIDADE INTERNAÇÃO - DOENÇAS INFECTO-CONTAGIOSAS E PARASITÁRIAS DOENÇAS INFECTO CONTAGIOSAS;1499
HEM;2021;8;UTI;75
HEM;2021;8;UTI - ADULTO;552
HEM;2021;9;UNIDADE INTERNAÇÃO - DOENÇAS INFECTO-CONTAGIOSAS E PARASITÁRIAS DOENÇAS INFECTO CONTAGIOSAS;1216
HEM;2021;9;UTI - ADULTO;436
HEM;2021;10;UNIDADE INTERNAÇÃO - DOENÇAS INFECTO-CONTAGIOSAS E PARASITÁRIAS DOENÇAS INFECTO CONTAGIOSAS;1527
HEM;2021;10;UTI - ADULTO;531
HEM;2021;11;UNIDADE INTERNAÇÃO - DOENÇAS INFECTO-CONTAGIOSAS E PARASITÁRIAS DOENÇAS INFECTO CONTAGIOSAS;1583
HEM;2021;11;UTI - ADULTO;551
HEM;2021;12;UNIDADE INTERNAÇÃO - DOENÇAS INFECTO-CONTAGIOSAS E PARASITÁRIAS DOENÇAS INFECTO CONTAGIOSAS;1541
HEM;2021;12;UTI - ADULTO;558
HEM;2022;1;UNIDADE INTERNAÇÃO - DOENÇAS INFECTO-CONTAGIOSAS E PARASITÁRIAS DOENÇAS INFECTO CONTAGIOSAS;1872
HEM;2022;1;UTI - ADULTO;570
HEM;2022;2;UNIDADE INTERNAÇÃO - DOENÇAS INFECTO-CONTAGIOSAS E PARASITÁRIAS DOENÇAS INFECTO CONTAGIOSAS;1468
HEM;2022;2;UTI - ADULTO;490
HEM;2022;3;UNIDADE INTERNAÇÃO - DOENÇAS INFECTO-CONTAGIOSAS E PARASITÁRIAS DOENÇAS INFECTO CONTAGIOSAS;1328
HEM;2022;3;UTI - ADULTO;443
HEM;2022;4;UNIDADE INTERNAÇÃO - DOENÇAS INFECTO-CONTAGIOSAS E PARASITÁRIAS DOENÇAS INFECTO CONTAGIOSAS;1428
HEM;2022;4;UTI - ADULTO;242
HEM;2022;5;UNIDADE INTERNAÇÃO - DOENÇAS INFECTO-CONTAGIOSAS E PARASITÁRIAS DOENÇAS INFECTO CONTAGIOSAS;1703
HEM;2022;5;UTI - ADULTO;322
HEM;2022;6;UNIDADE INTERNAÇÃO - DOENÇAS INFECTO-CONTAGIOSAS E PARASITÁRIAS DOENÇAS INFECTO CONTAGIOSAS;1715
HEM;2022;6;UTI - ADULTO;284
HEM;2022;7;UNIDADE INTERNAÇÃO - DOENÇAS INFECTO-CONTAGIOSAS E PARASITÁRIAS DOENÇAS INFECTO CONTAGIOSAS;1662
HEM;2022;7;UTI - ADULTO;279
HEM;2022;8;UNIDADE INTERNAÇÃO - DOENÇAS INFECTO-CONTAGIOSAS E PARASITÁRIAS DOENÇAS INFECTO CONTAGIOSAS;1985
HEM;2022;8;UTI - ADULTO;229
HEM;2022;9;UNIDADE INTERNAÇÃO - DOENÇAS INFECTO-CONTAGIOSAS E PARASITÁRIAS DOENÇAS INFECTO CONTAGIOSAS;2134
HEM;2022;9;UTI - ADULTO;215
HEM;2022;10;UNIDADE INTERNAÇÃO - DOENÇAS INFECTO-CONTAGIOSAS E PARASITÁRIAS DOENÇAS INFECTO CONTAGIOSAS;2271
HEM;2022;10;UTI - ADULTO;212
HEM;2022;11;UNIDADE INTERNAÇÃO - DOENÇAS INFECTO-CONTAGIOSAS E PARASITÁRIAS DOENÇAS INFECTO CONTAGIOSAS;2192
HEM;2022;11;UTI - ADULTO;236
HEM;2022;12;UNIDADE INTERNAÇÃO - DOENÇAS INFECTO-CONTAGIOSAS E PARASITÁRIAS DOENÇAS INFECTO CONTAGIOSAS;2026
HEM;2022;12;UTI - ADULTO;261
HEM;2023;1;UNIDADE INTERNAÇÃO - DOENÇAS INFECTO-CONTAGIOSAS E PARASITÁRIAS DOENÇAS INFECTO CONTAGIOSAS;1881
HEM;2023;1;UTI - ADULTO;250
HEM;2023;2;UNIDADE INTERNAÇÃO - DOENÇAS INFECTO-CONTAGIOSAS E PARASITÁRIAS DOENÇAS INFECTO CONTAGIOSAS;1791
HEM;2023;2;UTI - ADULTO;230
HEM;2023;3;UNIDADE INTERNAÇÃO - DOENÇAS INFECTO-CONTAGIOSAS E PARASITÁRIAS DOENÇAS INFECTO CONTAGIOSAS;2199
HEM;2023;3;UTI - ADULTO;247
HEM;2023;4;UNIDADE INTERNAÇÃO - DOENÇAS INFECTO-CONTAGIOSAS E PARASITÁRIAS DOENÇAS INFECTO CONTAGIOSAS;2127
HEM;2023;4;UTI - ADULTO;254
HEM;2023;5;UNIDADE INTERNAÇÃO - DOENÇAS INFECTO-CONTAGIOSAS E PARASITÁRIAS DOENÇAS INFECTO CONTAGIOSAS;2131
HEM;2023;5;UTI - ADULTO;264
HEM;2023;6;UNIDADE INTERNAÇÃO - DOENÇAS INFECTO-CONTAGIOSAS E PARASITÁRIAS DOENÇAS INFECTO CONTAGIOSAS;1845
HEM;2023;6;UTI - ADULTO;273
HEM;2023;7;UNIDADE INTERNAÇÃO - DOENÇAS INFECTO-CONTAGIOSAS E PARASITÁRIAS DOENÇAS INFECTO CONTAGIOSAS;2023
HEM;2023;7;UTI - ADULTO;286
HEM;2023;8;UNIDADE INTERNAÇÃO - DOENÇAS INFECTO-CONTAGIOSAS E PARASITÁRIAS DOENÇAS INFECTO CONTAGIOSAS;1958
HEM;2023;8;UTI - ADULTO;280
HEM;2023;9;UNIDADE INTERNAÇÃO - DOENÇAS INFECTO-CONTAGIOSAS E PARASITÁRIAS DOENÇAS INFECTO CONTAGIOSAS;1928
HEM;2023;9;UTI - ADULTO;279
HEM;2023;10;UNIDADE INTERNAÇÃO - DOENÇAS INFECTO-CONTAGIOSAS E PARASITÁRIAS DOENÇAS INFECTO CONTAGIOSAS;1683
HEM;2023;10;UTI - ADULTO;267
HEM;2023;11;UNIDADE INTERNAÇÃO - DOENÇAS INFECTO-CONTAGIOSAS E PARASITÁRIAS DOENÇAS INFECTO CONTAGIOSAS;1623
HEM;2023;11;UTI - ADULTO;288
HEM;2023;12;UNIDADE INTERNAÇÃO - DOENÇAS INFECTO-CONTAGIOSAS E PARASITÁRIAS DOENÇAS INFECTO CONTAGIOSAS;1839
HEM;2023;12;UTI - ADULTO;283
HEM;2024;1;UNIDADE INTERNAÇÃO - DOENÇAS INFECTO-CONTAGIOSAS E PARASITÁRIAS DOENÇAS INFECTO CONTAGIOSAS;2203
HEM;2024;1;UTI - ADULTO;260
HEM;2024;2;UNIDADE INTERNAÇÃO - DOENÇAS INFECTO-CONTAGIOSAS E PARASITÁRIAS DOENÇAS INFECTO CONTAGIOSAS;2514
HEM;2024;2;UTI - ADULTO;231
HEM;2024;3;UNIDADE INTERNAÇÃO - DOENÇAS INFECTO-CONTAGIOSAS E PARASITÁRIAS DOENÇAS INFECTO CONTAGIOSAS;2698
HEM;2024;3;UTI - ADULTO;281
HEM;2024;4;UNIDADE INTERNAÇÃO - DOENÇAS INFECTO-CONTAGIOSAS E PARASITÁRIAS DOENÇAS INFECTO CONTAGIOSAS;2470
HEM;2024;4;UTI - ADULTO;278
HEM;2024;5;UNIDADE INTERNAÇÃO - DOENÇAS INFECTO-CONTAGIOSAS E PARASITÁRIAS DOENÇAS INFECTO CONTAGIOSAS;2198
HEM;2024;5;UTI - ADULTO;277
HEM;2024;6;UNIDADE INTERNAÇÃO - DOENÇAS INFECTO-CONTAGIOSAS E PARASITÁRIAS DOENÇAS INFECTO CONTAGIOSAS;2029
HEM;2024;6;UTI - ADULTO;268
HEM;2024;7;UNIDADE INTERNAÇÃO - DOENÇAS INFECTO-CONTAGIOSAS E PARASITÁRIAS DOENÇAS INFECTO CONTAGIOSAS;2025
HEM;2024;7;UTI - ADULTO;282
HEM;2024;8;UNIDADE INTERNAÇÃO - DOENÇAS INFECTO-CONTAGIOSAS E PARASITÁRIAS DOENÇAS INFECTO CONTAGIOSAS;1980
HEM;2024;8;UTI - ADULTO;295
HEM;2024;9;UNIDADE INTERNAÇÃO - DOENÇAS INFECTO-CONTAGIOSAS E PARASITÁRIAS DOENÇAS INFECTO CONTAGIOSAS;1755
HEM;2024;9;UTI - ADULTO;266
HEM;2024;10;UNIDADE INTERNAÇÃO - DOENÇAS INFECTO-CONTAGIOSAS E PARASITÁRIAS DOENÇAS INFECTO CONTAGIOSAS;1848
HEM;2024;10;UTI - ADULTO;297
HEM;2024;11;UNIDADE INTERNAÇÃO - DOENÇAS INFECTO-CONTAGIOSAS E PARASITÁRIAS DOENÇAS INFECTO CONTAGIOSAS;1677
HEM;2024;11;UTI - ADULTO;275
HEM;2024;12;UNIDADE INTERNAÇÃO - DOENÇAS INFECTO-CONTAGIOSAS E PARASITÁRIAS DOENÇAS INFECTO CONTAGIOSAS;1649
HEM;2024;12;UTI - ADULTO;241
HEM;2025;1;UNIDADE INTERNAÇÃO - DOENÇAS INFECTO-CONTAGIOSAS E PARASITÁRIAS DOENÇAS INFECTO CONTAGIOSAS;1860
HEM;2025;1;UTI - ADULTO;263
HEM;2025;2;UNIDADE INTERNAÇÃO - DOENÇAS INFECTO-CONTAGIOSAS E PARASITÁRIAS DOENÇAS INFECTO CONTAGIOSAS;1617
HEM;2025;2;UTI - ADULTO;232
HEM;2025;3;UNIDADE INTERNAÇÃO - DOENÇAS INFECTO-CONTAGIOSAS E PARASITÁRIAS DOENÇAS INFECTO CONTAGIOSAS;1974
HEM;2025;3;UTI - ADULTO;283
HEM;2025;4;UNIDADE INTERNAÇÃO - DOENÇAS INFECTO-CONTAGIOSAS E PARASITÁRIAS DOENÇAS INFECTO CONTAGIOSAS;1928
HEM;2025;4;UTI - ADULTO;277
HEM;2025;5;UNIDADE INTERNAÇÃO - DOENÇAS INFECTO-CONTAGIOSAS E PARASITÁRIAS DOENÇAS INFECTO CONTAGIOSAS;2030
HEM;2025;5;UTI - ADULTO;285
HEM;2025;6;ALA A;566
HEM;2025;6;ALA C;580
HEM;2025;6;ALA D;224
HEM;2025;6;CTI - ADULTO;253
HEM;2025;6;UNIDADE INTERNAÇÃO - DOENÇAS INFECTO-CONTAGIOSAS E PARASITÁRIAS DOENÇAS INFECTO CONTAGIOSAS;601
HEM;2025;6;UTI - ADULTO;95
HEM;2025;7;ALA A;830
HEM;2025;7;ALA C;807
HEM;2025;7;ALA D;350
HEM;2025;7;CTI - ADULTO;380
HEM;2025;8;ALA A;815
HEM;2025;8;ALA C;827
HEM;2025;8;ALA D;340
HEM;2025;8;CTI - ADULTO;458
HEM;2025;9;ALA A;748
HEM;2025;9;ALA C;817
HEM;2025;9;ALA D;334
HEM;2025;9;CTI - ADULTO;347
HEM;2025;10;ALA A;790
HEM;2025;10;ALA C;792
HEM;2025;10;ALA D;333
HEM;2025;10;CTI - ADULTO;268
HEM;2025;11;ALA A;757
HEM;2025;11;ALA C;802
HEM;2025;11;ALA D;286
HEM;2025;11;CTI - ADULTO;263
HEM;2025;12;ALA A;711
HEM;2025;12;ALA C;719
HEM;2025;12;ALA D;264
HEM;2025;12;CTI - ADULTO;283
HEM;2026;1;ALA A;822
HEM;2026;1;ALA C;787
HEM;2026;1;ALA D;264
HEM;2026;1;CTI - ADULTO;276
HEM;2026;2;ALA A;718
HEM;2026;2;ALA C;742
HEM;2026;2;ALA D;258
HEM;2026;2;CTI - ADULTO;251
HEM;2026;3;ALA A;781
HEM;2026;3;ALA C;832
HEM;2026;3;ALA D;290
HEM;2026;3;CTI - ADULTO;282
HEM;2026;4;ALA A;651
HEM;2026;4;ALA C;753
HEM;2026;4;ALA D;304
HEM;2026;4;CTI - ADULTO;277
HEM;2026;5;ALA A;720
HEM;2026;5;ALA C;772
HEM;2026;5;ALA D;277
HEM;2026;5;CTI - ADULTO;312
HIJPII;2019;1;UNIDADE INTERNAÇÃO - CLINICA PEDIÁTRICA;2029
HIJPII;2019;1;UNIDADE INTERNAÇÃO - CURTO PRAZO;125
HIJPII;2019;1;UNIDADE INTERNAÇÃO - DOENÇAS INFECTO-CONTAGIOSAS E PARASITÁRIAS;528
HIJPII;2019;1;UTI;455
HIJPII;2019;2;UNIDADE INTERNAÇÃO - CLINICA PEDIÁTRICA;1903
HIJPII;2019;2;UNIDADE INTERNAÇÃO - CURTO PRAZO;123
HIJPII;2019;2;UNIDADE INTERNAÇÃO - DOENÇAS INFECTO-CONTAGIOSAS E PARASITÁRIAS;559
HIJPII;2019;2;UTI;423
HIJPII;2019;3;UNIDADE INTERNAÇÃO - CLINICA PEDIÁTRICA;2184
HIJPII;2019;3;UNIDADE INTERNAÇÃO - CURTO PRAZO;269
HIJPII;2019;3;UNIDADE INTERNAÇÃO - DOENÇAS INFECTO-CONTAGIOSAS E PARASITÁRIAS;616
HIJPII;2019;3;UTI;481
HIJPII;2019;4;UNIDADE INTERNAÇÃO - CLINICA PEDIÁTRICA;2195
HIJPII;2019;4;UNIDADE INTERNAÇÃO - CURTO PRAZO;447
HIJPII;2019;4;UNIDADE INTERNAÇÃO - DOENÇAS INFECTO-CONTAGIOSAS E PARASITÁRIAS;672
HIJPII;2019;4;UTI;480
HIJPII;2019;5;UNIDADE INTERNAÇÃO - CLINICA PEDIÁTRICA;2120
HIJPII;2019;5;UNIDADE INTERNAÇÃO - CURTO PRAZO;356
HIJPII;2019;5;UNIDADE INTERNAÇÃO - DOENÇAS INFECTO-CONTAGIOSAS E PARASITÁRIAS;750
HIJPII;2019;5;UTI;497
HIJPII;2019;6;UNIDADE INTERNAÇÃO - CLINICA PEDIÁTRICA;2065
HIJPII;2019;6;UNIDADE INTERNAÇÃO - CURTO PRAZO;323
HIJPII;2019;6;UNIDADE INTERNAÇÃO - DOENÇAS INFECTO-CONTAGIOSAS E PARASITÁRIAS;701
HIJPII;2019;6;UTI;478
HIJPII;2019;7;UNIDADE INTERNAÇÃO - CLINICA PEDIÁTRICA;2066
HIJPII;2019;7;UNIDADE INTERNAÇÃO - CURTO PRAZO;190
HIJPII;2019;7;UNIDADE INTERNAÇÃO - DOENÇAS INFECTO-CONTAGIOSAS E PARASITÁRIAS;659
HIJPII;2019;7;UTI;468
HIJPII;2019;8;UNIDADE INTERNAÇÃO - CLINICA PEDIÁTRICA;1944
HIJPII;2019;8;UNIDADE INTERNAÇÃO - CURTO PRAZO;106
HIJPII;2019;8;UNIDADE INTERNAÇÃO - DOENÇAS INFECTO-CONTAGIOSAS E PARASITÁRIAS;655
HIJPII;2019;8;UTI;454
HIJPII;2019;9;UNIDADE INTERNAÇÃO - CLINICA PEDIÁTRICA;1853
HIJPII;2019;9;UNIDADE INTERNAÇÃO - CURTO PRAZO;103
HIJPII;2019;9;UNIDADE INTERNAÇÃO - DOENÇAS INFECTO-CONTAGIOSAS E PARASITÁRIAS;614
HIJPII;2019;9;UTI;415
HIJPII;2019;10;UNIDADE INTERNAÇÃO - CLINICA PEDIÁTRICA;1767
HIJPII;2019;10;UNIDADE INTERNAÇÃO - CURTO PRAZO;39
HIJPII;2019;10;UNIDADE INTERNAÇÃO - DOENÇAS INFECTO-CONTAGIOSAS E PARASITÁRIAS;612
HIJPII;2019;10;UTI;444
HIJPII;2019;11;UNIDADE INTERNAÇÃO - CLINICA PEDIÁTRICA;1832
HIJPII;2019;11;UNIDADE INTERNAÇÃO - CURTO PRAZO;41
HIJPII;2019;11;UNIDADE INTERNAÇÃO - DOENÇAS INFECTO-CONTAGIOSAS E PARASITÁRIAS;589
HIJPII;2019;11;UTI;451
HIJPII;2019;12;UNIDADE INTERNAÇÃO - CLINICA PEDIÁTRICA;1859
HIJPII;2019;12;UNIDADE INTERNAÇÃO - CURTO PRAZO;68
HIJPII;2019;12;UNIDADE INTERNAÇÃO - DOENÇAS INFECTO-CONTAGIOSAS E PARASITÁRIAS;615
HIJPII;2019;12;UTI;427
HIJPII;2020;1;UNIDADE INTERNAÇÃO - CLINICA PEDIÁTRICA;1624
HIJPII;2020;1;UNIDADE INTERNAÇÃO - CURTO PRAZO;15
HIJPII;2020;1;UNIDADE INTERNAÇÃO - DOENÇAS INFECTO-CONTAGIOSAS E PARASITÁRIAS;353
HIJPII;2020;1;UTI;381
HIJPII;2020;2;UNIDADE INTERNAÇÃO - CLINICA PEDIÁTRICA;1646
HIJPII;2020;2;UNIDADE INTERNAÇÃO - CURTO PRAZO;38
HIJPII;2020;2;UNIDADE INTERNAÇÃO - DOENÇAS INFECTO-CONTAGIOSAS E PARASITÁRIAS;572
HIJPII;2020;2;UTI;404
HIJPII;2020;3;UNIDADE INTERNAÇÃO - CLINICA PEDIÁTRICA;1832
HIJPII;2020;3;UNIDADE INTERNAÇÃO - CURTO PRAZO;66
HIJPII;2020;3;UNIDADE INTERNAÇÃO - DOENÇAS INFECTO-CONTAGIOSAS E PARASITÁRIAS;537
HIJPII;2020;3;UTI;467
HIJPII;2020;4;UNIDADE INTERNAÇÃO - CLINICA PEDIÁTRICA;1270
HIJPII;2020;4;UNIDADE INTERNAÇÃO - CURTO PRAZO;7
HIJPII;2020;4;UNIDADE INTERNAÇÃO - DOENÇAS INFECTO-CONTAGIOSAS E PARASITÁRIAS;335
HIJPII;2020;4;UTI;340
HIJPII;2020;5;UNIDADE INTERNAÇÃO - CLINICA PEDIÁTRICA;1198
HIJPII;2020;5;UNIDADE INTERNAÇÃO - CURTO PRAZO;12
HIJPII;2020;5;UNIDADE INTERNAÇÃO - DOENÇAS INFECTO-CONTAGIOSAS E PARASITÁRIAS;360
HIJPII;2020;5;UTI;334
HIJPII;2020;6;UNIDADE INTERNAÇÃO - CLINICA PEDIÁTRICA;1393
HIJPII;2020;6;UNIDADE INTERNAÇÃO - CURTO PRAZO;27
HIJPII;2020;6;UNIDADE INTERNAÇÃO - DOENÇAS INFECTO-CONTAGIOSAS E PARASITÁRIAS;508
HIJPII;2020;6;UTI;342
HIJPII;2020;7;UNIDADE INTERNAÇÃO - CLINICA PEDIÁTRICA;1231
HIJPII;2020;7;UNIDADE INTERNAÇÃO - CURTO PRAZO;17
HIJPII;2020;7;UNIDADE INTERNAÇÃO - DOENÇAS INFECTO-CONTAGIOSAS E PARASITÁRIAS;619
HIJPII;2020;7;UTI;441
HIJPII;2020;8;UNIDADE INTERNAÇÃO - CLINICA PEDIÁTRICA;1434
HIJPII;2020;8;UNIDADE INTERNAÇÃO - CURTO PRAZO;11
HIJPII;2020;8;UNIDADE INTERNAÇÃO - DOENÇAS INFECTO-CONTAGIOSAS E PARASITÁRIAS;448
HIJPII;2020;8;UTI;414
HIJPII;2020;9;UNIDADE INTERNAÇÃO - CLINICA PEDIÁTRICA;1547
HIJPII;2020;9;UNIDADE INTERNAÇÃO - CURTO PRAZO;23
HIJPII;2020;9;UNIDADE INTERNAÇÃO - DOENÇAS INFECTO-CONTAGIOSAS E PARASITÁRIAS;475
HIJPII;2020;9;UTI;328
HIJPII;2020;10;UNIDADE INTERNAÇÃO - CLINICA PEDIÁTRICA;1474
HIJPII;2020;10;UNIDADE INTERNAÇÃO - CURTO PRAZO;29
HIJPII;2020;10;UNIDADE INTERNAÇÃO - DOENÇAS INFECTO-CONTAGIOSAS E PARASITÁRIAS;503
HIJPII;2020;10;UTI;459
HIJPII;2020;11;UNIDADE INTERNAÇÃO - CLINICA PEDIÁTRICA;1416
HIJPII;2020;11;UNIDADE INTERNAÇÃO - CURTO PRAZO;31
HIJPII;2020;11;UNIDADE INTERNAÇÃO - DOENÇAS INFECTO-CONTAGIOSAS E PARASITÁRIAS;534
HIJPII;2020;11;UTI;379
HIJPII;2020;12;UNIDADE INTERNAÇÃO - CLINICA PEDIÁTRICA;1385
HIJPII;2020;12;UNIDADE INTERNAÇÃO - CURTO PRAZO;28
HIJPII;2020;12;UNIDADE INTERNAÇÃO - DOENÇAS INFECTO-CONTAGIOSAS E PARASITÁRIAS;426
HIJPII;2020;12;UTI;341
HIJPII;2021;1;UNIDADE INTERNAÇÃO - CLINICA PEDIÁTRICA;1475
HIJPII;2021;1;UNIDADE INTERNAÇÃO - CURTO PRAZO;32
HIJPII;2021;1;UNIDADE INTERNAÇÃO - DOENÇAS INFECTO-CONTAGIOSAS E PARASITÁRIAS;477
HIJPII;2021;1;UTI;402
HIJPII;2021;2;UNIDADE INTERNAÇÃO - CLINICA PEDIÁTRICA;1545
HIJPII;2021;2;UNIDADE INTERNAÇÃO - CURTO PRAZO;39
HIJPII;2021;2;UNIDADE INTERNAÇÃO - DOENÇAS INFECTO-CONTAGIOSAS E PARASITÁRIAS;550
HIJPII;2021;2;UTI;365
HIJPII;2021;3;UNIDADE INTERNAÇÃO - CLINICA PEDIÁTRICA;1740
HIJPII;2021;3;UNIDADE INTERNAÇÃO - CURTO PRAZO;73
HIJPII;2021;3;UNIDADE INTERNAÇÃO - DOENÇAS INFECTO-CONTAGIOSAS E PARASITÁRIAS;818
HIJPII;2021;3;UTI;457
HIJPII;2021;4;UNIDADE INTERNAÇÃO - CLINICA PEDIÁTRICA;1627
HIJPII;2021;4;UNIDADE INTERNAÇÃO - CURTO PRAZO;56
HIJPII;2021;4;UNIDADE INTERNAÇÃO - DOENÇAS INFECTO-CONTAGIOSAS E PARASITÁRIAS;648
HIJPII;2021;4;UTI;446
HIJPII;2021;5;UNIDADE INTERNAÇÃO - CLINICA PEDIÁTRICA;1523
HIJPII;2021;5;UNIDADE INTERNAÇÃO - CURTO PRAZO;78
HIJPII;2021;5;UNIDADE INTERNAÇÃO - DOENÇAS INFECTO-CONTAGIOSAS E PARASITÁRIAS;765
HIJPII;2021;5;UTI;450
HIJPII;2021;6;UNIDADE INTERNAÇÃO - CLINICA PEDIÁTRICA;1558
HIJPII;2021;6;UNIDADE INTERNAÇÃO - CURTO PRAZO;65
HIJPII;2021;6;UNIDADE INTERNAÇÃO - DOENÇAS INFECTO-CONTAGIOSAS E PARASITÁRIAS;671
HIJPII;2021;6;UTI;426
HIJPII;2021;7;UNIDADE INTERNAÇÃO - CLINICA PEDIÁTRICA;1627
HIJPII;2021;7;UNIDADE INTERNAÇÃO - CURTO PRAZO;65
HIJPII;2021;7;UNIDADE INTERNAÇÃO - DOENÇAS INFECTO-CONTAGIOSAS E PARASITÁRIAS;676
HIJPII;2021;7;UTI;440
HIJPII;2021;8;UNIDADE INTERNAÇÃO - CLINICA PEDIÁTRICA;1614
HIJPII;2021;8;UNIDADE INTERNAÇÃO - CURTO PRAZO;47
HIJPII;2021;8;UNIDADE INTERNAÇÃO - DOENÇAS INFECTO-CONTAGIOSAS E PARASITÁRIAS;588
HIJPII;2021;8;UTI;432
HIJPII;2021;9;UNIDADE INTERNAÇÃO - CLINICA PEDIÁTRICA;1741
HIJPII;2021;9;UNIDADE INTERNAÇÃO - CURTO PRAZO;75
HIJPII;2021;9;UNIDADE INTERNAÇÃO - DOENÇAS INFECTO-CONTAGIOSAS E PARASITÁRIAS;647
HIJPII;2021;9;UTI;439
HIJPII;2021;10;UNIDADE INTERNAÇÃO - CLINICA PEDIÁTRICA;1787
HIJPII;2021;10;UNIDADE INTERNAÇÃO - CURTO PRAZO;79
HIJPII;2021;10;UNIDADE INTERNAÇÃO - DOENÇAS INFECTO-CONTAGIOSAS E PARASITÁRIAS;696
HIJPII;2021;10;UTI;440
HIJPII;2021;11;UNIDADE INTERNAÇÃO - CLINICA PEDIÁTRICA;1586
HIJPII;2021;11;UNIDADE INTERNAÇÃO - CURTO PRAZO;90
HIJPII;2021;11;UNIDADE INTERNAÇÃO - DOENÇAS INFECTO-CONTAGIOSAS E PARASITÁRIAS;763
HIJPII;2021;11;UTI;448
HIJPII;2021;12;UNIDADE INTERNAÇÃO - CLINICA PEDIÁTRICA;1979
HIJPII;2021;12;UNIDADE INTERNAÇÃO - CURTO PRAZO;141
HIJPII;2021;12;UNIDADE INTERNAÇÃO - DOENÇAS INFECTO-CONTAGIOSAS E PARASITÁRIAS;800
HIJPII;2021;12;UTI;464
HIJPII;2022;1;UNIDADE INTERNAÇÃO - CLINICA PEDIÁTRICA;1847
HIJPII;2022;1;UNIDADE INTERNAÇÃO - CURTO PRAZO;240
HIJPII;2022;1;UNIDADE INTERNAÇÃO - DOENÇAS INFECTO-CONTAGIOSAS E PARASITÁRIAS;813
HIJPII;2022;1;UTI;491
HIJPII;2022;2;UNIDADE INTERNAÇÃO - CLINICA PEDIÁTRICA;1647
HIJPII;2022;2;UNIDADE INTERNAÇÃO - CURTO PRAZO;135
HIJPII;2022;2;UNIDADE INTERNAÇÃO - DOENÇAS INFECTO-CONTAGIOSAS E PARASITÁRIAS;620
HIJPII;2022;2;UTI;413
HIJPII;2022;3;UNIDADE INTERNAÇÃO - CLINICA PEDIÁTRICA;2134
HIJPII;2022;3;UNIDADE INTERNAÇÃO - CURTO PRAZO;205
HIJPII;2022;3;UNIDADE INTERNAÇÃO - DOENÇAS INFECTO-CONTAGIOSAS E PARASITÁRIAS;753
HIJPII;2022;3;UTI;507
HIJPII;2022;4;UNIDADE INTERNAÇÃO - CLINICA PEDIÁTRICA;1923
HIJPII;2022;4;UNIDADE INTERNAÇÃO - CURTO PRAZO;103
HIJPII;2022;4;UNIDADE INTERNAÇÃO - DOENÇAS INFECTO-CONTAGIOSAS E PARASITÁRIAS;706
HIJPII;2022;4;UTI;459
HIJPII;2022;5;UNIDADE INTERNAÇÃO - CLINICA PEDIÁTRICA;2051
HIJPII;2022;5;UNIDADE INTERNAÇÃO - CURTO PRAZO;163
HIJPII;2022;5;UNIDADE INTERNAÇÃO - DOENÇAS INFECTO-CONTAGIOSAS E PARASITÁRIAS;752
HIJPII;2022;5;UTI;440
HIJPII;2022;6;UNIDADE INTERNAÇÃO - CLINICA PEDIÁTRICA;1890
HIJPII;2022;6;UNIDADE INTERNAÇÃO - CURTO PRAZO;171
HIJPII;2022;6;UNIDADE INTERNAÇÃO - DOENÇAS INFECTO-CONTAGIOSAS E PARASITÁRIAS;781
HIJPII;2022;6;UTI;458
HIJPII;2022;7;UNIDADE INTERNAÇÃO - CLINICA PEDIÁTRICA;2074
HIJPII;2022;7;UNIDADE INTERNAÇÃO - CURTO PRAZO;179
HIJPII;2022;7;UNIDADE INTERNAÇÃO - DOENÇAS INFECTO-CONTAGIOSAS E PARASITÁRIAS;808
HIJPII;2022;7;UTI;439
HIJPII;2022;8;UNIDADE INTERNAÇÃO - CLINICA PEDIÁTRICA;1809
HIJPII;2022;8;UNIDADE INTERNAÇÃO - CURTO PRAZO;90
HIJPII;2022;8;UNIDADE INTERNAÇÃO - DOENÇAS INFECTO-CONTAGIOSAS E PARASITÁRIAS;586
HIJPII;2022;8;UTI;313
HIJPII;2022;9;UNIDADE INTERNAÇÃO - CLINICA PEDIÁTRICA;1678
HIJPII;2022;9;UNIDADE INTERNAÇÃO - CURTO PRAZO;77
HIJPII;2022;9;UNIDADE INTERNAÇÃO - DOENÇAS INFECTO-CONTAGIOSAS E PARASITÁRIAS;583
HIJPII;2022;9;UTI;255
HIJPII;2022;10;UNIDADE INTERNAÇÃO - CLINICA PEDIÁTRICA;1719
HIJPII;2022;10;UNIDADE INTERNAÇÃO - CURTO PRAZO;97
HIJPII;2022;10;UNIDADE INTERNAÇÃO - DOENÇAS INFECTO-CONTAGIOSAS E PARASITÁRIAS;629
HIJPII;2022;10;UTI;251
HIJPII;2022;11;UNIDADE INTERNAÇÃO - CLINICA PEDIÁTRICA;1720
HIJPII;2022;11;UNIDADE INTERNAÇÃO - CURTO PRAZO;123
HIJPII;2022;11;UNIDADE INTERNAÇÃO - DOENÇAS INFECTO-CONTAGIOSAS E PARASITÁRIAS;591
HIJPII;2022;11;UTI;408
HIJPII;2022;12;UNIDADE INTERNAÇÃO - CLINICA PEDIÁTRICA;1644
HIJPII;2022;12;UNIDADE INTERNAÇÃO - CURTO PRAZO;54
HIJPII;2022;12;UNIDADE INTERNAÇÃO - DOENÇAS INFECTO-CONTAGIOSAS E PARASITÁRIAS;635
HIJPII;2022;12;UTI;445
HIJPII;2023;1;UNIDADE INTERNAÇÃO - CLINICA PEDIÁTRICA;1649
HIJPII;2023;1;UNIDADE INTERNAÇÃO - CURTO PRAZO;62
HIJPII;2023;1;UNIDADE INTERNAÇÃO - DOENÇAS INFECTO-CONTAGIOSAS E PARASITÁRIAS;593
HIJPII;2023;1;UTI;431
HIJPII;2023;2;UNIDADE INTERNAÇÃO - CLINICA PEDIÁTRICA;1708
HIJPII;2023;2;UNIDADE INTERNAÇÃO - CURTO PRAZO;72
HIJPII;2023;2;UNIDADE INTERNAÇÃO - DOENÇAS INFECTO-CONTAGIOSAS E PARASITÁRIAS;662
HIJPII;2023;2;UTI;411
HIJPII;2023;3;UNIDADE INTERNAÇÃO - CLINICA PEDIÁTRICA;2176
HIJPII;2023;3;UNIDADE INTERNAÇÃO - CURTO PRAZO;205
HIJPII;2023;3;UNIDADE INTERNAÇÃO - DOENÇAS INFECTO-CONTAGIOSAS E PARASITÁRIAS;799
HIJPII;2023;3;UTI;477
HIJPII;2023;4;UNIDADE INTERNAÇÃO - CLINICA PEDIÁTRICA;1938
HIJPII;2023;4;UNIDADE INTERNAÇÃO - CURTO PRAZO;160
HIJPII;2023;4;UNIDADE INTERNAÇÃO - DOENÇAS INFECTO-CONTAGIOSAS E PARASITÁRIAS;728
HIJPII;2023;4;UTI;451
HIJPII;2023;5;UNIDADE INTERNAÇÃO - CLINICA PEDIÁTRICA;2044
HIJPII;2023;5;UNIDADE INTERNAÇÃO - CURTO PRAZO;205
HIJPII;2023;5;UNIDADE INTERNAÇÃO - DOENÇAS INFECTO-CONTAGIOSAS E PARASITÁRIAS;784
HIJPII;2023;5;UTI;464
HIJPII;2023;6;UNIDADE INTERNAÇÃO - CLINICA PEDIÁTRICA;1922
HIJPII;2023;6;UNIDADE INTERNAÇÃO - CURTO PRAZO;121
HIJPII;2023;6;UNIDADE INTERNAÇÃO - DOENÇAS INFECTO-CONTAGIOSAS E PARASITÁRIAS;739
HIJPII;2023;6;UTI;485
HIJPII;2023;7;UNIDADE INTERNAÇÃO - CLINICA PEDIÁTRICA;2082
HIJPII;2023;7;UNIDADE INTERNAÇÃO - CURTO PRAZO;211
HIJPII;2023;7;UNIDADE INTERNAÇÃO - DOENÇAS INFECTO-CONTAGIOSAS E PARASITÁRIAS;784
HIJPII;2023;7;UTI;483
HIJPII;2023;8;UNIDADE INTERNAÇÃO - CLINICA PEDIÁTRICA;1957
HIJPII;2023;8;UNIDADE INTERNAÇÃO - CURTO PRAZO;157
HIJPII;2023;8;UNIDADE INTERNAÇÃO - DOENÇAS INFECTO-CONTAGIOSAS E PARASITÁRIAS;611
HIJPII;2023;8;UTI;451
HIJPII;2023;9;UNIDADE INTERNAÇÃO - CLINICA PEDIÁTRICA;1859
HIJPII;2023;9;UNIDADE INTERNAÇÃO - CURTO PRAZO;108
HIJPII;2023;9;UNIDADE INTERNAÇÃO - DOENÇAS INFECTO-CONTAGIOSAS E PARASITÁRIAS;649
HIJPII;2023;9;UTI;413
HIJPII;2023;10;UNIDADE INTERNAÇÃO - CLINICA PEDIÁTRICA;1764
HIJPII;2023;10;UNIDADE INTERNAÇÃO - CURTO PRAZO;71
HIJPII;2023;10;UNIDADE INTERNAÇÃO - DOENÇAS INFECTO-CONTAGIOSAS E PARASITÁRIAS;557
HIJPII;2023;10;UTI;369
HIJPII;2023;11;UNIDADE INTERNAÇÃO - CLINICA PEDIÁTRICA;1673
HIJPII;2023;11;UNIDADE INTERNAÇÃO - CURTO PRAZO;51
HIJPII;2023;11;UNIDADE INTERNAÇÃO - DOENÇAS INFECTO-CONTAGIOSAS E PARASITÁRIAS;545
HIJPII;2023;11;UTI;430
HIJPII;2023;12;UNIDADE INTERNAÇÃO - CLINICA PEDIÁTRICA;1583
HIJPII;2023;12;UNIDADE INTERNAÇÃO - CURTO PRAZO;56
HIJPII;2023;12;UNIDADE INTERNAÇÃO - DOENÇAS INFECTO-CONTAGIOSAS E PARASITÁRIAS;477
HIJPII;2023;12;UTI;410
HIJPII;2024;1;UNIDADE INTERNAÇÃO - CLINICA PEDIÁTRICA;1667
HIJPII;2024;1;UNIDADE INTERNAÇÃO - CURTO PRAZO;71
HIJPII;2024;1;UNIDADE INTERNAÇÃO - DOENÇAS INFECTO-CONTAGIOSAS E PARASITÁRIAS;461
HIJPII;2024;1;UTI;295
HIJPII;2024;2;UNIDADE INTERNAÇÃO - CLINICA PEDIÁTRICA;1704
HIJPII;2024;2;UNIDADE INTERNAÇÃO - CURTO PRAZO;88
HIJPII;2024;2;UNIDADE INTERNAÇÃO - DOENÇAS INFECTO-CONTAGIOSAS E PARASITÁRIAS;586
HIJPII;2024;2;UTI;349
HIJPII;2024;3;UNIDADE INTERNAÇÃO - CLINICA PEDIÁTRICA;2132
HIJPII;2024;3;UNIDADE INTERNAÇÃO - CURTO PRAZO;277
HIJPII;2024;3;UNIDADE INTERNAÇÃO - DOENÇAS INFECTO-CONTAGIOSAS E PARASITÁRIAS;832
HIJPII;2024;3;UTI;469
HIJPII;2024;4;UNIDADE INTERNAÇÃO - CLINICA PEDIÁTRICA;2149
HIJPII;2024;4;UNIDADE INTERNAÇÃO - CURTO PRAZO;275
HIJPII;2024;4;UNIDADE INTERNAÇÃO - DOENÇAS INFECTO-CONTAGIOSAS E PARASITÁRIAS;844
HIJPII;2024;4;UTI;476
HIJPII;2024;5;UNIDADE INTERNAÇÃO - CLINICA PEDIÁTRICA;2052
HIJPII;2024;5;UNIDADE INTERNAÇÃO - CURTO PRAZO;120
HIJPII;2024;5;UNIDADE INTERNAÇÃO - DOENÇAS INFECTO-CONTAGIOSAS E PARASITÁRIAS;742
HIJPII;2024;5;UTI;449
HIJPII;2024;6;UNIDADE INTERNAÇÃO - CLINICA PEDIÁTRICA;1933
HIJPII;2024;6;UNIDADE INTERNAÇÃO - CURTO PRAZO;98
HIJPII;2024;6;UNIDADE INTERNAÇÃO - DOENÇAS INFECTO-CONTAGIOSAS E PARASITÁRIAS;565
HIJPII;2024;6;UTI;353
HIJPII;2024;7;UNIDADE INTERNAÇÃO - CLINICA PEDIÁTRICA;1801
HIJPII;2024;7;UNIDADE INTERNAÇÃO - CURTO PRAZO;88
HIJPII;2024;7;UNIDADE INTERNAÇÃO - DOENÇAS INFECTO-CONTAGIOSAS E PARASITÁRIAS;540
HIJPII;2024;7;UTI;422
HIJPII;2024;8;UNIDADE INTERNAÇÃO - CLINICA PEDIÁTRICA;1839
HIJPII;2024;8;UNIDADE INTERNAÇÃO - CURTO PRAZO;49
HIJPII;2024;8;UNIDADE INTERNAÇÃO - DOENÇAS INFECTO-CONTAGIOSAS E PARASITÁRIAS;522
HIJPII;2024;8;UTI;341
HIJPII;2024;9;UNIDADE INTERNAÇÃO - CLINICA PEDIÁTRICA;1822
HIJPII;2024;9;UNIDADE INTERNAÇÃO - CURTO PRAZO;112
HIJPII;2024;9;UNIDADE INTERNAÇÃO - DOENÇAS INFECTO-CONTAGIOSAS E PARASITÁRIAS;630
HIJPII;2024;9;UTI;362
HIJPII;2024;10;UNIDADE INTERNAÇÃO - CLINICA PEDIÁTRICA;1698
HIJPII;2024;10;UNIDADE INTERNAÇÃO - CURTO PRAZO;79
HIJPII;2024;10;UNIDADE INTERNAÇÃO - DOENÇAS INFECTO-CONTAGIOSAS E PARASITÁRIAS;596
HIJPII;2024;10;UTI;370
HIJPII;2024;11;UNIDADE INTERNAÇÃO - CLINICA PEDIÁTRICA;1622
HIJPII;2024;11;UNIDADE INTERNAÇÃO - CURTO PRAZO;58
HIJPII;2024;11;UNIDADE INTERNAÇÃO - DOENÇAS INFECTO-CONTAGIOSAS E PARASITÁRIAS;509
HIJPII;2024;11;UTI;333
HIJPII;2024;12;UNIDADE INTERNAÇÃO - CLINICA PEDIÁTRICA;1724
HIJPII;2024;12;UNIDADE INTERNAÇÃO - CURTO PRAZO;75
HIJPII;2024;12;UNIDADE INTERNAÇÃO - DOENÇAS INFECTO-CONTAGIOSAS E PARASITÁRIAS;552
HIJPII;2024;12;UTI;353
HIJPII;2025;1;UNIDADE INTERNAÇÃO - CLINICA PEDIÁTRICA;1619
HIJPII;2025;1;UNIDADE INTERNAÇÃO - CURTO PRAZO;48
HIJPII;2025;1;UNIDADE INTERNAÇÃO - DOENÇAS INFECTO-CONTAGIOSAS E PARASITÁRIAS;532
HIJPII;2025;1;UTI;371
HIJPII;2025;2;UNIDADE INTERNAÇÃO - CLINICA PEDIÁTRICA;1431
HIJPII;2025;2;UNIDADE INTERNAÇÃO - CURTO PRAZO;29
HIJPII;2025;2;UNIDADE INTERNAÇÃO - DOENÇAS INFECTO-CONTAGIOSAS E PARASITÁRIAS;492
HIJPII;2025;2;UTI;283
HIJPII;2025;3;UNIDADE INTERNAÇÃO - CLINICA PEDIÁTRICA;1929
HIJPII;2025;3;UNIDADE INTERNAÇÃO - CURTO PRAZO;55
HIJPII;2025;3;UNIDADE INTERNAÇÃO - DOENÇAS INFECTO-CONTAGIOSAS E PARASITÁRIAS;654
HIJPII;2025;3;UTI;354
HIJPII;2025;4;UNIDADE INTERNAÇÃO - CLINICA PEDIÁTRICA;2051
HIJPII;2025;4;UNIDADE INTERNAÇÃO - CURTO PRAZO;153
HIJPII;2025;4;UNIDADE INTERNAÇÃO - DOENÇAS INFECTO-CONTAGIOSAS E PARASITÁRIAS;808
HIJPII;2025;4;UTI;456
HIJPII;2025;5;UNIDADE INTERNAÇÃO - CLINICA PEDIÁTRICA;2143
HIJPII;2025;5;UNIDADE INTERNAÇÃO - CURTO PRAZO;198
HIJPII;2025;5;UNIDADE INTERNAÇÃO - DOENÇAS INFECTO-CONTAGIOSAS E PARASITÁRIAS;979
HIJPII;2025;5;UTI;502
HIJPII;2025;6;UNIDADE INTERNAÇÃO - CLINICA PEDIÁTRICA;1875
HIJPII;2025;6;UNIDADE INTERNAÇÃO - CURTO PRAZO;77
HIJPII;2025;6;UNIDADE INTERNAÇÃO - DOENÇAS INFECTO-CONTAGIOSAS E PARASITÁRIAS;768
HIJPII;2025;6;UTI;442
HIJPII;2025;7;UNIDADE INTERNAÇÃO - CLINICA PEDIÁTRICA;1605
HIJPII;2025;7;UNIDADE INTERNAÇÃO - CURTO PRAZO;42
HIJPII;2025;7;UNIDADE INTERNAÇÃO - DOENÇAS INFECTO-CONTAGIOSAS E PARASITÁRIAS;595
HIJPII;2025;7;UTI;373
HIJPII;2025;8;UNIDADE INTERNAÇÃO - CLINICA PEDIÁTRICA;1540
HIJPII;2025;8;UNIDADE INTERNAÇÃO - CURTO PRAZO;84
HIJPII;2025;8;UNIDADE INTERNAÇÃO - DOENÇAS INFECTO-CONTAGIOSAS E PARASITÁRIAS;537
HIJPII;2025;8;UTI;371
HIJPII;2025;9;UNIDADE INTERNAÇÃO - CLINICA PEDIÁTRICA;1446
HIJPII;2025;9;UNIDADE INTERNAÇÃO - CURTO PRAZO;77
HIJPII;2025;9;UNIDADE INTERNAÇÃO - DOENÇAS INFECTO-CONTAGIOSAS E PARASITÁRIAS;496
HIJPII;2025;9;UTI;288
HIJPII;2025;10;UNIDADE INTERNAÇÃO - CLINICA PEDIÁTRICA;1544
HIJPII;2025;10;UNIDADE INTERNAÇÃO - CURTO PRAZO;63
HIJPII;2025;10;UNIDADE INTERNAÇÃO - DOENÇAS INFECTO-CONTAGIOSAS E PARASITÁRIAS;583
HIJPII;2025;10;UTI;300
HIJPII;2025;11;UNIDADE INTERNAÇÃO - CLINICA PEDIÁTRICA;1534
HIJPII;2025;11;UNIDADE INTERNAÇÃO - CURTO PRAZO;56
HIJPII;2025;11;UNIDADE INTERNAÇÃO - DOENÇAS INFECTO-CONTAGIOSAS E PARASITÁRIAS;578
HIJPII;2025;11;UTI;349
HIJPII;2025;12;UNIDADE INTERNAÇÃO - CLINICA PEDIÁTRICA;1412
HIJPII;2025;12;UNIDADE INTERNAÇÃO - CURTO PRAZO;64
HIJPII;2025;12;UNIDADE INTERNAÇÃO - DOENÇAS INFECTO-CONTAGIOSAS E PARASITÁRIAS;612
HIJPII;2025;12;UTI;405
HIJPII;2026;1;UNIDADE INTERNAÇÃO - CLINICA PEDIÁTRICA;1311
HIJPII;2026;1;UNIDADE INTERNAÇÃO - CURTO PRAZO;55
HIJPII;2026;1;UNIDADE INTERNAÇÃO - DOENÇAS INFECTO-CONTAGIOSAS E PARASITÁRIAS;456
HIJPII;2026;1;UTI;281
HIJPII;2026;2;UNIDADE INTERNAÇÃO - CLINICA PEDIÁTRICA;1098
HIJPII;2026;2;UNIDADE INTERNAÇÃO - CURTO PRAZO;35
HIJPII;2026;2;UNIDADE INTERNAÇÃO - DOENÇAS INFECTO-CONTAGIOSAS E PARASITÁRIAS;424
HIJPII;2026;2;UTI;307
HIJPII;2026;3;UNIDADE INTERNAÇÃO - CLINICA PEDIÁTRICA;1752
HIJPII;2026;3;UNIDADE INTERNAÇÃO - CURTO PRAZO;80
HIJPII;2026;3;UNIDADE INTERNAÇÃO - DOENÇAS INFECTO-CONTAGIOSAS E PARASITÁRIAS;695
HIJPII;2026;3;UTI;361
HIJPII;2026;4;UNIDADE INTERNAÇÃO - CLINICA PEDIÁTRICA;1950
HIJPII;2026;4;UNIDADE INTERNAÇÃO - CURTO PRAZO;155
HIJPII;2026;4;UNIDADE INTERNAÇÃO - DOENÇAS INFECTO-CONTAGIOSAS E PARASITÁRIAS;759
HIJPII;2026;4;UTI;392
HIJPII;2026;5;UNIDADE INTERNAÇÃO - CLINICA PEDIÁTRICA;2092
HIJPII;2026;5;UNIDADE INTERNAÇÃO - CURTO PRAZO;133
HIJPII;2026;5;UNIDADE INTERNAÇÃO - DOENÇAS INFECTO-CONTAGIOSAS E PARASITÁRIAS;802
HIJPII;2026;5;UTI;438
HJK;2019;1;ALOJAMENTO CONJUNTO;538
HJK;2019;1;UNIDADE DE URGENCIA - CLINICA MEDICA;1483
HJK;2019;1;UNIDADE INTERNAÇÃO - CLINICA CIRURGICA;851
HJK;2019;1;UNIDADE INTERNAÇÃO - CLINICA MÉDICA;1399
HJK;2019;1;UNIDADE INTERNAÇÃO - CLINICA PNEUMOLOGICA;1385
HJK;2019;1;UNIDADE INTERNAÇÃO - CLINICA TISIOLÓGICA;558
HJK;2019;1;UTI - NEONATAL E PEDIATRICO UTIN E UCIN;434
HJK;2019;1;UTI CTI;547
HJK;2019;2;ALOJAMENTO CONJUNTO;535
HJK;2019;2;UNIDADE DE URGENCIA - CLINICA MEDICA;1369
HJK;2019;2;UNIDADE INTERNAÇÃO - CLINICA CIRURGICA;848
HJK;2019;2;UNIDADE INTERNAÇÃO - CLINICA MÉDICA;1266
HJK;2019;2;UNIDADE INTERNAÇÃO - CLINICA PNEUMOLOGICA;1339
HJK;2019;2;UNIDADE INTERNAÇÃO - CLINICA TISIOLÓGICA;506
HJK;2019;2;UTI - NEONATAL E PEDIATRICO UTIN E UCIN;416
HJK;2019;2;UTI CTI;506
HJK;2019;3;ALOJAMENTO CONJUNTO;570
HJK;2019;3;UNIDADE DE URGENCIA - CLINICA MEDICA;1687
HJK;2019;3;UNIDADE INTERNAÇÃO - CLINICA CIRURGICA;947
HJK;2019;3;UNIDADE INTERNAÇÃO - CLINICA MÉDICA;1426
HJK;2019;3;UNIDADE INTERNAÇÃO - CLINICA PNEUMOLOGICA;1496
HJK;2019;3;UNIDADE INTERNAÇÃO - CLINICA TISIOLÓGICA;405
HJK;2019;3;UTI - NEONATAL E PEDIATRICO UTIN E UCIN;511
HJK;2019;3;UTI CTI;566
HJK;2019;4;ALOJAMENTO CONJUNTO;600
HJK;2019;4;UNIDADE DE URGENCIA - CLINICA MEDICA;1832
HJK;2019;4;UNIDADE INTERNAÇÃO - CLINICA CIRURGICA;852
HJK;2019;4;UNIDADE INTERNAÇÃO - CLINICA MÉDICA;1440
HJK;2019;4;UNIDADE INTERNAÇÃO - CLINICA PNEUMOLOGICA;1461
HJK;2019;4;UNIDADE INTERNAÇÃO - CLINICA TISIOLÓGICA;532
HJK;2019;4;UTI - NEONATAL E PEDIATRICO UTIN E UCIN;479
HJK;2019;4;UTI CTI;536
HJK;2019;5;ALOJAMENTO CONJUNTO;434
HJK;2019;5;BLOCO CIRURGICO;1
HJK;2019;5;UNIDADE DE URGENCIA - CLINICA MEDICA;2066
HJK;2019;5;UNIDADE INTERNAÇÃO - CLINICA CIRURGICA;972
HJK;2019;5;UNIDADE INTERNAÇÃO - CLINICA MÉDICA;1472
HJK;2019;5;UNIDADE INTERNAÇÃO - CLINICA PNEUMOLOGICA;1512
HJK;2019;5;UNIDADE INTERNAÇÃO - CLINICA TISIOLÓGICA;463
HJK;2019;5;UTI - NEONATAL E PEDIATRICO UTIN E UCIN;343
HJK;2019;5;UTI CTI;575
HJK;2019;6;ALOJAMENTO CONJUNTO;394
HJK;2019;6;UNIDADE DE URGENCIA - CLINICA MEDICA;2018
HJK;2019;6;UNIDADE INTERNAÇÃO - CLINICA CIRURGICA;901
HJK;2019;6;UNIDADE INTERNAÇÃO - CLINICA MÉDICA;1422
HJK;2019;6;UNIDADE INTERNAÇÃO - CLINICA PNEUMOLOGICA;1446
HJK;2019;6;UNIDADE INTERNAÇÃO - CLINICA TISIOLÓGICA;562
HJK;2019;6;UTI - NEONATAL E PEDIATRICO UTIN E UCIN;434
HJK;2019;6;UTI CTI;553
HJK;2019;7;ALOJAMENTO CONJUNTO;453
HJK;2019;7;UNIDADE DE URGENCIA - CLINICA MEDICA;1726
HJK;2019;7;UNIDADE INTERNAÇÃO - CLINICA CIRURGICA;923
HJK;2019;7;UNIDADE INTERNAÇÃO - CLINICA MÉDICA;1496
HJK;2019;7;UNIDADE INTERNAÇÃO - CLINICA PNEUMOLOGICA;1513
HJK;2019;7;UNIDADE INTERNAÇÃO - CLINICA TISIOLÓGICA;518
HJK;2019;7;UTI - NEONATAL E PEDIATRICO UTIN E UCIN;434
HJK;2019;7;UTI CTI;565
HJK;2019;8;ALOJAMENTO CONJUNTO;468
HJK;2019;8;UNIDADE DE URGENCIA - CLINICA MEDICA;1901
HJK;2019;8;UNIDADE INTERNAÇÃO - CLINICA CIRURGICA;852
HJK;2019;8;UNIDADE INTERNAÇÃO - CLINICA MÉDICA;1462
HJK;2019;8;UNIDADE INTERNAÇÃO - CLINICA PNEUMOLOGICA;1514
HJK;2019;8;UNIDADE INTERNAÇÃO - CLINICA TISIOLÓGICA;480
HJK;2019;8;UTI - NEONATAL E PEDIATRICO UTIN E UCIN;344
HJK;2019;8;UTI CTI;577
HJK;2019;9;ALOJAMENTO CONJUNTO;489
HJK;2019;9;UNIDADE DE URGENCIA - CLINICA MEDICA;1702
HJK;2019;9;UNIDADE INTERNAÇÃO - CLINICA CIRURGICA;823
HJK;2019;9;UNIDADE INTERNAÇÃO - CLINICA MÉDICA;1444
HJK;2019;9;UNIDADE INTERNAÇÃO - CLINICA PNEUMOLOGICA;1454
HJK;2019;9;UNIDADE INTERNAÇÃO - CLINICA TISIOLÓGICA;462
HJK;2019;9;UTI - NEONATAL E PEDIATRICO UTIN E UCIN;313
HJK;2019;9;UTI CTI;560
HJK;2019;10;ALOJAMENTO CONJUNTO;491
HJK;2019;10;UNIDADE DE URGENCIA - CLINICA MEDICA;1527
HJK;2019;10;UNIDADE INTERNAÇÃO - CLINICA CIRURGICA;766
HJK;2019;10;UNIDADE INTERNAÇÃO - CLINICA MÉDICA;1487
HJK;2019;10;UNIDADE INTERNAÇÃO - CLINICA PNEUMOLOGICA;1505
HJK;2019;10;UNIDADE INTERNAÇÃO - CLINICA TISIOLÓGICA;502
HJK;2019;10;UTI - NEONATAL E PEDIATRICO UTIN E UCIN;328
HJK;2019;10;UTI CTI;529
HJK;2019;11;ALOJAMENTO CONJUNTO;488
HJK;2019;11;BLOCO CIRURGICO;1
HJK;2019;11;UNIDADE DE URGENCIA - CLINICA MEDICA;1380
HJK;2019;11;UNIDADE INTERNAÇÃO - CLINICA CIRURGICA;822
HJK;2019;11;UNIDADE INTERNAÇÃO - CLINICA MÉDICA;1463
HJK;2019;11;UNIDADE INTERNAÇÃO - CLINICA PNEUMOLOGICA;1480
HJK;2019;11;UNIDADE INTERNAÇÃO - CLINICA TISIOLÓGICA;518
HJK;2019;11;UTI - NEONATAL E PEDIATRICO UTIN E UCIN;406
HJK;2019;11;UTI CTI;555
HJK;2019;12;ALOJAMENTO CONJUNTO;455
HJK;2019;12;UNIDADE DE URGENCIA - CLINICA MEDICA;1521
HJK;2019;12;UNIDADE INTERNAÇÃO - CLINICA CIRURGICA;730
HJK;2019;12;UNIDADE INTERNAÇÃO - CLINICA MÉDICA;1486
HJK;2019;12;UNIDADE INTERNAÇÃO - CLINICA PNEUMOLOGICA;1487
HJK;2019;12;UNIDADE INTERNAÇÃO - CLINICA TISIOLÓGICA;632
HJK;2019;12;UTI - NEONATAL E PEDIATRICO UTIN E UCIN;416
HJK;2019;12;UTI CTI;578
HJK;2020;1;ALOJAMENTO CONJUNTO;500
HJK;2020;1;UNIDADE DE URGENCIA - CLINICA MEDICA;1735
HJK;2020;1;UNIDADE INTERNAÇÃO - CLINICA CIRURGICA;830
HJK;2020;1;UNIDADE INTERNAÇÃO - CLINICA MÉDICA;1464
HJK;2020;1;UNIDADE INTERNAÇÃO - CLINICA PNEUMOLOGICA;1530
HJK;2020;1;UNIDADE INTERNAÇÃO - CLINICA TISIOLÓGICA;567
HJK;2020;1;UNIDADE URGENCIA/EMERGENCIA CLÍNICA MÉDICA - INTERNAÇÃO;56
HJK;2020;1;UTI - NEONATAL E PEDIATRICO UTIN E UCIN;425
HJK;2020;1;UTI CTI;550
HJK;2020;2;ALOJAMENTO CONJUNTO;408
HJK;2020;2;UNIDADE DE URGENCIA - CLINICA MEDICA;1162
HJK;2020;2;UNIDADE INTERNAÇÃO - CLINICA CIRURGICA;841
HJK;2020;2;UNIDADE INTERNAÇÃO - CLINICA MÉDICA;1424
HJK;2020;2;UNIDADE INTERNAÇÃO - CLINICA PNEUMOLOGICA;1450
HJK;2020;2;UNIDADE INTERNAÇÃO - CLINICA TISIOLÓGICA;466
HJK;2020;2;UNIDADE URGENCIA/EMERGENCIA CLÍNICA MÉDICA - INTERNAÇÃO;597
HJK;2020;2;UTI - NEONATAL E PEDIATRICO UTIN E UCIN;477
HJK;2020;2;UTI CTI;528
HJK;2020;3;ALOJAMENTO CONJUNTO;467
HJK;2020;3;UNIDADE DE URGENCIA - CLINICA MEDICA;720
HJK;2020;3;UNIDADE INTERNAÇÃO - CLINICA CIRURGICA;784
HJK;2020;3;UNIDADE INTERNAÇÃO - CLINICA MÉDICA;1410
HJK;2020;3;UNIDADE INTERNAÇÃO - CLINICA PNEUMOLOGICA;1332
HJK;2020;3;UNIDADE INTERNAÇÃO - CLINICA TISIOLÓGICA;552
HJK;2020;3;UNIDADE URGENCIA/EMERGENCIA CLÍNICA MÉDICA - INTERNAÇÃO;440
HJK;2020;3;UTI - NEONATAL E PEDIATRICO UTIN E UCIN;463
HJK;2020;3;UTI CTI;499
HJK;2020;4;ALOJAMENTO CONJUNTO;394
HJK;2020;4;UNIDADE DE URGENCIA - CLINICA MEDICA;142
HJK;2020;4;UNIDADE INTERNAÇÃO - CLINICA CIRURGICA;581
HJK;2020;4;UNIDADE INTERNAÇÃO - CLINICA MÉDICA;1104
HJK;2020;4;UNIDADE INTERNAÇÃO - CLINICA PNEUMOLOGICA;515
HJK;2020;4;UNIDADE INTERNAÇÃO - CLINICA TISIOLÓGICA;494
HJK;2020;4;UNIDADE URGENCIA/EMERGENCIA CLÍNICA MÉDICA - INTERNAÇÃO;203
HJK;2020;4;UTI - NEONATAL E PEDIATRICO UTIN E UCIN;381
HJK;2020;4;UTI CTI;380
HJK;2020;5;ALOJAMENTO CONJUNTO;438
HJK;2020;5;UNIDADE DE URGENCIA - CLINICA MEDICA;172
HJK;2020;5;UNIDADE INTERNAÇÃO - CLINICA CIRURGICA;772
HJK;2020;5;UNIDADE INTERNAÇÃO - CLINICA MÉDICA;1352
HJK;2020;5;UNIDADE INTERNAÇÃO - CLINICA PNEUMOLOGICA;963
HJK;2020;5;UNIDADE INTERNAÇÃO - CLINICA TISIOLÓGICA;465
HJK;2020;5;UNIDADE URGENCIA/EMERGENCIA CLÍNICA MÉDICA - INTERNAÇÃO;128
HJK;2020;5;UTI - NEONATAL E PEDIATRICO UTIN E UCIN;312
HJK;2020;5;UTI CTI;416
HJK;2020;6;ALOJAMENTO CONJUNTO;339
HJK;2020;6;UNIDADE DE URGENCIA - CLINICA MEDICA;243
HJK;2020;6;UNIDADE INTERNAÇÃO - CLINICA CIRURGICA;514
HJK;2020;6;UNIDADE INTERNAÇÃO - CLINICA MÉDICA;930
HJK;2020;6;UNIDADE INTERNAÇÃO - CLINICA PNEUMOLOGICA;754
HJK;2020;6;UNIDADE INTERNAÇÃO - CLINICA TISIOLÓGICA;383
HJK;2020;6;UNIDADE URGENCIA/EMERGENCIA CLÍNICA MÉDICA - INTERNAÇÃO;289
HJK;2020;6;UTI - NEONATAL E PEDIATRICO UTIN E UCIN;417
HJK;2020;6;UTI CTI;487
HJK;2020;7;ALOJAMENTO CONJUNTO;344
HJK;2020;7;UNIDADE DE URGENCIA - CLINICA MEDICA;8
HJK;2020;7;UNIDADE INTERNAÇÃO - CLINICA CIRURGICA;601
HJK;2020;7;UNIDADE INTERNAÇÃO - CLINICA MÉDICA;857
HJK;2020;7;UNIDADE INTERNAÇÃO - CLINICA PNEUMOLOGICA;1078
HJK;2020;7;UNIDADE INTERNAÇÃO - CLINICA TISIOLÓGICA;265
HJK;2020;7;UNIDADE URGENCIA/EMERGENCIA CLÍNICA MÉDICA - INTERNAÇÃO;8
HJK;2020;7;UTI - NEONATAL E PEDIATRICO UTIN E UCIN;433
HJK;2020;7;UTI COVID-19;857
HJK;2020;7;UTI CTI;241
HJK;2020;8;ALOJAMENTO CONJUNTO;361
HJK;2020;8;UNIDADE INTERNAÇÃO - CLINICA CIRURGICA;745
HJK;2020;8;UNIDADE INTERNAÇÃO - CLINICA MÉDICA;754
HJK;2020;8;UNIDADE INTERNAÇÃO - CLINICA PNEUMOLOGICA;707
HJK;2020;8;UNIDADE INTERNAÇÃO - CLINICA TISIOLÓGICA;322
HJK;2020;8;UTI - NEONATAL E PEDIATRICO UTIN E UCIN;449
HJK;2020;8;UTI COVID-19;751
HJK;2020;8;UTI CTI;254
HJK;2020;9;ALOJAMENTO CONJUNTO;332
HJK;2020;9;UNIDADE INTERNAÇÃO - CLINICA CIRURGICA;765
HJK;2020;9;UNIDADE INTERNAÇÃO - CLINICA MÉDICA;911
HJK;2020;9;UNIDADE INTERNAÇÃO - CLINICA PNEUMOLOGICA;781
HJK;2020;9;UNIDADE INTERNAÇÃO - CLINICA TISIOLÓGICA;400
HJK;2020;9;UTI - NEONATAL E PEDIATRICO UTIN E UCIN;332
HJK;2020;9;UTI COVID-19;650
HJK;2020;9;UTI CTI;255
HJK;2020;10;ALOJAMENTO CONJUNTO;367
HJK;2020;10;UNIDADE INTERNAÇÃO - CLINICA CIRURGICA;735
HJK;2020;10;UNIDADE INTERNAÇÃO - CLINICA MÉDICA;945
HJK;2020;10;UNIDADE INTERNAÇÃO - CLINICA PNEUMOLOGICA;651
HJK;2020;10;UNIDADE INTERNAÇÃO - CLINICA TISIOLÓGICA;495
HJK;2020;10;UTI - NEONATAL E PEDIATRICO UTIN E UCIN;353
HJK;2020;10;UTI COVID-19;540
HJK;2020;10;UTI CTI;212
HJK;2020;11;ALOJAMENTO CONJUNTO;352
HJK;2020;11;UNIDADE INTERNAÇÃO - CLINICA CIRURGICA;623
HJK;2020;11;UNIDADE INTERNAÇÃO - CLINICA MÉDICA;918
HJK;2020;11;UNIDADE INTERNAÇÃO - CLINICA PNEUMOLOGICA;855
HJK;2020;11;UNIDADE INTERNAÇÃO - CLINICA TISIOLÓGICA;464
HJK;2020;11;UTI - NEONATAL E PEDIATRICO UTIN E UCIN;275
HJK;2020;11;UTI COVID-19;529
HJK;2020;11;UTI CTI;233
HJK;2020;12;ALOJAMENTO CONJUNTO;355
HJK;2020;12;UNIDADE INTERNAÇÃO - CLINICA CIRURGICA;774
HJK;2020;12;UNIDADE INTERNAÇÃO - CLINICA MÉDICA;766
HJK;2020;12;UNIDADE INTERNAÇÃO - CLINICA PNEUMOLOGICA;925
HJK;2020;12;UNIDADE INTERNAÇÃO - CLINICA TISIOLÓGICA;417
HJK;2020;12;UTI - NEONATAL E PEDIATRICO UTIN E UCIN;354
HJK;2020;12;UTI COVID-19;709
HJK;2020;12;UTI CTI;241
HJK;2021;1;ALOJAMENTO CONJUNTO;330
HJK;2021;1;UNIDADE DE URGENCIA - CLINICA MEDICA;3
HJK;2021;1;UNIDADE INTERNAÇÃO - CLINICA CIRURGICA;827
HJK;2021;1;UNIDADE INTERNAÇÃO - CLINICA MÉDICA;793
HJK;2021;1;UNIDADE INTERNAÇÃO - CLINICA PNEUMOLOGICA;925
HJK;2021;1;UNIDADE INTERNAÇÃO - CLINICA TISIOLÓGICA;423
HJK;2021;1;UTI - NEONATAL E PEDIATRICO UTIN E UCIN;417
HJK;2021;1;UTI COVID-19;785
HJK;2021;1;UTI CTI;242
HJK;2021;2;ALOJAMENTO CONJUNTO;347
HJK;2021;2;UNIDADE DE URGENCIA - CLINICA MEDICA;70
HJK;2021;2;UNIDADE INTERNAÇÃO - CLINICA CIRURGICA;764
HJK;2021;2;UNIDADE INTERNAÇÃO - CLINICA MÉDICA;691
HJK;2021;2;UNIDADE INTERNAÇÃO - CLINICA PNEUMOLOGICA;708
HJK;2021;2;UNIDADE INTERNAÇÃO - CLINICA TISIOLÓGICA;376
HJK;2021;2;UTI - NEONATAL E PEDIATRICO UTIN E UCIN;415
HJK;2021;2;UTI COVID-19;795
HJK;2021;2;UTI CTI;249
HJK;2021;3;ALOJAMENTO CONJUNTO;418
HJK;2021;3;UNIDADE DE URGENCIA - CLINICA MEDICA;344
HJK;2021;3;UNIDADE INTERNAÇÃO - CLINICA CIRURGICA;637
HJK;2021;3;UNIDADE INTERNAÇÃO - CLINICA MÉDICA;956
HJK;2021;3;UNIDADE INTERNAÇÃO - CLINICA PNEUMOLOGICA;1263
HJK;2021;3;UNIDADE INTERNAÇÃO - CLINICA TISIOLÓGICA;586
HJK;2021;3;UTI - NEONATAL E PEDIATRICO UTIN E UCIN;425
HJK;2021;3;UTI COVID-19;1033
HJK;2021;3;UTI CTI;284
HJK;2021;4;ALOJAMENTO CONJUNTO;370
HJK;2021;4;UNIDADE DE URGENCIA - CLINICA MEDICA;405
HJK;2021;4;UNIDADE INTERNAÇÃO - CLINICA CIRURGICA;74
HJK;2021;4;UNIDADE INTERNAÇÃO - CLINICA MÉDICA;937
HJK;2021;4;UNIDADE INTERNAÇÃO - CLINICA PNEUMOLOGICA;1073
HJK;2021;4;UNIDADE INTERNAÇÃO - CLINICA TISIOLÓGICA;677
HJK;2021;4;UTI - ADULTO COVID-19 (CTI 03);196
HJK;2021;4;UTI - NEONATAL E PEDIATRICO UTIN E UCIN;383
HJK;2021;4;UTI COVID-19;1130
HJK;2021;4;UTI CTI;274
HJK;2021;5;ALOJAMENTO CONJUNTO;476
HJK;2021;5;UNIDADE DE URGENCIA - CLINICA MEDICA;359
HJK;2021;5;UNIDADE INTERNAÇÃO - CLINICA MÉDICA;768
HJK;2021;5;UNIDADE INTERNAÇÃO - CLINICA PNEUMOLOGICA;902
HJK;2021;5;UNIDADE INTERNAÇÃO - CLINICA TISIOLÓGICA;794
HJK;2021;5;UTI - ADULTO COVID-19 (CTI 03);68
HJK;2021;5;UTI - NEONATAL E PEDIATRICO UTIN E UCIN;369
HJK;2021;5;UTI COVID-19;1165
HJK;2021;5;UTI CTI;303
HJK;2021;6;ALOJAMENTO CONJUNTO;475
HJK;2021;6;UNIDADE DE URGENCIA - CLINICA MEDICA;377
HJK;2021;6;UNIDADE INTERNAÇÃO - CLINICA MÉDICA;725
HJK;2021;6;UNIDADE INTERNAÇÃO - CLINICA PNEUMOLOGICA;832
HJK;2021;6;UNIDADE INTERNAÇÃO - CLINICA TISIOLÓGICA;759
HJK;2021;6;UTI - NEONATAL E PEDIATRICO UTIN E UCIN;317
HJK;2021;6;UTI COVID-19;1002
HJK;2021;6;UTI CTI;262
HJK;2021;7;ALOJAMENTO CONJUNTO;437
HJK;2021;7;UNIDADE DE URGENCIA - CLINICA MEDICA;754
HJK;2021;7;UNIDADE INTERNAÇÃO - CLINICA CIRURGICA;418
HJK;2021;7;UNIDADE INTERNAÇÃO - CLINICA MÉDICA;756
HJK;2021;7;UNIDADE INTERNAÇÃO - CLINICA PNEUMOLOGICA;1005
HJK;2021;7;UNIDADE INTERNAÇÃO - CLINICA TISIOLÓGICA;293
HJK;2021;7;UTI - ADULTO COVID-19 (CTI 03);79
HJK;2021;7;UTI - NEONATAL E PEDIATRICO UTIN E UCIN;323
HJK;2021;7;UTI COVID-19;775
HJK;2021;7;UTI CTI;256
HJK;2021;8;ALOJAMENTO CONJUNTO;398
HJK;2021;8;UNIDADE DE URGENCIA - CLINICA MEDICA;900
HJK;2021;8;UNIDADE INTERNAÇÃO - CLINICA CIRURGICA;456
HJK;2021;8;UNIDADE INTERNAÇÃO - CLINICA MÉDICA;753
HJK;2021;8;UNIDADE INTERNAÇÃO - CLINICA PNEUMOLOGICA;494
HJK;2021;8;UNIDADE INTERNAÇÃO - CLINICA TISIOLÓGICA;393
HJK;2021;8;UTI - NEONATAL E PEDIATRICO UTIN E UCIN;283
HJK;2021;8;UTI COVID-19;613
HJK;2021;8;UTI CTI;259
HJK;2021;9;ALOJAMENTO CONJUNTO;320
HJK;2021;9;UNIDADE DE URGENCIA - CLINICA MEDICA;970
HJK;2021;9;UNIDADE INTERNAÇÃO - CLINICA CIRURGICA;255
HJK;2021;9;UNIDADE INTERNAÇÃO - CLINICA MÉDICA;461
HJK;2021;9;UNIDADE INTERNAÇÃO - CLINICA PNEUMOLOGICA;170
HJK;2021;9;UNIDADE INTERNAÇÃO - CLINICA TISIOLÓGICA;423
HJK;2021;9;UTI - NEONATAL E PEDIATRICO UTIN E UCIN;307
HJK;2021;9;UTI COVID-19;276
HJK;2021;9;UTI CTI;248
HJK;2021;10;ALOJAMENTO CONJUNTO;420
HJK;2021;10;UNIDADE DE URGENCIA - CLINICA MEDICA;1048
HJK;2021;10;UNIDADE INTERNAÇÃO - CLINICA CIRURGICA;387
HJK;2021;10;UNIDADE INTERNAÇÃO - CLINICA MÉDICA;834
HJK;2021;10;UNIDADE INTERNAÇÃO - CLINICA PNEUMOLOGICA;401
HJK;2021;10;UNIDADE INTERNAÇÃO - CLINICA TISIOLÓGICA;323
HJK;2021;10;UTI - ADULTO COVID-19 (CTI 03);6
HJK;2021;10;UTI - NEONATAL E PEDIATRICO UTIN E UCIN;362
HJK;2021;10;UTI COVID-19;299
HJK;2021;10;UTI CTI;247
HJK;2021;11;ALOJAMENTO CONJUNTO;307
HJK;2021;11;UNIDADE DE URGENCIA - CLINICA MEDICA;1028
HJK;2021;11;UNIDADE INTERNAÇÃO - CLINICA CIRURGICA;536
HJK;2021;11;UNIDADE INTERNAÇÃO - CLINICA MÉDICA;1156
HJK;2021;11;UNIDADE INTERNAÇÃO - CLINICA PNEUMOLOGICA;747
HJK;2021;11;UNIDADE INTERNAÇÃO - CLINICA TISIOLÓGICA;447
HJK;2021;11;UTI - NEONATAL E PEDIATRICO UTIN E UCIN;282
HJK;2021;11;UTI COVID-19;504
HJK;2021;11;UTI CTI;168
HJK;2021;12;ALOJAMENTO CONJUNTO;311
HJK;2021;12;UNIDADE DE URGENCIA - CLINICA MEDICA;904
HJK;2021;12;UNIDADE INTERNAÇÃO - CLINICA CIRURGICA;476
HJK;2021;12;UNIDADE INTERNAÇÃO - CLINICA MÉDICA;1227
HJK;2021;12;UNIDADE INTERNAÇÃO - CLINICA PNEUMOLOGICA;857
HJK;2021;12;UNIDADE INTERNAÇÃO - CLINICA TISIOLÓGICA;405
HJK;2021;12;UTI - NEONATAL E PEDIATRICO UTIN E UCIN;302
HJK;2021;12;UTI COVID-19;524
HJK;2021;12;UTI CTI;205
HJK;2022;1;ALOJAMENTO CONJUNTO;364
HJK;2022;1;UNIDADE DE URGENCIA - CLINICA MEDICA;707
HJK;2022;1;UNIDADE INTERNAÇÃO - CLINICA CIRURGICA;497
HJK;2022;1;UNIDADE INTERNAÇÃO - CLINICA MÉDICA;1087
HJK;2022;1;UNIDADE INTERNAÇÃO - CLINICA PNEUMOLOGICA;1049
HJK;2022;1;UNIDADE INTERNAÇÃO - CLINICA TISIOLÓGICA;581
HJK;2022;1;UTI - NEONATAL E PEDIATRICO UTIN E UCIN;378
HJK;2022;1;UTI COVID-19;480
HJK;2022;1;UTI CTI;263
HJK;2022;2;ALOJAMENTO CONJUNTO;284
HJK;2022;2;UNIDADE DE URGENCIA - CLINICA MEDICA;733
HJK;2022;2;UNIDADE INTERNAÇÃO - CLINICA CIRURGICA;636
HJK;2022;2;UNIDADE INTERNAÇÃO - CLINICA MÉDICA;541
HJK;2022;2;UNIDADE INTERNAÇÃO - CLINICA PNEUMOLOGICA;723
HJK;2022;2;UNIDADE INTERNAÇÃO - CLINICA TISIOLÓGICA;461
HJK;2022;2;UTI - NEONATAL E PEDIATRICO UTIN E UCIN;351
HJK;2022;2;UTI COVID-19;459
HJK;2022;2;UTI CTI;171
HJK;2022;3;ALOJAMENTO CONJUNTO;410
HJK;2022;3;UNIDADE DE URGENCIA - CLINICA MEDICA;949
HJK;2022;3;UNIDADE INTERNAÇÃO - CLINICA CIRURGICA;741
HJK;2022;3;UNIDADE INTERNAÇÃO - CLINICA MÉDICA;608
HJK;2022;3;UNIDADE INTERNAÇÃO - CLINICA PNEUMOLOGICA;470
HJK;2022;3;UNIDADE INTERNAÇÃO - CLINICA TISIOLÓGICA;415
HJK;2022;3;UTI - NEONATAL E PEDIATRICO UTIN E UCIN;378
HJK;2022;3;UTI COVID-19;298
HJK;2022;3;UTI CTI;140
HJK;2022;4;ALOJAMENTO CONJUNTO;399
HJK;2022;4;UNIDADE DE URGENCIA - CLINICA MEDICA;57
HJK;2022;4;UNIDADE INTERNAÇÃO - CLINICA CIRURGICA;856
HJK;2022;4;UNIDADE INTERNAÇÃO - CLINICA MÉDICA;1082
HJK;2022;4;UNIDADE INTERNAÇÃO - CLINICA PNEUMOLOGICA;861
HJK;2022;4;UNIDADE INTERNAÇÃO - CLINICA TISIOLÓGICA;327
HJK;2022;4;UTI - NEONATAL E PEDIATRICO UTIN E UCIN;267
HJK;2022;4;UTI COVID-19;222
HJK;2022;4;UTI CTI;177
HJK;2022;5;ALOJAMENTO CONJUNTO;362
HJK;2022;5;UCI - UNIDADE DE CUIDADO INTERMEDIARIO NEONATAL CONVENCIONAL;4
HJK;2022;5;UNIDADE DE URGENCIA - CLINICA MEDICA;1
HJK;2022;5;UNIDADE INTERNAÇÃO - CLINICA CIRURGICA;558
HJK;2022;5;UNIDADE INTERNAÇÃO - CLINICA MÉDICA;1094
HJK;2022;5;UNIDADE INTERNAÇÃO - CLINICA PNEUMOLOGICA;1109
HJK;2022;5;UNIDADE INTERNAÇÃO - CLINICA TISIOLÓGICA;473
HJK;2022;5;UNIDADE URGENCIA/EMERGENCIA;496
HJK;2022;5;UTI - ADULTO;231
HJK;2022;5;UTI - NEONATAL;5
HJK;2022;5;UTI - NEONATAL E PEDIATRICO UTIN E UCIN;314
HJK;2022;5;UTI COVID-19;189
HJK;2022;5;UTI CTI;25
HJK;2022;6;ALOJAMENTO CONJUNTO;308
HJK;2022;6;UCI - UNIDADE DE CUIDADO INTERMEDIARIO NEONATAL CONVENCIONAL;44
HJK;2022;6;UNIDADE INTERNAÇÃO - CLINICA CIRURGICA;490
HJK;2022;6;UNIDADE INTERNAÇÃO - CLINICA MÉDICA;1127
HJK;2022;6;UNIDADE INTERNAÇÃO - CLINICA PNEUMOLOGICA;1137
HJK;2022;6;UNIDADE INTERNAÇÃO - CLINICA TISIOLÓGICA;361
HJK;2022;6;UNIDADE URGENCIA/EMERGENCIA;764
HJK;2022;6;UTI - ADULTO;441
HJK;2022;6;UTI - NEONATAL;220
HJK;2022;7;ALOJAMENTO CONJUNTO;351
HJK;2022;7;UCI - UNIDADE DE CUIDADO INTERMEDIARIO NEONATAL CONVENCIONAL;115
HJK;2022;7;UNIDADE INTERNAÇÃO - CLINICA CIRURGICA;475
HJK;2022;7;UNIDADE INTERNAÇÃO - CLINICA MÉDICA;1256
HJK;2022;7;UNIDADE INTERNAÇÃO - CLINICA PNEUMOLOGICA;1108
HJK;2022;7;UNIDADE INTERNAÇÃO - CLINICA TISIOLÓGICA;370
HJK;2022;7;UNIDADE URGENCIA/EMERGENCIA;920
HJK;2022;7;UTI - ADULTO;442
HJK;2022;7;UTI - NEONATAL;266
HJK;2022;8;ALOJAMENTO CONJUNTO;330
HJK;2022;8;UCI - UNIDADE DE CUIDADO INTERMEDIARIO NEONATAL CONVENCIONAL;139
HJK;2022;8;UNIDADE INTERNAÇÃO - CLINICA CIRURGICA;526
HJK;2022;8;UNIDADE INTERNAÇÃO - CLINICA MÉDICA;1261
HJK;2022;8;UNIDADE INTERNAÇÃO - CLINICA PNEUMOLOGICA;1020
HJK;2022;8;UNIDADE INTERNAÇÃO - CLINICA TISIOLÓGICA;541
HJK;2022;8;UNIDADE URGENCIA/EMERGENCIA;1279
HJK;2022;8;UTI - ADULTO;267
HJK;2022;8;UTI - NEONATAL;268
HJK;2022;9;ALOJAMENTO CONJUNTO;376
HJK;2022;9;UCI - UNIDADE DE CUIDADO INTERMEDIARIO NEONATAL CONVENCIONAL;132
HJK;2022;9;UNIDADE INTERNAÇÃO - CLINICA CIRURGICA;476
HJK;2022;9;UNIDADE INTERNAÇÃO - CLINICA MÉDICA;1179
HJK;2022;9;UNIDADE INTERNAÇÃO - CLINICA PNEUMOLOGICA;1124
HJK;2022;9;UNIDADE INTERNAÇÃO - CLINICA TISIOLÓGICA;480
HJK;2022;9;UNIDADE URGENCIA/EMERGENCIA;1395
HJK;2022;9;UTI - ADULTO;276
HJK;2022;9;UTI - NEONATAL;255
HJK;2022;10;ALOJAMENTO CONJUNTO;345
HJK;2022;10;UCI - UNIDADE DE CUIDADO INTERMEDIARIO NEONATAL CONVENCIONAL;97
HJK;2022;10;UNIDADE INTERNAÇÃO - CLINICA CIRURGICA;549
HJK;2022;10;UNIDADE INTERNAÇÃO - CLINICA MÉDICA;1296
HJK;2022;10;UNIDADE INTERNAÇÃO - CLINICA PNEUMOLOGICA;1363
HJK;2022;10;UNIDADE INTERNAÇÃO - CLINICA TISIOLÓGICA;386
HJK;2022;10;UNIDADE URGENCIA/EMERGENCIA;1392
HJK;2022;10;UTI - ADULTO;289
HJK;2022;10;UTI - NEONATAL;210
HJK;2022;11;ALOJAMENTO CONJUNTO;395
HJK;2022;11;UCI - UNIDADE DE CUIDADO INTERMEDIARIO NEONATAL CONVENCIONAL;69
HJK;2022;11;UNIDADE INTERNAÇÃO - CLINICA CIRURGICA;536
HJK;2022;11;UNIDADE INTERNAÇÃO - CLINICA MÉDICA;1194
HJK;2022;11;UNIDADE INTERNAÇÃO - CLINICA PNEUMOLOGICA;1276
HJK;2022;11;UNIDADE INTERNAÇÃO - CLINICA TISIOLÓGICA;405
HJK;2022;11;UNIDADE URGENCIA/EMERGENCIA;1227
HJK;2022;11;UTI - ADULTO;264
HJK;2022;11;UTI - NEONATAL;201
HJK;2022;12;ALOJAMENTO CONJUNTO;423
HJK;2022;12;UCI - UNIDADE DE CUIDADO INTERMEDIARIO NEONATAL CONVENCIONAL;105
HJK;2022;12;UNIDADE INTERNAÇÃO - CLINICA CIRURGICA;501
HJK;2022;12;UNIDADE INTERNAÇÃO - CLINICA MÉDICA;1071
HJK;2022;12;UNIDADE INTERNAÇÃO - CLINICA PNEUMOLOGICA;1184
HJK;2022;12;UNIDADE INTERNAÇÃO - CLINICA TISIOLÓGICA;369
HJK;2022;12;UNIDADE URGENCIA/EMERGENCIA;1137
HJK;2022;12;UTI - ADULTO;286
HJK;2022;12;UTI - NEONATAL;206
HJK;2023;1;ALOJAMENTO CONJUNTO;313
HJK;2023;1;UCI - UNIDADE DE CUIDADO INTERMEDIARIO NEONATAL CONVENCIONAL;52
HJK;2023;1;UNIDADE INTERNAÇÃO - CLINICA CIRURGICA;537
HJK;2023;1;UNIDADE INTERNAÇÃO - CLINICA MÉDICA;1238
HJK;2023;1;UNIDADE INTERNAÇÃO - CLINICA PNEUMOLOGICA;1154
HJK;2023;1;UNIDADE INTERNAÇÃO - CLINICA TISIOLÓGICA;330
HJK;2023;1;UNIDADE URGENCIA/EMERGENCIA;1100
HJK;2023;1;UTI - ADULTO;268
HJK;2023;1;UTI - NEONATAL;211
HJK;2023;2;ALOJAMENTO CONJUNTO;379
HJK;2023;2;UCI - UNIDADE DE CUIDADO INTERMEDIARIO NEONATAL CONVENCIONAL;149
HJK;2023;2;UNIDADE INTERNAÇÃO - CLINICA CIRURGICA;473
HJK;2023;2;UNIDADE INTERNAÇÃO - CLINICA MÉDICA;1265
HJK;2023;2;UNIDADE INTERNAÇÃO - CLINICA PNEUMOLOGICA;1205
HJK;2023;2;UNIDADE INTERNAÇÃO - CLINICA TISIOLÓGICA;387
HJK;2023;2;UNIDADE URGENCIA/EMERGENCIA;1165
HJK;2023;2;UTI - ADULTO;248
HJK;2023;2;UTI - NEONATAL;257
HJK;2023;3;ALOJAMENTO CONJUNTO;459
HJK;2023;3;UCI - UNIDADE DE CUIDADO INTERMEDIARIO NEONATAL CONVENCIONAL;188
HJK;2023;3;UNIDADE INTERNAÇÃO - CLINICA CIRURGICA;571
HJK;2023;3;UNIDADE INTERNAÇÃO - CLINICA MÉDICA;1395
HJK;2023;3;UNIDADE INTERNAÇÃO - CLINICA PNEUMOLOGICA;1361
HJK;2023;3;UNIDADE INTERNAÇÃO - CLINICA TISIOLÓGICA;507
HJK;2023;3;UNIDADE URGENCIA/EMERGENCIA;1445
HJK;2023;3;UTI - ADULTO;352
HJK;2023;3;UTI - NEONATAL;265
HJK;2023;4;ALOJAMENTO CONJUNTO;441
HJK;2023;4;UCI - UNIDADE DE CUIDADO INTERMEDIARIO NEONATAL CONVENCIONAL;95
HJK;2023;4;UNIDADE INTERNAÇÃO - CLINICA CIRURGICA;581
HJK;2023;4;UNIDADE INTERNAÇÃO - CLINICA MÉDICA;1361
HJK;2023;4;UNIDADE INTERNAÇÃO - CLINICA PNEUMOLOGICA;1250
HJK;2023;4;UNIDADE INTERNAÇÃO - CLINICA TISIOLÓGICA;584
HJK;2023;4;UNIDADE URGENCIA/EMERGENCIA;1416
HJK;2023;4;UTI - ADULTO;515
HJK;2023;4;UTI - NEONATAL;196
HJK;2023;5;ALOJAMENTO CONJUNTO;413
HJK;2023;5;UCI - UNIDADE DE CUIDADO INTERMEDIARIO NEONATAL CONVENCIONAL;152
HJK;2023;5;UNIDADE INTERNAÇÃO - CLINICA CIRURGICA;567
HJK;2023;5;UNIDADE INTERNAÇÃO - CLINICA MÉDICA;1364
HJK;2023;5;UNIDADE INTERNAÇÃO - CLINICA PNEUMOLOGICA;1310
HJK;2023;5;UNIDADE INTERNAÇÃO - CLINICA TISIOLÓGICA;609
HJK;2023;5;UNIDADE URGENCIA/EMERGENCIA;1475
HJK;2023;5;UTI - ADULTO;557
HJK;2023;5;UTI - NEONATAL;231
HJK;2023;6;ALOJAMENTO CONJUNTO;367
HJK;2023;6;UCI - UNIDADE DE CUIDADO INTERMEDIARIO NEONATAL CONVENCIONAL;115
HJK;2023;6;UNIDADE INTERNAÇÃO - CLINICA CIRURGICA;540
HJK;2023;6;UNIDADE INTERNAÇÃO - CLINICA MÉDICA;1307
HJK;2023;6;UNIDADE INTERNAÇÃO - CLINICA PNEUMOLOGICA;1357
HJK;2023;6;UNIDADE INTERNAÇÃO - CLINICA TISIOLÓGICA;561
HJK;2023;6;UNIDADE URGENCIA/EMERGENCIA;1323
HJK;2023;6;UTI - ADULTO;519
HJK;2023;6;UTI - NEONATAL;194
HJK;2023;7;ALOJAMENTO CONJUNTO;426
HJK;2023;7;UCI - UNIDADE DE CUIDADO INTERMEDIARIO NEONATAL CONVENCIONAL;108
HJK;2023;7;UNIDADE INTERNAÇÃO - CLINICA CIRURGICA;556
HJK;2023;7;UNIDADE INTERNAÇÃO - CLINICA MÉDICA;1420
HJK;2023;7;UNIDADE INTERNAÇÃO - CLINICA PNEUMOLOGICA;1470
HJK;2023;7;UNIDADE INTERNAÇÃO - CLINICA TISIOLÓGICA;611
HJK;2023;7;UNIDADE URGENCIA/EMERGENCIA;1487
HJK;2023;7;UTI - ADULTO;571
HJK;2023;7;UTI - NEONATAL;214
HJK;2023;8;ALOJAMENTO CONJUNTO;465
HJK;2023;8;UCI - UNIDADE DE CUIDADO INTERMEDIARIO NEONATAL CONVENCIONAL;171
HJK;2023;8;UNIDADE INTERNAÇÃO - CLINICA CIRURGICA;530
HJK;2023;8;UNIDADE INTERNAÇÃO - CLINICA MÉDICA;1439
HJK;2023;8;UNIDADE INTERNAÇÃO - CLINICA PNEUMOLOGICA;1403
HJK;2023;8;UNIDADE INTERNAÇÃO - CLINICA TISIOLÓGICA;530
HJK;2023;8;UNIDADE URGENCIA/EMERGENCIA;1498
HJK;2023;8;UTI - ADULTO;708
HJK;2023;8;UTI - NEONATAL;265
HJK;2023;9;ALOJAMENTO CONJUNTO;389
HJK;2023;9;UCI - UNIDADE DE CUIDADO INTERMEDIARIO NEONATAL CONVENCIONAL;160
HJK;2023;9;UNIDADE INTERNAÇÃO - CLINICA CIRURGICA;858
HJK;2023;9;UNIDADE INTERNAÇÃO - CLINICA MÉDICA;1367
HJK;2023;9;UNIDADE INTERNAÇÃO - CLINICA PNEUMOLOGICA;1418
HJK;2023;9;UNIDADE INTERNAÇÃO - CLINICA TISIOLÓGICA;611
HJK;2023;9;UNIDADE URGENCIA/EMERGENCIA;1421
HJK;2023;9;UTI - ADULTO;793
HJK;2023;9;UTI - NEONATAL;231
HJK;2023;10;ALOJAMENTO CONJUNTO;413
HJK;2023;10;UCI - UNIDADE DE CUIDADO INTERMEDIARIO NEONATAL CONVENCIONAL;186
HJK;2023;10;UNIDADE INTERNAÇÃO - CLINICA CIRURGICA;817
HJK;2023;10;UNIDADE INTERNAÇÃO - CLINICA MÉDICA;1368
HJK;2023;10;UNIDADE INTERNAÇÃO - CLINICA PNEUMOLOGICA;1397
HJK;2023;10;UNIDADE INTERNAÇÃO - CLINICA TISIOLÓGICA;786
HJK;2023;10;UNIDADE URGENCIA/EMERGENCIA;1436
HJK;2023;10;UTI - ADULTO;790
HJK;2023;10;UTI - NEONATAL;274
HJK;2023;11;ALOJAMENTO CONJUNTO;470
HJK;2023;11;UCI - UNIDADE DE CUIDADO INTERMEDIARIO NEONATAL CONVENCIONAL;122
HJK;2023;11;UNIDADE INTERNAÇÃO - CLINICA CIRURGICA;814
HJK;2023;11;UNIDADE INTERNAÇÃO - CLINICA MÉDICA;1383
HJK;2023;11;UNIDADE INTERNAÇÃO - CLINICA PNEUMOLOGICA;1340
HJK;2023;11;UNIDADE INTERNAÇÃO - CLINICA TISIOLÓGICA;571
HJK;2023;11;UNIDADE URGENCIA/EMERGENCIA;1375
HJK;2023;11;UTI - ADULTO;796
HJK;2023;11;UTI - NEONATAL;196
HJK;2023;12;ALOJAMENTO CONJUNTO;492
HJK;2023;12;UCI - UNIDADE DE CUIDADO INTERMEDIARIO NEONATAL CONVENCIONAL;152
HJK;2023;12;UNIDADE INTERNAÇÃO - CLINICA CIRURGICA;622
HJK;2023;12;UNIDADE INTERNAÇÃO - CLINICA MÉDICA;1394
HJK;2023;12;UNIDADE INTERNAÇÃO - CLINICA PNEUMOLOGICA;1196
HJK;2023;12;UNIDADE INTERNAÇÃO - CLINICA TISIOLÓGICA;579
HJK;2023;12;UNIDADE URGENCIA/EMERGENCIA;1465
HJK;2023;12;UTI - ADULTO;815
HJK;2023;12;UTI - NEONATAL;236
HJK;2024;1;ALOJAMENTO CONJUNTO;412
HJK;2024;1;UCI - UNIDADE DE CUIDADO INTERMEDIARIO NEONATAL CONVENCIONAL;137
HJK;2024;1;UNIDADE INTERNAÇÃO - CLINICA CIRURGICA;811
HJK;2024;1;UNIDADE INTERNAÇÃO - CLINICA MÉDICA;1385
HJK;2024;1;UNIDADE INTERNAÇÃO - CLINICA PNEUMOLOGICA;1150
HJK;2024;1;UNIDADE INTERNAÇÃO - CLINICA TISIOLÓGICA;498
HJK;2024;1;UNIDADE URGENCIA/EMERGENCIA;1302
HJK;2024;1;UTI - ADULTO;820
HJK;2024;1;UTI - NEONATAL;277
HJK;2024;2;ALOJAMENTO CONJUNTO;454
HJK;2024;2;UCI - UNIDADE DE CUIDADO INTERMEDIARIO NEONATAL CONVENCIONAL;227
HJK;2024;2;UNIDADE INTERNAÇÃO - CLINICA CIRURGICA;893
HJK;2024;2;UNIDADE INTERNAÇÃO - CLINICA MÉDICA;1346
HJK;2024;2;UNIDADE INTERNAÇÃO - CLINICA PNEUMOLOGICA;1186
HJK;2024;2;UNIDADE INTERNAÇÃO - CLINICA TISIOLÓGICA;424
HJK;2024;2;UNIDADE URGENCIA/EMERGENCIA;1855
HJK;2024;2;UTI - ADULTO;808
HJK;2024;2;UTI - NEONATAL;288
HJK;2024;3;ALOJAMENTO CONJUNTO;581
HJK;2024;3;BLOCO CIRURGICO;2
HJK;2024;3;UCI - UNIDADE DE CUIDADO INTERMEDIARIO NEONATAL CONVENCIONAL;284
HJK;2024;3;UNIDADE INTERNAÇÃO - CLINICA CIRURGICA;1138
HJK;2024;3;UNIDADE INTERNAÇÃO - CLINICA MÉDICA;1471
HJK;2024;3;UNIDADE INTERNAÇÃO - CLINICA PNEUMOLOGICA;1294
HJK;2024;3;UNIDADE INTERNAÇÃO - CLINICA TISIOLÓGICA;742
HJK;2024;3;UNIDADE URGENCIA/EMERGENCIA;2132
HJK;2024;3;UTI - ADULTO;872
HJK;2024;3;UTI - NEONATAL;315
HJK;2024;4;ALOJAMENTO CONJUNTO;507
HJK;2024;4;UCI - UNIDADE DE CUIDADO INTERMEDIARIO NEONATAL CONVENCIONAL;144
HJK;2024;4;UNIDADE INTERNAÇÃO - CLINICA CIRURGICA;1069
HJK;2024;4;UNIDADE INTERNAÇÃO - CLINICA MÉDICA;1405
HJK;2024;4;UNIDADE INTERNAÇÃO - CLINICA PNEUMOLOGICA;1279
HJK;2024;4;UNIDADE INTERNAÇÃO - CLINICA TISIOLÓGICA;810
HJK;2024;4;UNIDADE URGENCIA/EMERGENCIA;2337
HJK;2024;4;UTI - ADULTO;844
HJK;2024;4;UTI - NEONATAL;281
HJK;2024;5;ALOJAMENTO CONJUNTO;518
HJK;2024;5;UCI - UNIDADE DE CUIDADO INTERMEDIARIO NEONATAL CONVENCIONAL;125
HJK;2024;5;UNIDADE INTERNAÇÃO - CLINICA CIRURGICA;979
HJK;2024;5;UNIDADE INTERNAÇÃO - CLINICA MÉDICA;1475
HJK;2024;5;UNIDADE INTERNAÇÃO - CLINICA PNEUMOLOGICA;1314
HJK;2024;5;UNIDADE INTERNAÇÃO - CLINICA TISIOLÓGICA;802
HJK;2024;5;UNIDADE URGENCIA/EMERGENCIA;1956
HJK;2024;5;UTI - ADULTO;823
HJK;2024;5;UTI - NEONATAL;273
HJK;2024;6;ALOJAMENTO CONJUNTO;419
HJK;2024;6;UCI - UNIDADE DE CUIDADO INTERMEDIARIO NEONATAL CONVENCIONAL;141
HJK;2024;6;UNIDADE INTERNAÇÃO - CLINICA CIRURGICA;1017
HJK;2024;6;UNIDADE INTERNAÇÃO - CLINICA MÉDICA;1402
HJK;2024;6;UNIDADE INTERNAÇÃO - CLINICA PNEUMOLOGICA;1307
HJK;2024;6;UNIDADE INTERNAÇÃO - CLINICA TISIOLÓGICA;650
HJK;2024;6;UNIDADE URGENCIA/EMERGENCIA;1731
HJK;2024;6;UTI - ADULTO;829
HJK;2024;6;UTI - NEONATAL;250
HJK;2024;7;ALOJAMENTO CONJUNTO;436
HJK;2024;7;BLOCO CIRURGICO;1
HJK;2024;7;UCI - UNIDADE DE CUIDADO INTERMEDIARIO NEONATAL CONVENCIONAL;246
HJK;2024;7;UNIDADE INTERNAÇÃO - CLINICA CIRURGICA;848
HJK;2024;7;UNIDADE INTERNAÇÃO - CLINICA MÉDICA;1451
HJK;2024;7;UNIDADE INTERNAÇÃO - CLINICA PNEUMOLOGICA;1344
HJK;2024;7;UNIDADE INTERNAÇÃO - CLINICA TISIOLÓGICA;870
HJK;2024;7;UNIDADE URGENCIA/EMERGENCIA;1747
HJK;2024;7;UTI - ADULTO;827
HJK;2024;7;UTI - NEONATAL;262
HJK;2024;8;ALOJAMENTO CONJUNTO;409
HJK;2024;8;BLOCO CIRURGICO;1
HJK;2024;8;UCI - UNIDADE DE CUIDADO INTERMEDIARIO NEONATAL CONVENCIONAL;227
HJK;2024;8;UNIDADE INTERNAÇÃO - CLINICA CIRURGICA;885
HJK;2024;8;UNIDADE INTERNAÇÃO - CLINICA MÉDICA;1463
HJK;2024;8;UNIDADE INTERNAÇÃO - CLINICA PNEUMOLOGICA;1284
HJK;2024;8;UNIDADE INTERNAÇÃO - CLINICA TISIOLÓGICA;923
HJK;2024;8;UNIDADE URGENCIA/EMERGENCIA;1911
HJK;2024;8;UTI - ADULTO;858
HJK;2024;8;UTI - NEONATAL;196
HJK;2024;9;ALOJAMENTO CONJUNTO;348
HJK;2024;9;UCI - UNIDADE DE CUIDADO INTERMEDIARIO NEONATAL CONVENCIONAL;138
HJK;2024;9;UNIDADE INTERNAÇÃO - CLINICA CIRURGICA;807
HJK;2024;9;UNIDADE INTERNAÇÃO - CLINICA MÉDICA;1437
HJK;2024;9;UNIDADE INTERNAÇÃO - CLINICA PNEUMOLOGICA;1281
HJK;2024;9;UNIDADE INTERNAÇÃO - CLINICA TISIOLÓGICA;903
HJK;2024;9;UNIDADE URGENCIA/EMERGENCIA;1768
HJK;2024;9;UTI - ADULTO;809
HJK;2024;9;UTI - NEONATAL;168
HJK;2024;10;ALOJAMENTO CONJUNTO;496
HJK;2024;10;UCI - UNIDADE DE CUIDADO INTERMEDIARIO NEONATAL CONVENCIONAL;187
HJK;2024;10;UNIDADE INTERNAÇÃO - CLINICA CIRURGICA;992
HJK;2024;10;UNIDADE INTERNAÇÃO - CLINICA MÉDICA;1477
HJK;2024;10;UNIDADE INTERNAÇÃO - CLINICA PNEUMOLOGICA;1340
HJK;2024;10;UNIDADE INTERNAÇÃO - CLINICA TISIOLÓGICA;878
HJK;2024;10;UNIDADE URGENCIA/EMERGENCIA;1888
HJK;2024;10;UTI - ADULTO;820
HJK;2024;10;UTI - NEONATAL;229
HJK;2024;11;ALOJAMENTO CONJUNTO;418
HJK;2024;11;UCI - UNIDADE DE CUIDADO INTERMEDIARIO NEONATAL CONVENCIONAL;110
HJK;2024;11;UNIDADE INTERNAÇÃO - CLINICA CIRURGICA;944
HJK;2024;11;UNIDADE INTERNAÇÃO - CLINICA MÉDICA;1393
HJK;2024;11;UNIDADE INTERNAÇÃO - CLINICA PNEUMOLOGICA;1247
HJK;2024;11;UNIDADE INTERNAÇÃO - CLINICA TISIOLÓGICA;836
HJK;2024;11;UNIDADE URGENCIA/EMERGENCIA;1764
HJK;2024;11;UTI - ADULTO;823
HJK;2024;11;UTI - NEONATAL;220
HJK;2024;12;ALOJAMENTO CONJUNTO;561
HJK;2024;12;UCI - UNIDADE DE CUIDADO INTERMEDIARIO NEONATAL CONVENCIONAL;248
HJK;2024;12;UNIDADE INTERNAÇÃO - CLINICA CIRURGICA;706
HJK;2024;12;UNIDADE INTERNAÇÃO - CLINICA MÉDICA;1451
HJK;2024;12;UNIDADE INTERNAÇÃO - CLINICA PNEUMOLOGICA;1272
HJK;2024;12;UNIDADE INTERNAÇÃO - CLINICA TISIOLÓGICA;735
HJK;2024;12;UNIDADE URGENCIA/EMERGENCIA;1712
HJK;2024;12;UTI - ADULTO;824
HJK;2024;12;UTI - NEONATAL;237
HJK;2025;1;ALOJAMENTO CONJUNTO;596
HJK;2025;1;UCI - UNIDADE DE CUIDADO INTERMEDIARIO NEONATAL CONVENCIONAL;181
HJK;2025;1;UNIDADE INTERNAÇÃO - CLINICA CIRURGICA;868
HJK;2025;1;UNIDADE INTERNAÇÃO - CLINICA MÉDICA;1381
HJK;2025;1;UNIDADE INTERNAÇÃO - CLINICA PNEUMOLOGICA;1308
HJK;2025;1;UNIDADE INTERNAÇÃO - CLINICA TISIOLÓGICA;906
HJK;2025;1;UNIDADE URGENCIA/EMERGENCIA;1953
HJK;2025;1;UTI - ADULTO;859
HJK;2025;1;UTI - NEONATAL;227
HJK;2025;2;ALOJAMENTO CONJUNTO;575
HJK;2025;2;BLOCO CIRURGICO;1
HJK;2025;2;UCI - UNIDADE DE CUIDADO INTERMEDIARIO NEONATAL CONVENCIONAL;132
HJK;2025;2;UNIDADE INTERNAÇÃO - CLINICA CIRURGICA;870
HJK;2025;2;UNIDADE INTERNAÇÃO - CLINICA MÉDICA;1315
HJK;2025;2;UNIDADE INTERNAÇÃO - CLINICA PNEUMOLOGICA;1208
HJK;2025;2;UNIDADE INTERNAÇÃO - CLINICA TISIOLÓGICA;806
HJK;2025;2;UNIDADE URGENCIA/EMERGENCIA;1769
HJK;2025;2;UTI - ADULTO;777
HJK;2025;2;UTI - NEONATAL;193
HJK;2025;3;ALOJAMENTO CONJUNTO;693
HJK;2025;3;UCI - UNIDADE DE CUIDADO INTERMEDIARIO NEONATAL CONVENCIONAL;265
HJK;2025;3;UNIDADE INTERNAÇÃO - CLINICA CIRURGICA;829
HJK;2025;3;UNIDADE INTERNAÇÃO - CLINICA MÉDICA;1452
HJK;2025;3;UNIDADE INTERNAÇÃO - CLINICA PNEUMOLOGICA;1253
HJK;2025;3;UNIDADE INTERNAÇÃO - CLINICA TISIOLÓGICA;851
HJK;2025;3;UNIDADE URGENCIA/EMERGENCIA;2024
HJK;2025;3;UTI - ADULTO;841
HJK;2025;3;UTI - NEONATAL;329
HJK;2025;4;ALOJAMENTO CONJUNTO;690
HJK;2025;4;BLOCO CIRURGICO;1
HJK;2025;4;UCI - UNIDADE DE CUIDADO INTERMEDIARIO NEONATAL CONVENCIONAL;186
HJK;2025;4;UNIDADE INTERNAÇÃO - CLINICA CIRURGICA;680
HJK;2025;4;UNIDADE INTERNAÇÃO - CLINICA MÉDICA;1409
HJK;2025;4;UNIDADE INTERNAÇÃO - CLINICA PNEUMOLOGICA;1265
HJK;2025;4;UNIDADE INTERNAÇÃO - CLINICA TISIOLÓGICA;864
HJK;2025;4;UNIDADE URGENCIA/EMERGENCIA;1963
HJK;2025;4;UTI - ADULTO;789
HJK;2025;4;UTI - NEONATAL;278
HJK;2025;5;ALOJAMENTO CONJUNTO;658
HJK;2025;5;UCI - UNIDADE DE CUIDADO INTERMEDIARIO NEONATAL CONVENCIONAL;139
HJK;2025;5;UNIDADE INTERNAÇÃO - CLINICA CIRURGICA;928
HJK;2025;5;UNIDADE INTERNAÇÃO - CLINICA MÉDICA;1398
HJK;2025;5;UNIDADE INTERNAÇÃO - CLINICA PNEUMOLOGICA;1341
HJK;2025;5;UNIDADE INTERNAÇÃO - CLINICA TISIOLÓGICA;839
HJK;2025;5;UNIDADE URGENCIA/EMERGENCIA;2252
HJK;2025;5;UTI - ADULTO;935
HJK;2025;5;UTI - NEONATAL;472
HJK;2025;6;ALOJAMENTO CONJUNTO;591
HJK;2025;6;UCI - UNIDADE DE CUIDADO INTERMEDIARIO NEONATAL CONVENCIONAL;53
HJK;2025;6;UNIDADE INTERNAÇÃO - CLINICA CIRURGICA;974
HJK;2025;6;UNIDADE INTERNAÇÃO - CLINICA MÉDICA;1429
HJK;2025;6;UNIDADE INTERNAÇÃO - CLINICA PNEUMOLOGICA;1308
HJK;2025;6;UNIDADE INTERNAÇÃO - CLINICA TISIOLÓGICA;837
HJK;2025;6;UNIDADE URGENCIA/EMERGENCIA;2035
HJK;2025;6;UTI - ADULTO;1113
HJK;2025;6;UTI - NEONATAL;509
HJK;2025;7;ALOJAMENTO CONJUNTO;614
HJK;2025;7;UCI - UNIDADE DE CUIDADO INTERMEDIARIO NEONATAL CONVENCIONAL;55
HJK;2025;7;UNIDADE INTERNAÇÃO - CLINICA CIRURGICA;881
HJK;2025;7;UNIDADE INTERNAÇÃO - CLINICA MÉDICA;1502
HJK;2025;7;UNIDADE INTERNAÇÃO - CLINICA PNEUMOLOGICA;1356
HJK;2025;7;UNIDADE INTERNAÇÃO - CLINICA TISIOLÓGICA;938
HJK;2025;7;UNIDADE URGENCIA/EMERGENCIA;2153
HJK;2025;7;UTI - ADULTO;1156
HJK;2025;7;UTI - NEONATAL;380
HJK;2025;8;ALOJAMENTO CONJUNTO;627
HJK;2025;8;UCI - UNIDADE DE CUIDADO INTERMEDIARIO NEONATAL CANGURU;39
HJK;2025;8;UCI - UNIDADE DE CUIDADO INTERMEDIARIO NEONATAL CONVENCIONAL;108
HJK;2025;8;UNIDADE INTERNAÇÃO - CLINICA CIRURGICA;820
HJK;2025;8;UNIDADE INTERNAÇÃO - CLINICA MÉDICA;1493
HJK;2025;8;UNIDADE INTERNAÇÃO - CLINICA PNEUMOLOGICA;1346
HJK;2025;8;UNIDADE INTERNAÇÃO - CLINICA TISIOLÓGICA;995
HJK;2025;8;UNIDADE URGENCIA/EMERGENCIA;2185
HJK;2025;8;UTI - ADULTO;1171
HJK;2025;8;UTI - NEONATAL;189
HJK;2025;9;ALOJAMENTO CONJUNTO;592
HJK;2025;9;UCI - UNIDADE DE CUIDADO INTERMEDIARIO NEONATAL CANGURU;57
HJK;2025;9;UCI - UNIDADE DE CUIDADO INTERMEDIARIO NEONATAL CONVENCIONAL;151
HJK;2025;9;UNIDADE INTERNAÇÃO - CLINICA CIRURGICA;825
HJK;2025;9;UNIDADE INTERNAÇÃO - CLINICA MÉDICA;1445
HJK;2025;9;UNIDADE INTERNAÇÃO - CLINICA PNEUMOLOGICA;1272
HJK;2025;9;UNIDADE INTERNAÇÃO - CLINICA TISIOLÓGICA;924
HJK;2025;9;UNIDADE URGENCIA/EMERGENCIA;2173
HJK;2025;9;UTI - ADULTO;1118
HJK;2025;9;UTI - NEONATAL;219
HJK;2025;10;ALOJAMENTO CONJUNTO;538
HJK;2025;10;UCI - UNIDADE DE CUIDADO INTERMEDIARIO NEONATAL CANGURU;75
HJK;2025;10;UCI - UNIDADE DE CUIDADO INTERMEDIARIO NEONATAL CONVENCIONAL;134
HJK;2025;10;UNIDADE INTERNAÇÃO - CLINICA CIRURGICA;761
HJK;2025;10;UNIDADE INTERNAÇÃO - CLINICA MÉDICA;1484
HJK;2025;10;UNIDADE INTERNAÇÃO - CLINICA PNEUMOLOGICA;1284
HJK;2025;10;UNIDADE INTERNAÇÃO - CLINICA TISIOLÓGICA;909
HJK;2025;10;UNIDADE URGENCIA/EMERGENCIA;2069
HJK;2025;10;UTI - ADULTO;1117
HJK;2025;10;UTI - NEONATAL;206
HJK;2025;11;ALOJAMENTO CONJUNTO;438
HJK;2025;11;UCI - UNIDADE DE CUIDADO INTERMEDIARIO NEONATAL CANGURU;72
HJK;2025;11;UCI - UNIDADE DE CUIDADO INTERMEDIARIO NEONATAL CONVENCIONAL;109
HJK;2025;11;UNIDADE INTERNAÇÃO - CLINICA CIRURGICA;731
HJK;2025;11;UNIDADE INTERNAÇÃO - CLINICA MÉDICA;1439
HJK;2025;11;UNIDADE INTERNAÇÃO - CLINICA PNEUMOLOGICA;1243
HJK;2025;11;UNIDADE INTERNAÇÃO - CLINICA TISIOLÓGICA;949
HJK;2025;11;UNIDADE URGENCIA/EMERGENCIA;2079
HJK;2025;11;UTI - ADULTO;1118
HJK;2025;11;UTI - NEONATAL;197
HJK;2025;12;ALOJAMENTO CONJUNTO;546
HJK;2025;12;BLOCO CIRURGICO;2
HJK;2025;12;UCI - UNIDADE DE CUIDADO INTERMEDIARIO NEONATAL CANGURU;107
HJK;2025;12;UCI - UNIDADE DE CUIDADO INTERMEDIARIO NEONATAL CONVENCIONAL;127
HJK;2025;12;UNIDADE INTERNAÇÃO - CLINICA CIRURGICA;755
HJK;2025;12;UNIDADE INTERNAÇÃO - CLINICA MÉDICA;1474
HJK;2025;12;UNIDADE INTERNAÇÃO - CLINICA PNEUMOLOGICA;1314
HJK;2025;12;UNIDADE INTERNAÇÃO - CLINICA TISIOLÓGICA;933
HJK;2025;12;UNIDADE URGENCIA/EMERGENCIA;2028
HJK;2025;12;UTI - ADULTO;1144
HJK;2025;12;UTI - NEONATAL;256
HJK;2026;1;ALOJAMENTO CONJUNTO;577
HJK;2026;1;UCI - UNIDADE DE CUIDADO INTERMEDIARIO NEONATAL CANGURU;107
HJK;2026;1;UCI - UNIDADE DE CUIDADO INTERMEDIARIO NEONATAL CONVENCIONAL;141
HJK;2026;1;UNIDADE INTERNAÇÃO - CLINICA CIRURGICA;951
HJK;2026;1;UNIDADE INTERNAÇÃO - CLINICA MÉDICA;1374
HJK;2026;1;UNIDADE INTERNAÇÃO - CLINICA PNEUMOLOGICA;1288
HJK;2026;1;UNIDADE INTERNAÇÃO - CLINICA TISIOLÓGICA;985
HJK;2026;1;UNIDADE URGENCIA/EMERGENCIA;2283
HJK;2026;1;UTI - ADULTO;1105
HJK;2026;1;UTI - NEONATAL;271
HJK;2026;2;ALOJAMENTO CONJUNTO;579
HJK;2026;2;CLINICA CIRÚRGICA - ALA A;152
HJK;2026;2;CLINICA MEDICA - ALA C;235
HJK;2026;2;CLINICA MÉDICA - ALA E;158
HJK;2026;2;CLINICA MÉDICA - ALA G;110
HJK;2026;2;CLINICA PNEUMOLÓGICA - ALA D;208
HJK;2026;2;CLINICA TISIOLÓGICA - ALA G;36
HJK;2026;2;PRÉ PARTO / PPP;15
HJK;2026;2;UCI - UNIDADE DE CUIDADO INTERMEDIARIO NEONATAL CANGURU;92
HJK;2026;2;UCI - UNIDADE DE CUIDADO INTERMEDIARIO NEONATAL CONVENCIONAL;95
HJK;2026;2;UCINCA - UNIDADE DE CUIDADO INTERMEDIÁRIO NEONATAL CANGURU;15
HJK;2026;2;UCINCO - UNIDADE DE CUIDADO INTERMEDIÁRIO NEONATAL CONVENCIONAL;14
HJK;2026;2;UE - INTERNAÇÃO SALA DE EMERGÊNCIA;21
HJK;2026;2;UE - INTERNAÇÃO SALA DE MEDICAÇÃO;52
HJK;2026;2;UE - INTERNAÇÃO UDC-CRD;132
HJK;2026;2;UNIDADE INTERNAÇÃO - CLINICA CIRURGICA;687
HJK;2026;2;UNIDADE INTERNAÇÃO - CLINICA MÉDICA;1031
HJK;2026;2;UNIDADE INTERNAÇÃO - CLINICA PNEUMOLOGICA;935
HJK;2026;2;UNIDADE INTERNAÇÃO - CLINICA TISIOLÓGICA;714
HJK;2026;2;UNIDADE URGENCIA/EMERGENCIA;1739
HJK;2026;2;UTI - ADULTO;979
HJK;2026;2;UTI - NEONATAL;234
HJK;2026;3;ALOJAMENTO CONJUNTO;662
HJK;2026;3;CLINICA CIRÚRGICA - ALA A;1093
HJK;2026;3;CLINICA MEDICA - ALA C;1441
HJK;2026;3;CLINICA MÉDICA - ALA E;1012
HJK;2026;3;CLINICA MÉDICA - ALA G;720
HJK;2026;3;CLINICA PNEUMOLÓGICA - ALA D;1363
HJK;2026;3;CLINICA TISIOLÓGICA - ALA G;269
HJK;2026;3;PRÉ PARTO / PPP;158
HJK;2026;3;UCINCA - UNIDADE DE CUIDADO INTERMEDIÁRIO NEONATAL CANGURU;84
HJK;2026;3;UCINCO - UNIDADE DE CUIDADO INTERMEDIÁRIO NEONATAL CONVENCIONAL;126
HJK;2026;3;UE - INTERNAÇÃO SALA DE EMERGÊNCIA;116
HJK;2026;3;UE - INTERNAÇÃO SALA DE MEDICAÇÃO;296
HJK;2026;3;UE - INTERNAÇÃO UDC-CRD;796
HJK;2026;3;UTI - ADULTO;1114
HJK;2026;3;UTI - NEONATAL;241
HJK;2026;4;ALOJAMENTO CONJUNTO;591
HJK;2026;4;CLINICA CIRÚRGICA - ALA A;1079
HJK;2026;4;CLINICA MEDICA - ALA C;1462
HJK;2026;4;CLINICA MÉDICA - ALA E;1021
HJK;2026;4;CLINICA MÉDICA - ALA G;697
HJK;2026;4;CLINICA PNEUMOLÓGICA - ALA D;1291
HJK;2026;4;CLINICA TISIOLÓGICA - ALA G;255
HJK;2026;4;PRÉ PARTO / PPP;121
HJK;2026;4;UCINCA - UNIDADE DE CUIDADO INTERMEDIÁRIO NEONATAL CANGURU;82
HJK;2026;4;UCINCO - UNIDADE DE CUIDADO INTERMEDIÁRIO NEONATAL CONVENCIONAL;155
HJK;2026;4;UE - INTERNAÇÃO SALA DE EMERGÊNCIA;102
HJK;2026;4;UE - INTERNAÇÃO SALA DE MEDICAÇÃO;338
HJK;2026;4;UE - INTERNAÇÃO UDC-CRD;776
HJK;2026;4;UTI - ADULTO;1086
HJK;2026;4;UTI - NEONATAL;261
HJK;2026;5;ALOJAMENTO CONJUNTO;615
HJK;2026;5;CLINICA CIRÚRGICA - ALA A;1128
HJK;2026;5;CLINICA MEDICA - ALA C;1531
HJK;2026;5;CLINICA MÉDICA - ALA E;986
HJK;2026;5;CLINICA MÉDICA - ALA G;695
HJK;2026;5;CLINICA PNEUMOLÓGICA - ALA D;1347
HJK;2026;5;CLINICA TISIOLÓGICA - ALA G;244
HJK;2026;5;PRÉ PARTO / PPP;151
HJK;2026;5;UCINCA - UNIDADE DE CUIDADO INTERMEDIÁRIO NEONATAL CANGURU;102
HJK;2026;5;UCINCO - UNIDADE DE CUIDADO INTERMEDIÁRIO NEONATAL CONVENCIONAL;155
HJK;2026;5;UE - INTERNAÇÃO SALA DE EMERGÊNCIA;116
HJK;2026;5;UE - INTERNAÇÃO SALA DE MEDICAÇÃO;364
HJK;2026;5;UE - INTERNAÇÃO UDC-CRD;748
HJK;2026;5;UTI - ADULTO;1168
HJK;2026;5;UTI - NEONATAL;269
HJXXIII;2019;1;BLOCO CIRURGICO;91
HJXXIII;2019;1;PRONTO SOCORRO;1903
HJXXIII;2019;1;PRONTO SOCORRO SALA 08 - EMERG. CLINICAS;155
HJXXIII;2019;1;UNIDADE INTERNAÇÃO - CIRURGIA GERAL 4º ANDAR;919
HJXXIII;2019;1;UNIDADE INTERNAÇÃO - CIRURGIA PLÁSTICA 7º ANDAR;1003
HJXXIII;2019;1;UNIDADE INTERNAÇÃO - CLINICA CUIDADOS PROGRESSIVOS 3º ANDAR;736
HJXXIII;2019;1;UNIDADE INTERNAÇÃO - CLINICA MÉDICA 6º ANDAR;1086
HJXXIII;2019;1;UNIDADE INTERNAÇÃO - CLINICA NEUROLOGICA 5º ANDAR;1077
HJXXIII;2019;1;UNIDADE INTERNAÇÃO - CLINICA PEDIÁTRICA 2º ANDAR;161
HJXXIII;2019;1;UNIDADE INTERNAÇÃO - QUEIMADOS GRAVES 9º ANDAR;271
HJXXIII;2019;1;UNIDADE INTERNAÇÃO - QUEIMADOS MÉDIOS - 8º ANDAR;663
HJXXIII;2019;1;UTI;1131
HJXXIII;2019;1;UTI -  PEDIATRICO 2º ANDAR;145
HJXXIII;2019;2;BLOCO CIRURGICO;70
HJXXIII;2019;2;PRONTO SOCORRO;1513
HJXXIII;2019;2;PRONTO SOCORRO SALA 08 - EMERG. CLINICAS;141
HJXXIII;2019;2;UNIDADE INTERNAÇÃO - CIRURGIA GERAL 4º ANDAR;722
HJXXIII;2019;2;UNIDADE INTERNAÇÃO - CIRURGIA PLÁSTICA 7º ANDAR;886
HJXXIII;2019;2;UNIDADE INTERNAÇÃO - CLINICA CUIDADOS PROGRESSIVOS 3º ANDAR;664
HJXXIII;2019;2;UNIDADE INTERNAÇÃO - CLINICA MÉDICA 6º ANDAR;971
HJXXIII;2019;2;UNIDADE INTERNAÇÃO - CLINICA NEUROLOGICA 5º ANDAR;959
HJXXIII;2019;2;UNIDADE INTERNAÇÃO - CLINICA PEDIÁTRICA 2º ANDAR;198
HJXXIII;2019;2;UNIDADE INTERNAÇÃO - QUEIMADOS GRAVES 9º ANDAR;241
HJXXIII;2019;2;UNIDADE INTERNAÇÃO - QUEIMADOS MÉDIOS - 8º ANDAR;644
HJXXIII;2019;2;UTI;1045
HJXXIII;2019;2;UTI -  PEDIATRICO 2º ANDAR;84
HJXXIII;2019;3;BLOCO CIRURGICO;84
HJXXIII;2019;3;PRONTO SOCORRO;1939
HJXXIII;2019;3;PRONTO SOCORRO SALA 08 - EMERG. CLINICAS;204
HJXXIII;2019;3;UNIDADE INTERNAÇÃO - CIRURGIA GERAL 4º ANDAR;948
HJXXIII;2019;3;UNIDADE INTERNAÇÃO - CIRURGIA PLÁSTICA 7º ANDAR;1041
HJXXIII;2019;3;UNIDADE INTERNAÇÃO - CLINICA CUIDADOS PROGRESSIVOS 3º ANDAR;736
HJXXIII;2019;3;UNIDADE INTERNAÇÃO - CLINICA MÉDICA 6º ANDAR;1083
HJXXIII;2019;3;UNIDADE INTERNAÇÃO - CLINICA NEUROLOGICA 5º ANDAR;1066
HJXXIII;2019;3;UNIDADE INTERNAÇÃO - CLINICA PEDIÁTRICA 2º ANDAR;258
HJXXIII;2019;3;UNIDADE INTERNAÇÃO - QUEIMADOS GRAVES 9º ANDAR;255
HJXXIII;2019;3;UNIDADE INTERNAÇÃO - QUEIMADOS MÉDIOS - 8º ANDAR;650
HJXXIII;2019;3;UTI;1181
HJXXIII;2019;3;UTI -  PEDIATRICO 2º ANDAR;152
HJXXIII;2019;4;BLOCO CIRURGICO;88
HJXXIII;2019;4;PRONTO SOCORRO;2213
HJXXIII;2019;4;PRONTO SOCORRO SALA 08 - EMERG. CLINICAS;239
HJXXIII;2019;4;UNIDADE INTERNAÇÃO - CIRURGIA GERAL 4º ANDAR;934
HJXXIII;2019;4;UNIDADE INTERNAÇÃO - CIRURGIA PLÁSTICA 7º ANDAR;1000
HJXXIII;2019;4;UNIDADE INTERNAÇÃO - CLINICA CUIDADOS PROGRESSIVOS 3º ANDAR;719
HJXXIII;2019;4;UNIDADE INTERNAÇÃO - CLINICA MÉDICA 6º ANDAR;1035
HJXXIII;2019;4;UNIDADE INTERNAÇÃO - CLINICA NEUROLOGICA 5º ANDAR;1020
HJXXIII;2019;4;UNIDADE INTERNAÇÃO - CLINICA PEDIÁTRICA 2º ANDAR;253
HJXXIII;2019;4;UNIDADE INTERNAÇÃO - QUEIMADOS GRAVES 9º ANDAR;259
HJXXIII;2019;4;UNIDADE INTERNAÇÃO - QUEIMADOS MÉDIOS - 8º ANDAR;610
HJXXIII;2019;4;UTI;1198
HJXXIII;2019;4;UTI -  PEDIATRICO 2º ANDAR;188
HJXXIII;2019;5;BLOCO CIRURGICO;108
HJXXIII;2019;5;PRONTO SOCORRO;2442
HJXXIII;2019;5;PRONTO SOCORRO SALA 08 - EMERG. CLINICAS;259
HJXXIII;2019;5;UNIDADE INTERNAÇÃO - CIRURGIA GERAL 4º ANDAR;994
HJXXIII;2019;5;UNIDADE INTERNAÇÃO - CIRURGIA PLÁSTICA 7º ANDAR;1036
HJXXIII;2019;5;UNIDADE INTERNAÇÃO - CLINICA CUIDADOS PROGRESSIVOS 3º ANDAR;732
HJXXIII;2019;5;UNIDADE INTERNAÇÃO - CLINICA MÉDICA 6º ANDAR;1090
HJXXIII;2019;5;UNIDADE INTERNAÇÃO - CLINICA NEUROLOGICA 5º ANDAR;1070
HJXXIII;2019;5;UNIDADE INTERNAÇÃO - CLINICA PEDIÁTRICA 2º ANDAR;247
HJXXIII;2019;5;UNIDADE INTERNAÇÃO - QUEIMADOS GRAVES 9º ANDAR;244
HJXXIII;2019;5;UNIDADE INTERNAÇÃO - QUEIMADOS MÉDIOS - 8º ANDAR;620
HJXXIII;2019;5;UTI;1254
HJXXIII;2019;5;UTI -  PEDIATRICO 2º ANDAR;238
HJXXIII;2019;6;BLOCO CIRURGICO;80
HJXXIII;2019;6;PRONTO SOCORRO;2145
HJXXIII;2019;6;PRONTO SOCORRO SALA 08 - EMERG. CLINICAS;244
HJXXIII;2019;6;UNIDADE INTERNAÇÃO - CIRURGIA GERAL 4º ANDAR;878
HJXXIII;2019;6;UNIDADE INTERNAÇÃO - CIRURGIA PLÁSTICA 7º ANDAR;1012
HJXXIII;2019;6;UNIDADE INTERNAÇÃO - CLINICA CUIDADOS PROGRESSIVOS 3º ANDAR;703
HJXXIII;2019;6;UNIDADE INTERNAÇÃO - CLINICA MÉDICA 6º ANDAR;1053
HJXXIII;2019;6;UNIDADE INTERNAÇÃO - CLINICA NEUROLOGICA 5º ANDAR;1017
HJXXIII;2019;6;UNIDADE INTERNAÇÃO - CLINICA PEDIÁTRICA 2º ANDAR;148
HJXXIII;2019;6;UNIDADE INTERNAÇÃO - QUEIMADOS GRAVES 9º ANDAR;250
HJXXIII;2019;6;UNIDADE INTERNAÇÃO - QUEIMADOS MÉDIOS - 8º ANDAR;596
HJXXIII;2019;6;UTI;1192
HJXXIII;2019;6;UTI -  PEDIATRICO 2º ANDAR;336
HJXXIII;2019;7;BLOCO CIRURGICO;78
HJXXIII;2019;7;PRONTO SOCORRO;2082
HJXXIII;2019;7;PRONTO SOCORRO SALA 08 - EMERG. CLINICAS;216
HJXXIII;2019;7;UNIDADE INTERNAÇÃO - CIRURGIA GERAL 4º ANDAR;918
HJXXIII;2019;7;UNIDADE INTERNAÇÃO - CIRURGIA PLÁSTICA 7º ANDAR;1029
HJXXIII;2019;7;UNIDADE INTERNAÇÃO - CLINICA CUIDADOS PROGRESSIVOS 3º ANDAR;724
HJXXIII;2019;7;UNIDADE INTERNAÇÃO - CLINICA MÉDICA 6º ANDAR;1091
HJXXIII;2019;7;UNIDADE INTERNAÇÃO - CLINICA NEUROLOGICA 5º ANDAR;1027
HJXXIII;2019;7;UNIDADE INTERNAÇÃO - CLINICA PEDIÁTRICA 2º ANDAR;207
HJXXIII;2019;7;UNIDADE INTERNAÇÃO - QUEIMADOS GRAVES 9º ANDAR;273
HJXXIII;2019;7;UNIDADE INTERNAÇÃO - QUEIMADOS MÉDIOS - 8º ANDAR;604
HJXXIII;2019;7;UTI;1251
HJXXIII;2019;7;UTI -  PEDIATRICO 2º ANDAR;205
HJXXIII;2019;8;BLOCO CIRURGICO;66
HJXXIII;2019;8;PRONTO SOCORRO;1788
HJXXIII;2019;8;PRONTO SOCORRO SALA 08 - EMERG. CLINICAS;201
HJXXIII;2019;8;UNIDADE INTERNAÇÃO - CIRURGIA GERAL 4º ANDAR;862
HJXXIII;2019;8;UNIDADE INTERNAÇÃO - CIRURGIA PLÁSTICA 7º ANDAR;993
HJXXIII;2019;8;UNIDADE INTERNAÇÃO - CLINICA CUIDADOS PROGRESSIVOS 3º ANDAR;730
HJXXIII;2019;8;UNIDADE INTERNAÇÃO - CLINICA MÉDICA 6º ANDAR;1082
HJXXIII;2019;8;UNIDADE INTERNAÇÃO - CLINICA NEUROLOGICA 5º ANDAR;1059
HJXXIII;2019;8;UNIDADE INTERNAÇÃO - CLINICA PEDIÁTRICA 2º ANDAR;239
HJXXIII;2019;8;UNIDADE INTERNAÇÃO - QUEIMADOS GRAVES 9º ANDAR;265
HJXXIII;2019;8;UNIDADE INTERNAÇÃO - QUEIMADOS MÉDIOS - 8º ANDAR;695
HJXXIII;2019;8;UTI;1233
HJXXIII;2019;8;UTI -  PEDIATRICO 2º ANDAR;206
HJXXIII;2019;9;BLOCO CIRURGICO;95
HJXXIII;2019;9;PRONTO SOCORRO;1915
HJXXIII;2019;9;PRONTO SOCORRO SALA 08 - EMERG. CLINICAS;212
HJXXIII;2019;9;UNIDADE INTERNAÇÃO - CIRURGIA GERAL 4º ANDAR;854
HJXXIII;2019;9;UNIDADE INTERNAÇÃO - CIRURGIA PLÁSTICA 7º ANDAR;981
HJXXIII;2019;9;UNIDADE INTERNAÇÃO - CLINICA CUIDADOS PROGRESSIVOS 3º ANDAR;711
HJXXIII;2019;9;UNIDADE INTERNAÇÃO - CLINICA MÉDICA 6º ANDAR;1035
HJXXIII;2019;9;UNIDADE INTERNAÇÃO - CLINICA NEUROLOGICA 5º ANDAR;1035
HJXXIII;2019;9;UNIDADE INTERNAÇÃO - CLINICA PEDIÁTRICA 2º ANDAR;259
HJXXIII;2019;9;UNIDADE INTERNAÇÃO - QUEIMADOS GRAVES 9º ANDAR;267
HJXXIII;2019;9;UNIDADE INTERNAÇÃO - QUEIMADOS MÉDIOS - 8º ANDAR;611
HJXXIII;2019;9;UTI;1241
HJXXIII;2019;9;UTI -  PEDIATRICO 2º ANDAR;167
HJXXIII;2019;10;BLOCO CIRURGICO;101
HJXXIII;2019;10;PRONTO SOCORRO;1979
HJXXIII;2019;10;PRONTO SOCORRO SALA 08 - EMERG. CLINICAS;241
HJXXIII;2019;10;UNIDADE INTERNAÇÃO - CIRURGIA GERAL 4º ANDAR;937
HJXXIII;2019;10;UNIDADE INTERNAÇÃO - CIRURGIA PLÁSTICA 7º ANDAR;1037
HJXXIII;2019;10;UNIDADE INTERNAÇÃO - CLINICA CUIDADOS PROGRESSIVOS 3º ANDAR;740
HJXXIII;2019;10;UNIDADE INTERNAÇÃO - CLINICA MÉDICA 6º ANDAR;1103
HJXXIII;2019;10;UNIDADE INTERNAÇÃO - CLINICA NEUROLOGICA 5º ANDAR;1067
HJXXIII;2019;10;UNIDADE INTERNAÇÃO - CLINICA PEDIÁTRICA 2º ANDAR;227
HJXXIII;2019;10;UNIDADE INTERNAÇÃO - QUEIMADOS GRAVES 9º ANDAR;275
HJXXIII;2019;10;UNIDADE INTERNAÇÃO - QUEIMADOS MÉDIOS - 8º ANDAR;690
HJXXIII;2019;10;UTI;1258
HJXXIII;2019;10;UTI -  PEDIATRICO 2º ANDAR;172
HJXXIII;2019;11;BLOCO CIRURGICO;70
HJXXIII;2019;11;PRONTO SOCORRO;2110
HJXXIII;2019;11;PRONTO SOCORRO SALA 08 - EMERG. CLINICAS;207
HJXXIII;2019;11;UNIDADE INTERNAÇÃO - CIRURGIA GERAL 4º ANDAR;941
HJXXIII;2019;11;UNIDADE INTERNAÇÃO - CIRURGIA PLÁSTICA 7º ANDAR;1017
HJXXIII;2019;11;UNIDADE INTERNAÇÃO - CLINICA CUIDADOS PROGRESSIVOS 3º ANDAR;713
HJXXIII;2019;11;UNIDADE INTERNAÇÃO - CLINICA MÉDICA 6º ANDAR;1077
HJXXIII;2019;11;UNIDADE INTERNAÇÃO - CLINICA NEUROLOGICA 5º ANDAR;1038
HJXXIII;2019;11;UNIDADE INTERNAÇÃO - CLINICA PEDIÁTRICA 2º ANDAR;231
HJXXIII;2019;11;UNIDADE INTERNAÇÃO - QUEIMADOS GRAVES 9º ANDAR;266
HJXXIII;2019;11;UNIDADE INTERNAÇÃO - QUEIMADOS MÉDIOS - 8º ANDAR;624
HJXXIII;2019;11;UTI;1240
HJXXIII;2019;11;UTI -  PEDIATRICO 2º ANDAR;167
HJXXIII;2019;12;BLOCO CIRURGICO;108
HJXXIII;2019;12;PRONTO SOCORRO;2403
HJXXIII;2019;12;PRONTO SOCORRO SALA 08 - EMERG. CLINICAS;231
HJXXIII;2019;12;UNIDADE INTERNAÇÃO - CIRURGIA GERAL 4º ANDAR;887
HJXXIII;2019;12;UNIDADE INTERNAÇÃO - CIRURGIA PLÁSTICA 7º ANDAR;986
HJXXIII;2019;12;UNIDADE INTERNAÇÃO - CLINICA CUIDADOS PROGRESSIVOS 3º ANDAR;739
HJXXIII;2019;12;UNIDADE INTERNAÇÃO - CLINICA MÉDICA 6º ANDAR;1093
HJXXIII;2019;12;UNIDADE INTERNAÇÃO - CLINICA NEUROLOGICA 5º ANDAR;1065
HJXXIII;2019;12;UNIDADE INTERNAÇÃO - CLINICA PEDIÁTRICA 2º ANDAR;291
HJXXIII;2019;12;UNIDADE INTERNAÇÃO - QUEIMADOS GRAVES 9º ANDAR;264
HJXXIII;2019;12;UNIDADE INTERNAÇÃO - QUEIMADOS MÉDIOS - 8º ANDAR;676
HJXXIII;2019;12;UTI;1267
HJXXIII;2019;12;UTI -  PEDIATRICO 2º ANDAR;173
HJXXIII;2020;1;BLOCO CIRURGICO;70
HJXXIII;2020;1;PRONTO SOCORRO;1961
HJXXIII;2020;1;PRONTO SOCORRO SALA 08 - EMERG. CLINICAS;127
HJXXIII;2020;1;UNIDADE INTERNAÇÃO - CIRURGIA GERAL 4º ANDAR;899
HJXXIII;2020;1;UNIDADE INTERNAÇÃO - CIRURGIA PLÁSTICA 7º ANDAR;1014
HJXXIII;2020;1;UNIDADE INTERNAÇÃO - CLINICA CUIDADOS PROGRESSIVOS 3º ANDAR;741
HJXXIII;2020;1;UNIDADE INTERNAÇÃO - CLINICA MÉDICA 6º ANDAR;1072
HJXXIII;2020;1;UNIDADE INTERNAÇÃO - CLINICA NEUROLOGICA 5º ANDAR;1049
HJXXIII;2020;1;UNIDADE INTERNAÇÃO - CLINICA PEDIÁTRICA 2º ANDAR;255
HJXXIII;2020;1;UNIDADE INTERNAÇÃO - QUEIMADOS GRAVES 9º ANDAR;249
HJXXIII;2020;1;UNIDADE INTERNAÇÃO - QUEIMADOS MÉDIOS - 8º ANDAR;626
HJXXIII;2020;1;UTI;1150
HJXXIII;2020;1;UTI -  PEDIATRICO 2º ANDAR;183
HJXXIII;2020;2;BLOCO CIRURGICO;47
HJXXIII;2020;2;PRONTO SOCORRO;1963
HJXXIII;2020;2;PRONTO SOCORRO SALA 08 - EMERG. CLINICAS;159
HJXXIII;2020;2;UNIDADE INTERNAÇÃO - CIRURGIA GERAL 4º ANDAR;871
HJXXIII;2020;2;UNIDADE INTERNAÇÃO - CIRURGIA PLÁSTICA 7º ANDAR;950
HJXXIII;2020;2;UNIDADE INTERNAÇÃO - CLINICA CUIDADOS PROGRESSIVOS 3º ANDAR;692
HJXXIII;2020;2;UNIDADE INTERNAÇÃO - CLINICA MÉDICA 6º ANDAR;1024
HJXXIII;2020;2;UNIDADE INTERNAÇÃO - CLINICA NEUROLOGICA 5º ANDAR;998
HJXXIII;2020;2;UNIDADE INTERNAÇÃO - CLINICA PEDIÁTRICA 2º ANDAR;128
HJXXIII;2020;2;UNIDADE INTERNAÇÃO - QUEIMADOS GRAVES 9º ANDAR;225
HJXXIII;2020;2;UNIDADE INTERNAÇÃO - QUEIMADOS MÉDIOS - 8º ANDAR;619
HJXXIII;2020;2;UTI;1038
HJXXIII;2020;2;UTI -  PEDIATRICO 2º ANDAR;200
HJXXIII;2020;3;BLOCO CIRURGICO;46
HJXXIII;2020;3;PRONTO SOCORRO;1919
HJXXIII;2020;3;PRONTO SOCORRO SALA 08 - EMERG. CLINICAS;167
HJXXIII;2020;3;UNIDADE INTERNAÇÃO - CIRURGIA GERAL 4º ANDAR;807
HJXXIII;2020;3;UNIDADE INTERNAÇÃO - CIRURGIA PLÁSTICA 7º ANDAR;961
HJXXIII;2020;3;UNIDADE INTERNAÇÃO - CLINICA CUIDADOS PROGRESSIVOS 3º ANDAR;731
HJXXIII;2020;3;UNIDADE INTERNAÇÃO - CLINICA MÉDICA 6º ANDAR;1087
HJXXIII;2020;3;UNIDADE INTERNAÇÃO - CLINICA NEUROLOGICA 5º ANDAR;1068
HJXXIII;2020;3;UNIDADE INTERNAÇÃO - CLINICA PEDIÁTRICA 2º ANDAR;50
HJXXIII;2020;3;UNIDADE INTERNAÇÃO - QUEIMADOS GRAVES 9º ANDAR;237
HJXXIII;2020;3;UNIDADE INTERNAÇÃO - QUEIMADOS MÉDIOS - 8º ANDAR;623
HJXXIII;2020;3;UTI;1034
HJXXIII;2020;3;UTI -  PEDIATRICO 2º ANDAR;226
HJXXIII;2020;4;BLOCO CIRURGICO;23
HJXXIII;2020;4;PRONTO SOCORRO;841
HJXXIII;2020;4;PRONTO SOCORRO SALA 08 - EMERG. CLINICAS;95
HJXXIII;2020;4;UNIDADE INTERNAÇÃO - CIRURGIA GERAL 4º ANDAR;516
HJXXIII;2020;4;UNIDADE INTERNAÇÃO - CIRURGIA PLÁSTICA 7º ANDAR;770
HJXXIII;2020;4;UNIDADE INTERNAÇÃO - CLINICA CUIDADOS PROGRESSIVOS 3º ANDAR;646
HJXXIII;2020;4;UNIDADE INTERNAÇÃO - CLINICA MÉDICA 6º ANDAR;907
HJXXIII;2020;4;UNIDADE INTERNAÇÃO - CLINICA NEUROLOGICA 5º ANDAR;966
HJXXIII;2020;4;UNIDADE INTERNAÇÃO - QUEIMADOS GRAVES 9º ANDAR;251
HJXXIII;2020;4;UNIDADE INTERNAÇÃO - QUEIMADOS MÉDIOS - 8º ANDAR;654
HJXXIII;2020;4;UTI;709
HJXXIII;2020;4;UTI -  PEDIATRICO 2º ANDAR;193
HJXXIII;2020;5;BLOCO CIRURGICO;52
HJXXIII;2020;5;PRONTO SOCORRO;1072
HJXXIII;2020;5;PRONTO SOCORRO SALA 08 - EMERG. CLINICAS;190
HJXXIII;2020;5;UNIDADE INTERNAÇÃO - CIRURGIA GERAL 4º ANDAR;765
HJXXIII;2020;5;UNIDADE INTERNAÇÃO - CIRURGIA PLÁSTICA 7º ANDAR;940
HJXXIII;2020;5;UNIDADE INTERNAÇÃO - CLINICA CUIDADOS PROGRESSIVOS 3º ANDAR;666
HJXXIII;2020;5;UNIDADE INTERNAÇÃO - CLINICA MÉDICA 6º ANDAR;1082
HJXXIII;2020;5;UNIDADE INTERNAÇÃO - CLINICA NEUROLOGICA 5º ANDAR;1009
HJXXIII;2020;5;UNIDADE INTERNAÇÃO - QUEIMADOS GRAVES 9º ANDAR;265
HJXXIII;2020;5;UNIDADE INTERNAÇÃO - QUEIMADOS MÉDIOS - 8º ANDAR;650
HJXXIII;2020;5;UTI;954
HJXXIII;2020;5;UTI -  PEDIATRICO 2º ANDAR;209
HJXXIII;2020;6;BLOCO CIRURGICO;67
HJXXIII;2020;6;PRONTO SOCORRO;1570
HJXXIII;2020;6;PRONTO SOCORRO SALA 08 - EMERG. CLINICAS;227
HJXXIII;2020;6;UNIDADE INTERNAÇÃO - CIRURGIA GERAL 4º ANDAR;934
HJXXIII;2020;6;UNIDADE INTERNAÇÃO - CIRURGIA PLÁSTICA 7º ANDAR;980
HJXXIII;2020;6;UNIDADE INTERNAÇÃO - CLINICA CUIDADOS PROGRESSIVOS 3º ANDAR;701
HJXXIII;2020;6;UNIDADE INTERNAÇÃO - CLINICA MÉDICA 6º ANDAR;1062
HJXXIII;2020;6;UNIDADE INTERNAÇÃO - CLINICA NEUROLOGICA 5º ANDAR;1029
HJXXIII;2020;6;UNIDADE INTERNAÇÃO - QUEIMADOS GRAVES 9º ANDAR;246
HJXXIII;2020;6;UNIDADE INTERNAÇÃO - QUEIMADOS MÉDIOS - 8º ANDAR;677
HJXXIII;2020;6;UTI;1096
HJXXIII;2020;6;UTI -  PEDIATRICO 2º ANDAR;206
HJXXIII;2020;7;BLOCO CIRURGICO;67
HJXXIII;2020;7;PRONTO SOCORRO;1775
HJXXIII;2020;7;PRONTO SOCORRO SALA 08 - EMERG. CLINICAS;204
HJXXIII;2020;7;UNIDADE INTERNAÇÃO - CIRURGIA GERAL 4º ANDAR;973
HJXXIII;2020;7;UNIDADE INTERNAÇÃO - CIRURGIA PLÁSTICA 7º ANDAR;1039
HJXXIII;2020;7;UNIDADE INTERNAÇÃO - CLINICA CUIDADOS PROGRESSIVOS 3º ANDAR;721
HJXXIII;2020;7;UNIDADE INTERNAÇÃO - CLINICA MÉDICA 6º ANDAR;532
HJXXIII;2020;7;UNIDADE INTERNAÇÃO - CLINICA NEUROLOGICA 5º ANDAR;1040
HJXXIII;2020;7;UNIDADE INTERNAÇÃO - QUEIMADOS GRAVES 9º ANDAR;223
HJXXIII;2020;7;UNIDADE INTERNAÇÃO - QUEIMADOS MÉDIOS - 8º ANDAR;660
HJXXIII;2020;7;UTI;1214
HJXXIII;2020;7;UTI -  PEDIATRICO 2º ANDAR;248
HJXXIII;2020;8;BLOCO CIRURGICO;91
HJXXIII;2020;8;PRONTO SOCORRO;2098
HJXXIII;2020;8;PRONTO SOCORRO SALA 08 - EMERG. CLINICAS;47
HJXXIII;2020;8;UNIDADE INTERNAÇÃO - CIRURGIA GERAL 4º ANDAR;995
HJXXIII;2020;8;UNIDADE INTERNAÇÃO - CIRURGIA PLÁSTICA 7º ANDAR;1040
HJXXIII;2020;8;UNIDADE INTERNAÇÃO - CLINICA CUIDADOS PROGRESSIVOS 3º ANDAR;739
HJXXIII;2020;8;UNIDADE INTERNAÇÃO - CLINICA MÉDICA 6º ANDAR;450
HJXXIII;2020;8;UNIDADE INTERNAÇÃO - CLINICA NEUROLOGICA 5º ANDAR;1078
HJXXIII;2020;8;UNIDADE INTERNAÇÃO - QUEIMADOS GRAVES 9º ANDAR;237
HJXXIII;2020;8;UNIDADE INTERNAÇÃO - QUEIMADOS MÉDIOS - 8º ANDAR;672
HJXXIII;2020;8;UTI;1161
HJXXIII;2020;8;UTI -  PEDIATRICO 2º ANDAR;216
HJXXIII;2020;9;BLOCO CIRURGICO;85
HJXXIII;2020;9;PRONTO SOCORRO;2074
HJXXIII;2020;9;UNIDADE INTERNAÇÃO - CIRURGIA GERAL 4º ANDAR;976
HJXXIII;2020;9;UNIDADE INTERNAÇÃO - CIRURGIA PLÁSTICA 7º ANDAR;1000
HJXXIII;2020;9;UNIDADE INTERNAÇÃO - CLINICA CUIDADOS PROGRESSIVOS 3º ANDAR;712
HJXXIII;2020;9;UNIDADE INTERNAÇÃO - CLINICA MÉDICA 6º ANDAR;504
HJXXIII;2020;9;UNIDADE INTERNAÇÃO - CLINICA NEUROLOGICA 5º ANDAR;1033
HJXXIII;2020;9;UNIDADE INTERNAÇÃO - QUEIMADOS GRAVES 9º ANDAR;238
HJXXIII;2020;9;UNIDADE INTERNAÇÃO - QUEIMADOS MÉDIOS - 8º ANDAR;677
HJXXIII;2020;9;UTI;1041
HJXXIII;2020;9;UTI -  PEDIATRICO 2º ANDAR;206
HJXXIII;2020;10;BLOCO CIRURGICO;105
HJXXIII;2020;10;PRONTO SOCORRO;2461
HJXXIII;2020;10;UNIDADE INTERNAÇÃO - CIRURGIA GERAL 4º ANDAR;1032
HJXXIII;2020;10;UNIDADE INTERNAÇÃO - CIRURGIA PLÁSTICA 7º ANDAR;1031
HJXXIII;2020;10;UNIDADE INTERNAÇÃO - CLINICA CUIDADOS PROGRESSIVOS 3º ANDAR;727
HJXXIII;2020;10;UNIDADE INTERNAÇÃO - CLINICA MÉDICA 6º ANDAR;586
HJXXIII;2020;10;UNIDADE INTERNAÇÃO - CLINICA NEUROLOGICA 5º ANDAR;1076
HJXXIII;2020;10;UNIDADE INTERNAÇÃO - QUEIMADOS GRAVES 9º ANDAR;248
HJXXIII;2020;10;UNIDADE INTERNAÇÃO - QUEIMADOS MÉDIOS - 8º ANDAR;658
HJXXIII;2020;10;UTI;1081
HJXXIII;2020;10;UTI -  PEDIATRICO 2º ANDAR;220
HJXXIII;2020;11;BLOCO CIRURGICO;111
HJXXIII;2020;11;PRONTO SOCORRO;2228
HJXXIII;2020;11;PRONTO SOCORRO SALA 08 - EMERG. CLINICAS;10
HJXXIII;2020;11;UNIDADE INTERNAÇÃO - CIRURGIA GERAL 4º ANDAR;985
HJXXIII;2020;11;UNIDADE INTERNAÇÃO - CIRURGIA PLÁSTICA 7º ANDAR;1002
HJXXIII;2020;11;UNIDADE INTERNAÇÃO - CLINICA CUIDADOS PROGRESSIVOS 3º ANDAR;712
HJXXIII;2020;11;UNIDADE INTERNAÇÃO - CLINICA MÉDICA 6º ANDAR;505
HJXXIII;2020;11;UNIDADE INTERNAÇÃO - CLINICA NEUROLOGICA 5º ANDAR;1046
HJXXIII;2020;11;UNIDADE INTERNAÇÃO - QUEIMADOS GRAVES 9º ANDAR;256
HJXXIII;2020;11;UNIDADE INTERNAÇÃO - QUEIMADOS MÉDIOS - 8º ANDAR;659
HJXXIII;2020;11;UTI;1146
HJXXIII;2020;11;UTI -  PEDIATRICO 2º ANDAR;161
HJXXIII;2020;12;BLOCO CIRURGICO;73
HJXXIII;2020;12;PRONTO SOCORRO;1930
HJXXIII;2020;12;PRONTO SOCORRO SALA 08 - EMERG. CLINICAS;9
HJXXIII;2020;12;UNIDADE INTERNAÇÃO - CIRURGIA GERAL 4º ANDAR;974
HJXXIII;2020;12;UNIDADE INTERNAÇÃO - CIRURGIA PLÁSTICA 7º ANDAR;989
HJXXIII;2020;12;UNIDADE INTERNAÇÃO - CLINICA CUIDADOS PROGRESSIVOS 3º ANDAR;733
HJXXIII;2020;12;UNIDADE INTERNAÇÃO - CLINICA MÉDICA 6º ANDAR;569
HJXXIII;2020;12;UNIDADE INTERNAÇÃO - CLINICA NEUROLOGICA 5º ANDAR;1068
HJXXIII;2020;12;UNIDADE INTERNAÇÃO - QUEIMADOS GRAVES 9º ANDAR;246
HJXXIII;2020;12;UNIDADE INTERNAÇÃO - QUEIMADOS MÉDIOS - 8º ANDAR;666
HJXXIII;2020;12;UTI;1185
HJXXIII;2020;12;UTI -  PEDIATRICO 2º ANDAR;206
HJXXIII;2021;1;BLOCO CIRURGICO;85
HJXXIII;2021;1;PRONTO SOCORRO;1865
HJXXIII;2021;1;PRONTO SOCORRO SALA 08 - EMERG. CLINICAS;7
HJXXIII;2021;1;UNIDADE INTERNAÇÃO - CIRURGIA GERAL 4º ANDAR;947
HJXXIII;2021;1;UNIDADE INTERNAÇÃO - CIRURGIA PLÁSTICA 7º ANDAR;1007
HJXXIII;2021;1;UNIDADE INTERNAÇÃO - CLINICA CUIDADOS PROGRESSIVOS 3º ANDAR;735
HJXXIII;2021;1;UNIDADE INTERNAÇÃO - CLINICA MÉDICA 6º ANDAR;607
HJXXIII;2021;1;UNIDADE INTERNAÇÃO - CLINICA NEUROLOGICA 5º ANDAR;1057
HJXXIII;2021;1;UNIDADE INTERNAÇÃO - QUEIMADOS GRAVES 9º ANDAR;227
HJXXIII;2021;1;UNIDADE INTERNAÇÃO - QUEIMADOS MÉDIOS - 8º ANDAR;703
HJXXIII;2021;1;UTI;1144
HJXXIII;2021;1;UTI -  PEDIATRICO 2º ANDAR;212
HJXXIII;2021;2;BLOCO CIRURGICO;32
HJXXIII;2021;2;PRONTO SOCORRO;1715
HJXXIII;2021;2;PRONTO SOCORRO SALA 08 - EMERG. CLINICAS;4
HJXXIII;2021;2;UNIDADE INTERNAÇÃO - CIRURGIA GERAL 4º ANDAR;888
HJXXIII;2021;2;UNIDADE INTERNAÇÃO - CIRURGIA PLÁSTICA 7º ANDAR;925
HJXXIII;2021;2;UNIDADE INTERNAÇÃO - CLINICA CUIDADOS PROGRESSIVOS 3º ANDAR;676
HJXXIII;2021;2;UNIDADE INTERNAÇÃO - CLINICA MÉDICA 6º ANDAR;507
HJXXIII;2021;2;UNIDADE INTERNAÇÃO - CLINICA NEUROLOGICA 5º ANDAR;962
HJXXIII;2021;2;UNIDADE INTERNAÇÃO - QUEIMADOS GRAVES 9º ANDAR;239
HJXXIII;2021;2;UNIDADE INTERNAÇÃO - QUEIMADOS MÉDIOS - 8º ANDAR;622
HJXXIII;2021;2;UTI;1069
HJXXIII;2021;2;UTI -  PEDIATRICO 2º ANDAR;163
HJXXIII;2021;3;BLOCO CIRURGICO;85
HJXXIII;2021;3;PRONTO SOCORRO;1872
HJXXIII;2021;3;PRONTO SOCORRO SALA 08 - EMERG. CLINICAS;6
HJXXIII;2021;3;UNIDADE INTERNAÇÃO - CIRURGIA GERAL 4º ANDAR;959
HJXXIII;2021;3;UNIDADE INTERNAÇÃO - CIRURGIA PLÁSTICA 7º ANDAR;963
HJXXIII;2021;3;UNIDADE INTERNAÇÃO - CLINICA CUIDADOS PROGRESSIVOS 3º ANDAR;738
HJXXIII;2021;3;UNIDADE INTERNAÇÃO - CLINICA MÉDICA 6º ANDAR;574
HJXXIII;2021;3;UNIDADE INTERNAÇÃO - CLINICA NEUROLOGICA 5º ANDAR;1061
HJXXIII;2021;3;UNIDADE INTERNAÇÃO - QUEIMADOS GRAVES 9º ANDAR;271
HJXXIII;2021;3;UNIDADE INTERNAÇÃO - QUEIMADOS MÉDIOS - 8º ANDAR;651
HJXXIII;2021;3;UTI;1232
HJXXIII;2021;3;UTI -  PEDIATRICO 2º ANDAR;233
HJXXIII;2021;4;BLOCO CIRURGICO;99
HJXXIII;2021;4;PRONTO SOCORRO;2087
HJXXIII;2021;4;PRONTO SOCORRO SALA 08 - EMERG. CLINICAS;16
HJXXIII;2021;4;UNIDADE INTERNAÇÃO - CIRURGIA GERAL 4º ANDAR;925
HJXXIII;2021;4;UNIDADE INTERNAÇÃO - CIRURGIA PLÁSTICA 7º ANDAR;962
HJXXIII;2021;4;UNIDADE INTERNAÇÃO - CLINICA CUIDADOS PROGRESSIVOS 3º ANDAR;713
HJXXIII;2021;4;UNIDADE INTERNAÇÃO - CLINICA MÉDICA 6º ANDAR;616
HJXXIII;2021;4;UNIDADE INTERNAÇÃO - CLINICA NEUROLOGICA 5º ANDAR;1030
HJXXIII;2021;4;UNIDADE INTERNAÇÃO - QUEIMADOS GRAVES 9º ANDAR;255
HJXXIII;2021;4;UNIDADE INTERNAÇÃO - QUEIMADOS MÉDIOS - 8º ANDAR;538
HJXXIII;2021;4;UTI;1364
HJXXIII;2021;4;UTI -  PEDIATRICO 2º ANDAR;207
HJXXIII;2021;5;BLOCO CIRURGICO;101
HJXXIII;2021;5;PRONTO SOCORRO;2414
HJXXIII;2021;5;PRONTO SOCORRO SALA 08 - EMERG. CLINICAS;19
HJXXIII;2021;5;UNIDADE INTERNAÇÃO - CIRURGIA GERAL 4º ANDAR;999
HJXXIII;2021;5;UNIDADE INTERNAÇÃO - CIRURGIA PLÁSTICA 7º ANDAR;1011
HJXXIII;2021;5;UNIDADE INTERNAÇÃO - CLINICA CUIDADOS PROGRESSIVOS 3º ANDAR;715
HJXXIII;2021;5;UNIDADE INTERNAÇÃO - CLINICA MÉDICA 6º ANDAR;686
HJXXIII;2021;5;UNIDADE INTERNAÇÃO - CLINICA NEUROLOGICA 5º ANDAR;1075
HJXXIII;2021;5;UNIDADE INTERNAÇÃO - QUEIMADOS GRAVES 9º ANDAR;254
HJXXIII;2021;5;UNIDADE INTERNAÇÃO - QUEIMADOS MÉDIOS - 8º ANDAR;723
HJXXIII;2021;5;UTI;1221
HJXXIII;2021;5;UTI -  PEDIATRICO 2º ANDAR;213
HJXXIII;2021;6;BLOCO CIRURGICO;117
HJXXIII;2021;6;PRONTO SOCORRO;2447
HJXXIII;2021;6;UNIDADE INTERNAÇÃO - CIRURGIA GERAL 4º ANDAR;997
HJXXIII;2021;6;UNIDADE INTERNAÇÃO - CIRURGIA PLÁSTICA 7º ANDAR;995
HJXXIII;2021;6;UNIDADE INTERNAÇÃO - CLINICA CUIDADOS PROGRESSIVOS 3º ANDAR;718
HJXXIII;2021;6;UNIDADE INTERNAÇÃO - CLINICA MÉDICA 6º ANDAR;723
HJXXIII;2021;6;UNIDADE INTERNAÇÃO - CLINICA NEUROLOGICA 5º ANDAR;1043
HJXXIII;2021;6;UNIDADE INTERNAÇÃO - QUEIMADOS GRAVES 9º ANDAR;266
HJXXIII;2021;6;UNIDADE INTERNAÇÃO - QUEIMADOS MÉDIOS - 8º ANDAR;651
HJXXIII;2021;6;UTI;1173
HJXXIII;2021;6;UTI -  PEDIATRICO 2º ANDAR;207
HJXXIII;2021;7;BLOCO CIRURGICO;105
HJXXIII;2021;7;PRONTO SOCORRO;2394
HJXXIII;2021;7;UNIDADE INTERNAÇÃO - CIRURGIA GERAL 4º ANDAR;1042
HJXXIII;2021;7;UNIDADE INTERNAÇÃO - CIRURGIA PLÁSTICA 7º ANDAR;1044
HJXXIII;2021;7;UNIDADE INTERNAÇÃO - CLINICA CUIDADOS PROGRESSIVOS 3º ANDAR;738
HJXXIII;2021;7;UNIDADE INTERNAÇÃO - CLINICA MÉDICA 6º ANDAR;716
HJXXIII;2021;7;UNIDADE INTERNAÇÃO - CLINICA NEUROLOGICA 5º ANDAR;1071
HJXXIII;2021;7;UNIDADE INTERNAÇÃO - QUEIMADOS GRAVES 9º ANDAR;271
HJXXIII;2021;7;UNIDADE INTERNAÇÃO - QUEIMADOS MÉDIOS - 8º ANDAR;688
HJXXIII;2021;7;UTI;1188
HJXXIII;2021;7;UTI -  PEDIATRICO 2º ANDAR;168
HJXXIII;2021;8;BLOCO CIRURGICO;70
HJXXIII;2021;8;PRONTO SOCORRO;1751
HJXXIII;2021;8;UNIDADE INTERNAÇÃO - CIRURGIA GERAL 4º ANDAR;1027
HJXXIII;2021;8;UNIDADE INTERNAÇÃO - CIRURGIA PLÁSTICA 7º ANDAR;1031
HJXXIII;2021;8;UNIDADE INTERNAÇÃO - CLINICA CUIDADOS PROGRESSIVOS 3º ANDAR;728
HJXXIII;2021;8;UNIDADE INTERNAÇÃO - CLINICA MÉDICA 6º ANDAR;835
HJXXIII;2021;8;UNIDADE INTERNAÇÃO - CLINICA NEUROLOGICA 5º ANDAR;1047
HJXXIII;2021;8;UNIDADE INTERNAÇÃO - QUEIMADOS GRAVES 9º ANDAR;267
HJXXIII;2021;8;UNIDADE INTERNAÇÃO - QUEIMADOS MÉDIOS - 8º ANDAR;693
HJXXIII;2021;8;UTI;1141
HJXXIII;2021;8;UTI -  PEDIATRICO 2º ANDAR;190
HJXXIII;2021;9;BLOCO CIRURGICO;90
HJXXIII;2021;9;PRONTO SOCORRO;1832
HJXXIII;2021;9;UNIDADE INTERNAÇÃO - CIRURGIA GERAL 4º ANDAR;959
HJXXIII;2021;9;UNIDADE INTERNAÇÃO - CIRURGIA PLÁSTICA 7º ANDAR;1005
HJXXIII;2021;9;UNIDADE INTERNAÇÃO - CLINICA CUIDADOS PROGRESSIVOS 3º ANDAR;713
HJXXIII;2021;9;UNIDADE INTERNAÇÃO - CLINICA MÉDICA 6º ANDAR;828
HJXXIII;2021;9;UNIDADE INTERNAÇÃO - CLINICA NEUROLOGICA 5º ANDAR;1011
HJXXIII;2021;9;UNIDADE INTERNAÇÃO - QUEIMADOS GRAVES 9º ANDAR;250
HJXXIII;2021;9;UNIDADE INTERNAÇÃO - QUEIMADOS MÉDIOS - 8º ANDAR;672
HJXXIII;2021;9;UTI;1142
HJXXIII;2021;9;UTI -  PEDIATRICO 2º ANDAR;226
HJXXIII;2021;10;BLOCO CIRURGICO;87
HJXXIII;2021;10;PRONTO SOCORRO;1890
HJXXIII;2021;10;UNIDADE INTERNAÇÃO - CIRURGIA GERAL 4º ANDAR;1025
HJXXIII;2021;10;UNIDADE INTERNAÇÃO - CIRURGIA PLÁSTICA 7º ANDAR;1044
HJXXIII;2021;10;UNIDADE INTERNAÇÃO - CLINICA CUIDADOS PROGRESSIVOS 3º ANDAR;741
HJXXIII;2021;10;UNIDADE INTERNAÇÃO - CLINICA MÉDICA 6º ANDAR;879
HJXXIII;2021;10;UNIDADE INTERNAÇÃO - CLINICA NEUROLOGICA 5º ANDAR;1061
HJXXIII;2021;10;UNIDADE INTERNAÇÃO - QUEIMADOS GRAVES 9º ANDAR;266
HJXXIII;2021;10;UNIDADE INTERNAÇÃO - QUEIMADOS MÉDIOS - 8º ANDAR;707
HJXXIII;2021;10;UTI;1108
HJXXIII;2021;10;UTI -  PEDIATRICO 2º ANDAR;194
HJXXIII;2021;11;BLOCO CIRURGICO;96
HJXXIII;2021;11;PRONTO SOCORRO;1966
HJXXIII;2021;11;UNIDADE INTERNAÇÃO - CIRURGIA GERAL 4º ANDAR;958
HJXXIII;2021;11;UNIDADE INTERNAÇÃO - CIRURGIA PLÁSTICA 7º ANDAR;993
HJXXIII;2021;11;UNIDADE INTERNAÇÃO - CLINICA CUIDADOS PROGRESSIVOS 3º ANDAR;703
HJXXIII;2021;11;UNIDADE INTERNAÇÃO - CLINICA MÉDICA 6º ANDAR;835
HJXXIII;2021;11;UNIDADE INTERNAÇÃO - CLINICA NEUROLOGICA 5º ANDAR;1030
HJXXIII;2021;11;UNIDADE INTERNAÇÃO - QUEIMADOS GRAVES 9º ANDAR;256
HJXXIII;2021;11;UNIDADE INTERNAÇÃO - QUEIMADOS MÉDIOS - 8º ANDAR;658
HJXXIII;2021;11;UTI;1170
HJXXIII;2021;11;UTI -  PEDIATRICO 2º ANDAR;187
HJXXIII;2021;12;BLOCO CIRURGICO;142
HJXXIII;2021;12;PRONTO SOCORRO;2288
HJXXIII;2021;12;UNIDADE INTERNAÇÃO - CIRURGIA GERAL 4º ANDAR;996
HJXXIII;2021;12;UNIDADE INTERNAÇÃO - CIRURGIA PLÁSTICA 7º ANDAR;1017
HJXXIII;2021;12;UNIDADE INTERNAÇÃO - CLINICA CUIDADOS PROGRESSIVOS 3º ANDAR;735
HJXXIII;2021;12;UNIDADE INTERNAÇÃO - CLINICA MÉDICA 6º ANDAR;900
HJXXIII;2021;12;UNIDADE INTERNAÇÃO - CLINICA NEUROLOGICA 5º ANDAR;1079
HJXXIII;2021;12;UNIDADE INTERNAÇÃO - QUEIMADOS GRAVES 9º ANDAR;271
HJXXIII;2021;12;UNIDADE INTERNAÇÃO - QUEIMADOS MÉDIOS - 8º ANDAR;708
HJXXIII;2021;12;UTI;1172
HJXXIII;2021;12;UTI -  PEDIATRICO 2º ANDAR;188
HJXXIII;2022;1;BLOCO CIRURGICO;118
HJXXIII;2022;1;PRONTO SOCORRO;2502
HJXXIII;2022;1;UNIDADE INTERNAÇÃO - CIRURGIA GERAL 4º ANDAR;983
HJXXIII;2022;1;UNIDADE INTERNAÇÃO - CIRURGIA PLÁSTICA 7º ANDAR;973
HJXXIII;2022;1;UNIDADE INTERNAÇÃO - CLINICA CUIDADOS PROGRESSIVOS 3º ANDAR;704
HJXXIII;2022;1;UNIDADE INTERNAÇÃO - CLINICA MÉDICA 6º ANDAR;815
HJXXIII;2022;1;UNIDADE INTERNAÇÃO - CLINICA NEUROLOGICA 5º ANDAR;1066
HJXXIII;2022;1;UNIDADE INTERNAÇÃO - QUEIMADOS GRAVES 9º ANDAR;222
HJXXIII;2022;1;UNIDADE INTERNAÇÃO - QUEIMADOS MÉDIOS - 8º ANDAR;702
HJXXIII;2022;1;UTI;1125
HJXXIII;2022;1;UTI -  PEDIATRICO 2º ANDAR;256
HJXXIII;2022;2;BLOCO CIRURGICO;93
HJXXIII;2022;2;PRONTO SOCORRO;1809
HJXXIII;2022;2;UNIDADE INTERNAÇÃO - CIRURGIA GERAL 4º ANDAR;905
HJXXIII;2022;2;UNIDADE INTERNAÇÃO - CIRURGIA PLÁSTICA 7º ANDAR;883
HJXXIII;2022;2;UNIDADE INTERNAÇÃO - CLINICA CUIDADOS PROGRESSIVOS 3º ANDAR;666
HJXXIII;2022;2;UNIDADE INTERNAÇÃO - CLINICA MÉDICA 6º ANDAR;654
HJXXIII;2022;2;UNIDADE INTERNAÇÃO - CLINICA NEUROLOGICA 5º ANDAR;966
HJXXIII;2022;2;UNIDADE INTERNAÇÃO - QUEIMADOS GRAVES 9º ANDAR;164
HJXXIII;2022;2;UNIDADE INTERNAÇÃO - QUEIMADOS MÉDIOS - 8º ANDAR;598
HJXXIII;2022;2;UTI;1041
HJXXIII;2022;2;UTI -  PEDIATRICO 2º ANDAR;323
HJXXIII;2022;3;BLOCO CIRURGICO;99
HJXXIII;2022;3;PRONTO SOCORRO;1881
HJXXIII;2022;3;UNIDADE INTERNAÇÃO - CIRURGIA GERAL 4º ANDAR;1000
HJXXIII;2022;3;UNIDADE INTERNAÇÃO - CIRURGIA PLÁSTICA 7º ANDAR;968
HJXXIII;2022;3;UNIDADE INTERNAÇÃO - CLINICA CUIDADOS PROGRESSIVOS 3º ANDAR;742
HJXXIII;2022;3;UNIDADE INTERNAÇÃO - CLINICA MÉDICA 6º ANDAR;789
HJXXIII;2022;3;UNIDADE INTERNAÇÃO - CLINICA NEUROLOGICA 5º ANDAR;1058
HJXXIII;2022;3;UNIDADE INTERNAÇÃO - QUEIMADOS GRAVES 9º ANDAR;262
HJXXIII;2022;3;UNIDADE INTERNAÇÃO - QUEIMADOS MÉDIOS - 8º ANDAR;658
HJXXIII;2022;3;UTI;1195
HJXXIII;2022;3;UTI -  PEDIATRICO 2º ANDAR;379
HJXXIII;2022;4;BLOCO CIRURGICO;77
HJXXIII;2022;4;PRONTO SOCORRO;1819
HJXXIII;2022;4;UNIDADE INTERNAÇÃO - CIRURGIA GERAL 4º ANDAR;963
HJXXIII;2022;4;UNIDADE INTERNAÇÃO - CIRURGIA PLÁSTICA 7º ANDAR;919
HJXXIII;2022;4;UNIDADE INTERNAÇÃO - CLINICA CUIDADOS PROGRESSIVOS 3º ANDAR;716
HJXXIII;2022;4;UNIDADE INTERNAÇÃO - CLINICA MÉDICA 6º ANDAR;846
HJXXIII;2022;4;UNIDADE INTERNAÇÃO - CLINICA NEUROLOGICA 5º ANDAR;1033
HJXXIII;2022;4;UNIDADE INTERNAÇÃO - QUEIMADOS GRAVES 9º ANDAR;258
HJXXIII;2022;4;UNIDADE INTERNAÇÃO - QUEIMADOS MÉDIOS - 8º ANDAR;670
HJXXIII;2022;4;UTI;1121
HJXXIII;2022;4;UTI -  PEDIATRICO 2º ANDAR;331
HJXXIII;2022;5;BLOCO CIRURGICO;98
HJXXIII;2022;5;PRONTO SOCORRO;1605
HJXXIII;2022;5;UNIDADE INTERNAÇÃO - CIRURGIA GERAL 4º ANDAR;1003
HJXXIII;2022;5;UNIDADE INTERNAÇÃO - CIRURGIA PLÁSTICA 7º ANDAR;983
HJXXIII;2022;5;UNIDADE INTERNAÇÃO - CLINICA CUIDADOS PROGRESSIVOS 3º ANDAR;733
HJXXIII;2022;5;UNIDADE INTERNAÇÃO - CLINICA MÉDICA 6º ANDAR;903
HJXXIII;2022;5;UNIDADE INTERNAÇÃO - CLINICA NEUROLOGICA 5º ANDAR;1056
HJXXIII;2022;5;UNIDADE INTERNAÇÃO - QUEIMADOS GRAVES 9º ANDAR;274
HJXXIII;2022;5;UNIDADE INTERNAÇÃO - QUEIMADOS MÉDIOS - 8º ANDAR;692
HJXXIII;2022;5;UTI;1096
HJXXIII;2022;5;UTI -  PEDIATRICO 2º ANDAR;201
HJXXIII;2022;6;BLOCO CIRURGICO;82
HJXXIII;2022;6;PRONTO SOCORRO;1709
HJXXIII;2022;6;UNIDADE INTERNAÇÃO - CIRURGIA GERAL 4º ANDAR;926
HJXXIII;2022;6;UNIDADE INTERNAÇÃO - CIRURGIA PLÁSTICA 7º ANDAR;911
HJXXIII;2022;6;UNIDADE INTERNAÇÃO - CLINICA CUIDADOS PROGRESSIVOS 3º ANDAR;713
HJXXIII;2022;6;UNIDADE INTERNAÇÃO - CLINICA MÉDICA 6º ANDAR;815
HJXXIII;2022;6;UNIDADE INTERNAÇÃO - CLINICA NEUROLOGICA 5º ANDAR;1026
HJXXIII;2022;6;UNIDADE INTERNAÇÃO - QUEIMADOS GRAVES 9º ANDAR;259
HJXXIII;2022;6;UNIDADE INTERNAÇÃO - QUEIMADOS MÉDIOS - 8º ANDAR;688
HJXXIII;2022;6;UTI;1142
HJXXIII;2022;6;UTI -  PEDIATRICO 2º ANDAR;213
HJXXIII;2022;7;BLOCO CIRURGICO;124
HJXXIII;2022;7;PRONTO SOCORRO;2050
HJXXIII;2022;7;UNIDADE INTERNAÇÃO - CIRURGIA GERAL 4º ANDAR;1019
HJXXIII;2022;7;UNIDADE INTERNAÇÃO - CIRURGIA PLÁSTICA 7º ANDAR;987
HJXXIII;2022;7;UNIDADE INTERNAÇÃO - CLINICA CUIDADOS PROGRESSIVOS 3º ANDAR;743
HJXXIII;2022;7;UNIDADE INTERNAÇÃO - CLINICA MÉDICA 6º ANDAR;865
HJXXIII;2022;7;UNIDADE INTERNAÇÃO - CLINICA NEUROLOGICA 5º ANDAR;1059
HJXXIII;2022;7;UNIDADE INTERNAÇÃO - QUEIMADOS GRAVES 9º ANDAR;272
HJXXIII;2022;7;UNIDADE INTERNAÇÃO - QUEIMADOS MÉDIOS - 8º ANDAR;699
HJXXIII;2022;7;UTI;1214
HJXXIII;2022;7;UTI -  PEDIATRICO 2º ANDAR;199
HJXXIII;2022;8;BLOCO CIRURGICO;111
HJXXIII;2022;8;PRONTO SOCORRO;1940
HJXXIII;2022;8;UNIDADE INTERNAÇÃO - CIRURGIA GERAL 4º ANDAR;1039
HJXXIII;2022;8;UNIDADE INTERNAÇÃO - CIRURGIA PLÁSTICA 7º ANDAR;979
HJXXIII;2022;8;UNIDADE INTERNAÇÃO - CLINICA CUIDADOS PROGRESSIVOS 3º ANDAR;738
HJXXIII;2022;8;UNIDADE INTERNAÇÃO - CLINICA MÉDICA 6º ANDAR;892
HJXXIII;2022;8;UNIDADE INTERNAÇÃO - CLINICA NEUROLOGICA 5º ANDAR;1078
HJXXIII;2022;8;UNIDADE INTERNAÇÃO - QUEIMADOS GRAVES 9º ANDAR;230
HJXXIII;2022;8;UNIDADE INTERNAÇÃO - QUEIMADOS MÉDIOS - 8º ANDAR;615
HJXXIII;2022;8;UTI;1261
HJXXIII;2022;8;UTI -  PEDIATRICO 2º ANDAR;180
HJXXIII;2022;9;BLOCO CIRURGICO;142
HJXXIII;2022;9;PRONTO SOCORRO;1983
HJXXIII;2022;9;UNIDADE INTERNAÇÃO - CIRURGIA GERAL 4º ANDAR;985
HJXXIII;2022;9;UNIDADE INTERNAÇÃO - CIRURGIA PLÁSTICA 7º ANDAR;1007
HJXXIII;2022;9;UNIDADE INTERNAÇÃO - CLINICA CUIDADOS PROGRESSIVOS 3º ANDAR;718
HJXXIII;2022;9;UNIDADE INTERNAÇÃO - CLINICA MÉDICA 6º ANDAR;863
HJXXIII;2022;9;UNIDADE INTERNAÇÃO - CLINICA NEUROLOGICA 5º ANDAR;1036
HJXXIII;2022;9;UNIDADE INTERNAÇÃO - QUEIMADOS GRAVES 9º ANDAR;269
HJXXIII;2022;9;UNIDADE INTERNAÇÃO - QUEIMADOS MÉDIOS - 8º ANDAR;630
HJXXIII;2022;9;UTI;1162
HJXXIII;2022;9;UTI -  PEDIATRICO 2º ANDAR;329
HJXXIII;2022;10;BLOCO CIRURGICO;150
HJXXIII;2022;10;PRONTO SOCORRO;2102
HJXXIII;2022;10;UNIDADE INTERNAÇÃO - CIRURGIA GERAL 4º ANDAR;1029
HJXXIII;2022;10;UNIDADE INTERNAÇÃO - CIRURGIA PLÁSTICA 7º ANDAR;1073
HJXXIII;2022;10;UNIDADE INTERNAÇÃO - CLINICA CUIDADOS PROGRESSIVOS 3º ANDAR;734
HJXXIII;2022;10;UNIDADE INTERNAÇÃO - CLINICA MÉDICA 6º ANDAR;893
HJXXIII;2022;10;UNIDADE INTERNAÇÃO - CLINICA NEUROLOGICA 5º ANDAR;1079
HJXXIII;2022;10;UNIDADE INTERNAÇÃO - QUEIMADOS GRAVES 9º ANDAR;270
HJXXIII;2022;10;UNIDADE INTERNAÇÃO - QUEIMADOS MÉDIOS - 8º ANDAR;616
HJXXIII;2022;10;UTI;1264
HJXXIII;2022;10;UTI -  PEDIATRICO 2º ANDAR;308
HJXXIII;2022;11;BLOCO CIRURGICO;98
HJXXIII;2022;11;PRONTO SOCORRO;2117
HJXXIII;2022;11;UNIDADE INTERNAÇÃO - CIRURGIA GERAL 4º ANDAR;981
HJXXIII;2022;11;UNIDADE INTERNAÇÃO - CIRURGIA PLÁSTICA 7º ANDAR;1027
HJXXIII;2022;11;UNIDADE INTERNAÇÃO - CLINICA CUIDADOS PROGRESSIVOS 3º ANDAR;710
HJXXIII;2022;11;UNIDADE INTERNAÇÃO - CLINICA MÉDICA 6º ANDAR;868
HJXXIII;2022;11;UNIDADE INTERNAÇÃO - CLINICA NEUROLOGICA 5º ANDAR;1042
HJXXIII;2022;11;UNIDADE INTERNAÇÃO - QUEIMADOS GRAVES 9º ANDAR;252
HJXXIII;2022;11;UNIDADE INTERNAÇÃO - QUEIMADOS MÉDIOS - 8º ANDAR;616
HJXXIII;2022;11;UTI;1211
HJXXIII;2022;11;UTI -  PEDIATRICO 2º ANDAR;232
HJXXIII;2022;12;BLOCO CIRURGICO;102
HJXXIII;2022;12;PRONTO SOCORRO;2154
HJXXIII;2022;12;UNIDADE INTERNAÇÃO - CIRURGIA GERAL 4º ANDAR;1019
HJXXIII;2022;12;UNIDADE INTERNAÇÃO - CIRURGIA PLÁSTICA 7º ANDAR;1024
HJXXIII;2022;12;UNIDADE INTERNAÇÃO - CLINICA CUIDADOS PROGRESSIVOS 3º ANDAR;733
HJXXIII;2022;12;UNIDADE INTERNAÇÃO - CLINICA MÉDICA 6º ANDAR;873
HJXXIII;2022;12;UNIDADE INTERNAÇÃO - CLINICA NEUROLOGICA 5º ANDAR;1066
HJXXIII;2022;12;UNIDADE INTERNAÇÃO - QUEIMADOS GRAVES 9º ANDAR;269
HJXXIII;2022;12;UNIDADE INTERNAÇÃO - QUEIMADOS MÉDIOS - 8º ANDAR;667
HJXXIII;2022;12;UTI;1208
HJXXIII;2022;12;UTI -  PEDIATRICO 2º ANDAR;207
HJXXIII;2023;1;BLOCO CIRURGICO;65
HJXXIII;2023;1;PRONTO SOCORRO;1961
HJXXIII;2023;1;UNIDADE INTERNAÇÃO - CIRURGIA GERAL 4º ANDAR;1016
HJXXIII;2023;1;UNIDADE INTERNAÇÃO - CIRURGIA PLÁSTICA 7º ANDAR;985
HJXXIII;2023;1;UNIDADE INTERNAÇÃO - CLINICA CUIDADOS PROGRESSIVOS 3º ANDAR;741
HJXXIII;2023;1;UNIDADE INTERNAÇÃO - CLINICA MÉDICA 6º ANDAR;893
HJXXIII;2023;1;UNIDADE INTERNAÇÃO - CLINICA NEUROLOGICA 5º ANDAR;1073
HJXXIII;2023;1;UNIDADE INTERNAÇÃO - QUEIMADOS GRAVES 9º ANDAR;266
HJXXIII;2023;1;UNIDADE INTERNAÇÃO - QUEIMADOS MÉDIOS - 8º ANDAR;665
HJXXIII;2023;1;UTI;1200
HJXXIII;2023;1;UTI -  PEDIATRICO 2º ANDAR;203
HJXXIII;2023;2;BLOCO CIRURGICO;91
HJXXIII;2023;2;PRONTO SOCORRO;1768
HJXXIII;2023;2;UNIDADE INTERNAÇÃO - CIRURGIA GERAL 4º ANDAR;954
HJXXIII;2023;2;UNIDADE INTERNAÇÃO - CIRURGIA PLÁSTICA 7º ANDAR;897
HJXXIII;2023;2;UNIDADE INTERNAÇÃO - CLINICA CUIDADOS PROGRESSIVOS 3º ANDAR;668
HJXXIII;2023;2;UNIDADE INTERNAÇÃO - CLINICA MÉDICA 6º ANDAR;801
HJXXIII;2023;2;UNIDADE INTERNAÇÃO - CLINICA NEUROLOGICA 5º ANDAR;967
HJXXIII;2023;2;UNIDADE INTERNAÇÃO - QUEIMADOS GRAVES 9º ANDAR;224
HJXXIII;2023;2;UNIDADE INTERNAÇÃO - QUEIMADOS MÉDIOS - 8º ANDAR;506
HJXXIII;2023;2;UTI;1059
HJXXIII;2023;2;UTI -  PEDIATRICO 2º ANDAR;189
HJXXIII;2023;3;BLOCO CIRURGICO;111
HJXXIII;2023;3;PRONTO SOCORRO;2180
HJXXIII;2023;3;UNIDADE INTERNAÇÃO - CIRURGIA GERAL 4º ANDAR;1040
HJXXIII;2023;3;UNIDADE INTERNAÇÃO - CIRURGIA PLÁSTICA 7º ANDAR;1037
HJXXIII;2023;3;UNIDADE INTERNAÇÃO - CLINICA CUIDADOS PROGRESSIVOS 3º ANDAR;740
HJXXIII;2023;3;UNIDADE INTERNAÇÃO - CLINICA MÉDICA 6º ANDAR;916
HJXXIII;2023;3;UNIDADE INTERNAÇÃO - CLINICA NEUROLOGICA 5º ANDAR;1074
HJXXIII;2023;3;UNIDADE INTERNAÇÃO - QUEIMADOS GRAVES 9º ANDAR;264
HJXXIII;2023;3;UNIDADE INTERNAÇÃO - QUEIMADOS MÉDIOS - 8º ANDAR;549
HJXXIII;2023;3;UTI;1171
HJXXIII;2023;3;UTI -  PEDIATRICO 2º ANDAR;236
HJXXIII;2023;4;BLOCO CIRURGICO;109
HJXXIII;2023;4;PRONTO SOCORRO;2116
HJXXIII;2023;4;UNIDADE INTERNAÇÃO - CIRURGIA GERAL 4º ANDAR;1017
HJXXIII;2023;4;UNIDADE INTERNAÇÃO - CIRURGIA PLÁSTICA 7º ANDAR;972
HJXXIII;2023;4;UNIDADE INTERNAÇÃO - CLINICA CUIDADOS PROGRESSIVOS 3º ANDAR;711
HJXXIII;2023;4;UNIDADE INTERNAÇÃO - CLINICA MÉDICA 6º ANDAR;871
HJXXIII;2023;4;UNIDADE INTERNAÇÃO - CLINICA NEUROLOGICA 5º ANDAR;1037
HJXXIII;2023;4;UNIDADE INTERNAÇÃO - QUEIMADOS GRAVES 9º ANDAR;255
HJXXIII;2023;4;UNIDADE INTERNAÇÃO - QUEIMADOS MÉDIOS - 8º ANDAR;613
HJXXIII;2023;4;UTI;1197
HJXXIII;2023;4;UTI -  PEDIATRICO 2º ANDAR;270
HJXXIII;2023;5;BLOCO CIRURGICO;124
HJXXIII;2023;5;PRONTO SOCORRO;2467
HJXXIII;2023;5;UNIDADE INTERNAÇÃO - CIRURGIA GERAL 4º ANDAR;1041
HJXXIII;2023;5;UNIDADE INTERNAÇÃO - CIRURGIA PLÁSTICA 7º ANDAR;1007
HJXXIII;2023;5;UNIDADE INTERNAÇÃO - CLINICA CUIDADOS PROGRESSIVOS 3º ANDAR;734
HJXXIII;2023;5;UNIDADE INTERNAÇÃO - CLINICA MÉDICA 6º ANDAR;916
HJXXIII;2023;5;UNIDADE INTERNAÇÃO - CLINICA NEUROLOGICA 5º ANDAR;1053
HJXXIII;2023;5;UNIDADE INTERNAÇÃO - QUEIMADOS GRAVES 9º ANDAR;276
HJXXIII;2023;5;UNIDADE INTERNAÇÃO - QUEIMADOS MÉDIOS - 8º ANDAR;572
HJXXIII;2023;5;UTI;1258
HJXXIII;2023;5;UTI -  PEDIATRICO 2º ANDAR;270
HJXXIII;2023;6;BLOCO CIRURGICO;91
HJXXIII;2023;6;PRONTO SOCORRO;2235
HJXXIII;2023;6;UNIDADE INTERNAÇÃO - CIRURGIA GERAL 4º ANDAR;1007
HJXXIII;2023;6;UNIDADE INTERNAÇÃO - CIRURGIA PLÁSTICA 7º ANDAR;962
HJXXIII;2023;6;UNIDADE INTERNAÇÃO - CLINICA CUIDADOS PROGRESSIVOS 3º ANDAR;711
HJXXIII;2023;6;UNIDADE INTERNAÇÃO - CLINICA MÉDICA 6º ANDAR;867
HJXXIII;2023;6;UNIDADE INTERNAÇÃO - CLINICA NEUROLOGICA 5º ANDAR;1042
HJXXIII;2023;6;UNIDADE INTERNAÇÃO - QUEIMADOS GRAVES 9º ANDAR;249
HJXXIII;2023;6;UNIDADE INTERNAÇÃO - QUEIMADOS MÉDIOS - 8º ANDAR;653
HJXXIII;2023;6;UTI;1176
HJXXIII;2023;6;UTI -  PEDIATRICO 2º ANDAR;282
HJXXIII;2023;7;BLOCO CIRURGICO;159
HJXXIII;2023;7;PRONTO SOCORRO;2565
HJXXIII;2023;7;UNIDADE INTERNAÇÃO - CIRURGIA GERAL 4º ANDAR;1056
HJXXIII;2023;7;UNIDADE INTERNAÇÃO - CIRURGIA PLÁSTICA 7º ANDAR;1010
HJXXIII;2023;7;UNIDADE INTERNAÇÃO - CLINICA CUIDADOS PROGRESSIVOS 3º ANDAR;710
HJXXIII;2023;7;UNIDADE INTERNAÇÃO - CLINICA MÉDICA 6º ANDAR;895
HJXXIII;2023;7;UNIDADE INTERNAÇÃO - CLINICA NEUROLOGICA 5º ANDAR;1082
HJXXIII;2023;7;UNIDADE INTERNAÇÃO - QUEIMADOS GRAVES 9º ANDAR;274
HJXXIII;2023;7;UNIDADE INTERNAÇÃO - QUEIMADOS MÉDIOS - 8º ANDAR;652
HJXXIII;2023;7;UTI;1285
HJXXIII;2023;7;UTI -  PEDIATRICO 2º ANDAR;264
HJXXIII;2023;8;BLOCO CIRURGICO;150
HJXXIII;2023;8;PRONTO SOCORRO;2217
HJXXIII;2023;8;UNIDADE INTERNAÇÃO - CIRURGIA GERAL 4º ANDAR;1067
HJXXIII;2023;8;UNIDADE INTERNAÇÃO - CIRURGIA PLÁSTICA 7º ANDAR;1050
HJXXIII;2023;8;UNIDADE INTERNAÇÃO - CLINICA CUIDADOS PROGRESSIVOS 3º ANDAR;541
HJXXIII;2023;8;UNIDADE INTERNAÇÃO - CLINICA MÉDICA 6º ANDAR;893
HJXXIII;2023;8;UNIDADE INTERNAÇÃO - CLINICA NEUROLOGICA 5º ANDAR;1079
HJXXIII;2023;8;UNIDADE INTERNAÇÃO - QUEIMADOS GRAVES 9º ANDAR;260
HJXXIII;2023;8;UNIDADE INTERNAÇÃO - QUEIMADOS MÉDIOS - 8º ANDAR;649
HJXXIII;2023;8;UTI;1392
HJXXIII;2023;8;UTI -  PEDIATRICO 2º ANDAR;203
HJXXIII;2023;9;BLOCO CIRURGICO;206
HJXXIII;2023;9;PRONTO SOCORRO;2377
HJXXIII;2023;9;UNIDADE INTERNAÇÃO - CIRURGIA GERAL 4º ANDAR;1009
HJXXIII;2023;9;UNIDADE INTERNAÇÃO - CIRURGIA PLÁSTICA 7º ANDAR;1024
HJXXIII;2023;9;UNIDADE INTERNAÇÃO - CLINICA CUIDADOS PROGRESSIVOS 3º ANDAR;443
HJXXIII;2023;9;UNIDADE INTERNAÇÃO - CLINICA MÉDICA 6º ANDAR;868
HJXXIII;2023;9;UNIDADE INTERNAÇÃO - CLINICA NEUROLOGICA 5º ANDAR;1041
HJXXIII;2023;9;UNIDADE INTERNAÇÃO - QUEIMADOS GRAVES 9º ANDAR;260
HJXXIII;2023;9;UNIDADE INTERNAÇÃO - QUEIMADOS MÉDIOS - 8º ANDAR;657
HJXXIII;2023;9;UTI;1399
HJXXIII;2023;9;UTI -  PEDIATRICO 2º ANDAR;218
HJXXIII;2023;10;BLOCO CIRURGICO;155
HJXXIII;2023;10;PRONTO SOCORRO;2601
HJXXIII;2023;10;UNIDADE INTERNAÇÃO - CIRURGIA GERAL 4º ANDAR;1030
HJXXIII;2023;10;UNIDADE INTERNAÇÃO - CIRURGIA PLÁSTICA 7º ANDAR;1066
HJXXIII;2023;10;UNIDADE INTERNAÇÃO - CLINICA CUIDADOS PROGRESSIVOS 3º ANDAR;461
HJXXIII;2023;10;UNIDADE INTERNAÇÃO - CLINICA MÉDICA 6º ANDAR;893
HJXXIII;2023;10;UNIDADE INTERNAÇÃO - CLINICA NEUROLOGICA 5º ANDAR;1077
HJXXIII;2023;10;UNIDADE INTERNAÇÃO - QUEIMADOS GRAVES 9º ANDAR;235
HJXXIII;2023;10;UNIDADE INTERNAÇÃO - QUEIMADOS MÉDIOS - 8º ANDAR;611
HJXXIII;2023;10;UTI;1403
HJXXIII;2023;10;UTI -  PEDIATRICO 2º ANDAR;168
HJXXIII;2023;11;BLOCO CIRURGICO;145
HJXXIII;2023;11;PRONTO SOCORRO;2196
HJXXIII;2023;11;UNIDADE INTERNAÇÃO - CIRURGIA GERAL 4º ANDAR;1000
HJXXIII;2023;11;UNIDADE INTERNAÇÃO - CIRURGIA PLÁSTICA 7º ANDAR;1020
HJXXIII;2023;11;UNIDADE INTERNAÇÃO - CLINICA CUIDADOS PROGRESSIVOS 3º ANDAR;436
HJXXIII;2023;11;UNIDADE INTERNAÇÃO - CLINICA MÉDICA 6º ANDAR;870
HJXXIII;2023;11;UNIDADE INTERNAÇÃO - CLINICA NEUROLOGICA 5º ANDAR;1027
HJXXIII;2023;11;UNIDADE INTERNAÇÃO - QUEIMADOS GRAVES 9º ANDAR;223
HJXXIII;2023;11;UNIDADE INTERNAÇÃO - QUEIMADOS MÉDIOS - 8º ANDAR;621
HJXXIII;2023;11;UTI;1331
HJXXIII;2023;11;UTI -  PEDIATRICO 2º ANDAR;248
HJXXIII;2023;12;BLOCO CIRURGICO;157
HJXXIII;2023;12;PRONTO SOCORRO;2434
HJXXIII;2023;12;UNIDADE INTERNAÇÃO - CIRURGIA GERAL 4º ANDAR;1055
HJXXIII;2023;12;UNIDADE INTERNAÇÃO - CIRURGIA PLÁSTICA 7º ANDAR;1057
HJXXIII;2023;12;UNIDADE INTERNAÇÃO - CLINICA CUIDADOS PROGRESSIVOS 3º ANDAR;583
HJXXIII;2023;12;UNIDADE INTERNAÇÃO - CLINICA MÉDICA 6º ANDAR;893
HJXXIII;2023;12;UNIDADE INTERNAÇÃO - CLINICA NEUROLOGICA 5º ANDAR;1074
HJXXIII;2023;12;UNIDADE INTERNAÇÃO - QUEIMADOS GRAVES 9º ANDAR;264
HJXXIII;2023;12;UNIDADE INTERNAÇÃO - QUEIMADOS MÉDIOS - 8º ANDAR;674
HJXXIII;2023;12;UTI;1305
HJXXIII;2023;12;UTI -  PEDIATRICO 2º ANDAR;226
HJXXIII;2024;1;BLOCO CIRURGICO;135
HJXXIII;2024;1;PRONTO SOCORRO;2148
HJXXIII;2024;1;UNIDADE INTERNAÇÃO - CIRURGIA GERAL 4º ANDAR;1034
HJXXIII;2024;1;UNIDADE INTERNAÇÃO - CIRURGIA PLÁSTICA 7º ANDAR;1024
HJXXIII;2024;1;UNIDADE INTERNAÇÃO - CLINICA CUIDADOS PROGRESSIVOS 3º ANDAR;643
HJXXIII;2024;1;UNIDADE INTERNAÇÃO - CLINICA MÉDICA 6º ANDAR;889
HJXXIII;2024;1;UNIDADE INTERNAÇÃO - CLINICA NEUROLOGICA 5º ANDAR;1071
HJXXIII;2024;1;UNIDADE INTERNAÇÃO - QUEIMADOS GRAVES 9º ANDAR;260
HJXXIII;2024;1;UNIDADE INTERNAÇÃO - QUEIMADOS MÉDIOS - 8º ANDAR;645
HJXXIII;2024;1;UTI;1205
HJXXIII;2024;1;UTI -  PEDIATRICO 2º ANDAR;149
HJXXIII;2024;2;BLOCO CIRURGICO;104
HJXXIII;2024;2;PRONTO SOCORRO;1947
HJXXIII;2024;2;UNIDADE INTERNAÇÃO - CIRURGIA GERAL 4º ANDAR;960
HJXXIII;2024;2;UNIDADE INTERNAÇÃO - CIRURGIA PLÁSTICA 7º ANDAR;925
HJXXIII;2024;2;UNIDADE INTERNAÇÃO - CLINICA CUIDADOS PROGRESSIVOS 3º ANDAR;596
HJXXIII;2024;2;UNIDADE INTERNAÇÃO - CLINICA MÉDICA 6º ANDAR;831
HJXXIII;2024;2;UNIDADE INTERNAÇÃO - CLINICA NEUROLOGICA 5º ANDAR;1008
HJXXIII;2024;2;UNIDADE INTERNAÇÃO - QUEIMADOS GRAVES 9º ANDAR;248
HJXXIII;2024;2;UNIDADE INTERNAÇÃO - QUEIMADOS MÉDIOS - 8º ANDAR;604
HJXXIII;2024;2;UTI;1069
HJXXIII;2024;2;UTI -  PEDIATRICO 2º ANDAR;130
HJXXIII;2024;3;BLOCO CIRURGICO;146
HJXXIII;2024;3;PRONTO SOCORRO;2548
HJXXIII;2024;3;UNIDADE INTERNAÇÃO - CIRURGIA GERAL 4º ANDAR;1055
HJXXIII;2024;3;UNIDADE INTERNAÇÃO - CIRURGIA PLÁSTICA 7º ANDAR;1003
HJXXIII;2024;3;UNIDADE INTERNAÇÃO - CLINICA CUIDADOS PROGRESSIVOS 3º ANDAR;631
HJXXIII;2024;3;UNIDADE INTERNAÇÃO - CLINICA MÉDICA 6º ANDAR;892
HJXXIII;2024;3;UNIDADE INTERNAÇÃO - CLINICA NEUROLOGICA 5º ANDAR;1077
HJXXIII;2024;3;UNIDADE INTERNAÇÃO - QUEIMADOS GRAVES 9º ANDAR;269
HJXXIII;2024;3;UNIDADE INTERNAÇÃO - QUEIMADOS MÉDIOS - 8º ANDAR;546
HJXXIII;2024;3;UTI;1173
HJXXIII;2024;3;UTI -  PEDIATRICO 2º ANDAR;221
HJXXIII;2024;4;BLOCO CIRURGICO;96
HJXXIII;2024;4;PRONTO SOCORRO;1803
HJXXIII;2024;4;UNIDADE INTERNAÇÃO - CIRURGIA GERAL 4º ANDAR;949
HJXXIII;2024;4;UNIDADE INTERNAÇÃO - CIRURGIA PLÁSTICA 7º ANDAR;956
HJXXIII;2024;4;UNIDADE INTERNAÇÃO - CLINICA CUIDADOS PROGRESSIVOS 3º ANDAR;587
HJXXIII;2024;4;UNIDADE INTERNAÇÃO - CLINICA MÉDICA 6º ANDAR;826
HJXXIII;2024;4;UNIDADE INTERNAÇÃO - CLINICA NEUROLOGICA 5º ANDAR;1013
HJXXIII;2024;4;UNIDADE INTERNAÇÃO - QUEIMADOS GRAVES 9º ANDAR;253
HJXXIII;2024;4;UNIDADE INTERNAÇÃO - QUEIMADOS MÉDIOS - 8º ANDAR;581
HJXXIII;2024;4;UTI;1164
HJXXIII;2024;4;UTI -  PEDIATRICO 2º ANDAR;287
HJXXIII;2024;5;BLOCO CIRURGICO;121
HJXXIII;2024;5;PRONTO SOCORRO;2005
HJXXIII;2024;5;UNIDADE INTERNAÇÃO - CIRURGIA GERAL 4º ANDAR;1003
HJXXIII;2024;5;UNIDADE INTERNAÇÃO - CIRURGIA PLÁSTICA 7º ANDAR;986
HJXXIII;2024;5;UNIDADE INTERNAÇÃO - CLINICA CUIDADOS PROGRESSIVOS 3º ANDAR;649
HJXXIII;2024;5;UNIDADE INTERNAÇÃO - CLINICA MÉDICA 6º ANDAR;866
HJXXIII;2024;5;UNIDADE INTERNAÇÃO - CLINICA NEUROLOGICA 5º ANDAR;1037
HJXXIII;2024;5;UNIDADE INTERNAÇÃO - QUEIMADOS GRAVES 9º ANDAR;275
HJXXIII;2024;5;UNIDADE INTERNAÇÃO - QUEIMADOS MÉDIOS - 8º ANDAR;635
HJXXIII;2024;5;UTI;1208
HJXXIII;2024;5;UTI -  PEDIATRICO 2º ANDAR;304
HJXXIII;2024;6;BLOCO CIRURGICO;141
HJXXIII;2024;6;PRONTO SOCORRO;2245
HJXXIII;2024;6;UNIDADE INTERNAÇÃO - CIRURGIA GERAL 4º ANDAR;988
HJXXIII;2024;6;UNIDADE INTERNAÇÃO - CIRURGIA PLÁSTICA 7º ANDAR;971
HJXXIII;2024;6;UNIDADE INTERNAÇÃO - CLINICA CUIDADOS PROGRESSIVOS 3º ANDAR;610
HJXXIII;2024;6;UNIDADE INTERNAÇÃO - CLINICA MÉDICA 6º ANDAR;858
HJXXIII;2024;6;UNIDADE INTERNAÇÃO - CLINICA NEUROLOGICA 5º ANDAR;1036
HJXXIII;2024;6;UNIDADE INTERNAÇÃO - QUEIMADOS GRAVES 9º ANDAR;233
HJXXIII;2024;6;UNIDADE INTERNAÇÃO - QUEIMADOS MÉDIOS - 8º ANDAR;555
HJXXIII;2024;6;UTI;1207
HJXXIII;2024;6;UTI -  PEDIATRICO 2º ANDAR;182
HJXXIII;2024;7;BLOCO CIRURGICO;120
HJXXIII;2024;7;PRONTO SOCORRO;2151
HJXXIII;2024;7;UNIDADE INTERNAÇÃO - CIRURGIA GERAL 4º ANDAR;1049
HJXXIII;2024;7;UNIDADE INTERNAÇÃO - CIRURGIA PLÁSTICA 7º ANDAR;992
HJXXIII;2024;7;UNIDADE INTERNAÇÃO - CLINICA CUIDADOS PROGRESSIVOS 3º ANDAR;642
HJXXIII;2024;7;UNIDADE INTERNAÇÃO - CLINICA MÉDICA 6º ANDAR;883
HJXXIII;2024;7;UNIDADE INTERNAÇÃO - CLINICA NEUROLOGICA 5º ANDAR;1061
HJXXIII;2024;7;UNIDADE INTERNAÇÃO - QUEIMADOS GRAVES 9º ANDAR;269
HJXXIII;2024;7;UNIDADE INTERNAÇÃO - QUEIMADOS MÉDIOS - 8º ANDAR;647
HJXXIII;2024;7;UTI;1158
HJXXIII;2024;7;UTI -  PEDIATRICO 2º ANDAR;193
HJXXIII;2024;8;BLOCO CIRURGICO;125
HJXXIII;2024;8;PRONTO SOCORRO;2027
HJXXIII;2024;8;UNIDADE INTERNAÇÃO - CIRURGIA GERAL 4º ANDAR;1011
HJXXIII;2024;8;UNIDADE INTERNAÇÃO - CIRURGIA PLÁSTICA 7º ANDAR;1010
HJXXIII;2024;8;UNIDADE INTERNAÇÃO - CLINICA CUIDADOS PROGRESSIVOS 3º ANDAR;636
HJXXIII;2024;8;UNIDADE INTERNAÇÃO - CLINICA MÉDICA 6º ANDAR;859
HJXXIII;2024;8;UNIDADE INTERNAÇÃO - CLINICA NEUROLOGICA 5º ANDAR;1060
HJXXIII;2024;8;UNIDADE INTERNAÇÃO - QUEIMADOS GRAVES 9º ANDAR;248
HJXXIII;2024;8;UNIDADE INTERNAÇÃO - QUEIMADOS MÉDIOS - 8º ANDAR;664
HJXXIII;2024;8;UTI;1192
HJXXIII;2024;8;UTI -  PEDIATRICO 2º ANDAR;182
HJXXIII;2024;9;BLOCO CIRURGICO;130
HJXXIII;2024;9;PRONTO SOCORRO;2102
HJXXIII;2024;9;UNIDADE INTERNAÇÃO - CIRURGIA GERAL 4º ANDAR;983
HJXXIII;2024;9;UNIDADE INTERNAÇÃO - CIRURGIA PLÁSTICA 7º ANDAR;962
HJXXIII;2024;9;UNIDADE INTERNAÇÃO - CLINICA CUIDADOS PROGRESSIVOS 3º ANDAR;626
HJXXIII;2024;9;UNIDADE INTERNAÇÃO - CLINICA MÉDICA 6º ANDAR;843
HJXXIII;2024;9;UNIDADE INTERNAÇÃO - CLINICA NEUROLOGICA 5º ANDAR;1026
HJXXIII;2024;9;UNIDADE INTERNAÇÃO - QUEIMADOS GRAVES 9º ANDAR;249
HJXXIII;2024;9;UNIDADE INTERNAÇÃO - QUEIMADOS MÉDIOS - 8º ANDAR;683
HJXXIII;2024;9;UTI;1192
HJXXIII;2024;9;UTI -  PEDIATRICO 2º ANDAR;168
HJXXIII;2024;10;BLOCO CIRURGICO;163
HJXXIII;2024;10;PRONTO SOCORRO;2176
HJXXIII;2024;10;UNIDADE INTERNAÇÃO - CIRURGIA GERAL 4º ANDAR;941
HJXXIII;2024;10;UNIDADE INTERNAÇÃO - CIRURGIA PLÁSTICA 7º ANDAR;1024
HJXXIII;2024;10;UNIDADE INTERNAÇÃO - CLINICA CUIDADOS PROGRESSIVOS 3º ANDAR;485
HJXXIII;2024;10;UNIDADE INTERNAÇÃO - CLINICA MÉDICA 6º ANDAR;841
HJXXIII;2024;10;UNIDADE INTERNAÇÃO - CLINICA NEUROLOGICA 5º ANDAR;1038
HJXXIII;2024;10;UNIDADE INTERNAÇÃO - QUEIMADOS GRAVES 9º ANDAR;266
HJXXIII;2024;10;UNIDADE INTERNAÇÃO - QUEIMADOS MÉDIOS - 8º ANDAR;684
HJXXIII;2024;10;UTI;1171
HJXXIII;2024;10;UTI -  PEDIATRICO 2º ANDAR;133
HJXXIII;2024;11;BLOCO CIRURGICO;80
HJXXIII;2024;11;PRONTO SOCORRO;1913
HJXXIII;2024;11;UNIDADE INTERNAÇÃO - CIRURGIA GERAL 4º ANDAR;988
HJXXIII;2024;11;UNIDADE INTERNAÇÃO - CIRURGIA PLÁSTICA 7º ANDAR;962
HJXXIII;2024;11;UNIDADE INTERNAÇÃO - CLINICA CUIDADOS PROGRESSIVOS 3º ANDAR;431
HJXXIII;2024;11;UNIDADE INTERNAÇÃO - CLINICA MÉDICA 6º ANDAR;824
HJXXIII;2024;11;UNIDADE INTERNAÇÃO - CLINICA NEUROLOGICA 5º ANDAR;982
HJXXIII;2024;11;UNIDADE INTERNAÇÃO - QUEIMADOS GRAVES 9º ANDAR;259
HJXXIII;2024;11;UNIDADE INTERNAÇÃO - QUEIMADOS MÉDIOS - 8º ANDAR;596
HJXXIII;2024;11;UTI;997
HJXXIII;2024;11;UTI -  PEDIATRICO 2º ANDAR;147
HJXXIII;2024;12;BLOCO CIRURGICO;114
HJXXIII;2024;12;PRONTO SOCORRO;2064
HJXXIII;2024;12;UNIDADE INTERNAÇÃO - CIRURGIA GERAL 4º ANDAR;1002
HJXXIII;2024;12;UNIDADE INTERNAÇÃO - CIRURGIA PLÁSTICA 7º ANDAR;1056
HJXXIII;2024;12;UNIDADE INTERNAÇÃO - CLINICA CUIDADOS PROGRESSIVOS 3º ANDAR;457
HJXXIII;2024;12;UNIDADE INTERNAÇÃO - CLINICA MÉDICA 6º ANDAR;850
HJXXIII;2024;12;UNIDADE INTERNAÇÃO - CLINICA NEUROLOGICA 5º ANDAR;1059
HJXXIII;2024;12;UNIDADE INTERNAÇÃO - QUEIMADOS GRAVES 9º ANDAR;249
HJXXIII;2024;12;UNIDADE INTERNAÇÃO - QUEIMADOS MÉDIOS - 8º ANDAR;495
HJXXIII;2024;12;UTI;1189
HJXXIII;2024;12;UTI -  PEDIATRICO 2º ANDAR;125
HJXXIII;2025;1;BLOCO CIRURGICO;86
HJXXIII;2025;1;PRONTO SOCORRO;2355
HJXXIII;2025;1;UNIDADE INTERNAÇÃO - CIRURGIA GERAL 4º ANDAR;1029
HJXXIII;2025;1;UNIDADE INTERNAÇÃO - CIRURGIA PLÁSTICA 7º ANDAR;1049
HJXXIII;2025;1;UNIDADE INTERNAÇÃO - CLINICA CUIDADOS PROGRESSIVOS 3º ANDAR;598
HJXXIII;2025;1;UNIDADE INTERNAÇÃO - CLINICA MÉDICA 6º ANDAR;847
HJXXIII;2025;1;UNIDADE INTERNAÇÃO - CLINICA NEUROLOGICA 5º ANDAR;1028
HJXXIII;2025;1;UNIDADE INTERNAÇÃO - QUEIMADOS GRAVES 9º ANDAR;265
HJXXIII;2025;1;UNIDADE INTERNAÇÃO - QUEIMADOS MÉDIOS - 8º ANDAR;673
HJXXIII;2025;1;UTI;1092
HJXXIII;2025;1;UTI -  PEDIATRICO 2º ANDAR;192
HJXXIII;2025;2;BLOCO CIRURGICO;122
HJXXIII;2025;2;PRONTO SOCORRO;1897
HJXXIII;2025;2;UNIDADE INTERNAÇÃO - CIRURGIA GERAL 4º ANDAR;904
HJXXIII;2025;2;UNIDADE INTERNAÇÃO - CIRURGIA PLÁSTICA 7º ANDAR;960
HJXXIII;2025;2;UNIDADE INTERNAÇÃO - CLINICA CUIDADOS PROGRESSIVOS 3º ANDAR;526
HJXXIII;2025;2;UNIDADE INTERNAÇÃO - CLINICA MÉDICA 6º ANDAR;793
HJXXIII;2025;2;UNIDADE INTERNAÇÃO - CLINICA NEUROLOGICA 5º ANDAR;940
HJXXIII;2025;2;UNIDADE INTERNAÇÃO - QUEIMADOS GRAVES 9º ANDAR;233
HJXXIII;2025;2;UNIDADE INTERNAÇÃO - QUEIMADOS MÉDIOS - 8º ANDAR;599
HJXXIII;2025;2;UTI;943
HJXXIII;2025;2;UTI -  PEDIATRICO 2º ANDAR;180
HJXXIII;2025;3;BLOCO CIRURGICO;91
HJXXIII;2025;3;PRONTO SOCORRO;2285
HJXXIII;2025;3;UNIDADE INTERNAÇÃO - CIRURGIA GERAL 4º ANDAR;1025
HJXXIII;2025;3;UNIDADE INTERNAÇÃO - CIRURGIA PLÁSTICA 7º ANDAR;1067
HJXXIII;2025;3;UNIDADE INTERNAÇÃO - CLINICA CUIDADOS PROGRESSIVOS 3º ANDAR;594
HJXXIII;2025;3;UNIDADE INTERNAÇÃO - CLINICA MÉDICA 6º ANDAR;880
HJXXIII;2025;3;UNIDADE INTERNAÇÃO - CLINICA NEUROLOGICA 5º ANDAR;1063
HJXXIII;2025;3;UNIDADE INTERNAÇÃO - QUEIMADOS GRAVES 9º ANDAR;258
HJXXIII;2025;3;UNIDADE INTERNAÇÃO - QUEIMADOS MÉDIOS - 8º ANDAR;690
HJXXIII;2025;3;UTI;1090
HJXXIII;2025;3;UTI -  PEDIATRICO 2º ANDAR;201
HJXXIII;2025;4;BLOCO CIRURGICO;129
HJXXIII;2025;4;PRONTO SOCORRO;2455
HJXXIII;2025;4;UNIDADE INTERNAÇÃO - CIRURGIA GERAL 4º ANDAR;1020
HJXXIII;2025;4;UNIDADE INTERNAÇÃO - CIRURGIA PLÁSTICA 7º ANDAR;1026
HJXXIII;2025;4;UNIDADE INTERNAÇÃO - CLINICA CUIDADOS PROGRESSIVOS 3º ANDAR;597
HJXXIII;2025;4;UNIDADE INTERNAÇÃO - CLINICA MÉDICA 6º ANDAR;846
HJXXIII;2025;4;UNIDADE INTERNAÇÃO - CLINICA NEUROLOGICA 5º ANDAR;1026
HJXXIII;2025;4;UNIDADE INTERNAÇÃO - QUEIMADOS GRAVES 9º ANDAR;246
HJXXIII;2025;4;UNIDADE INTERNAÇÃO - QUEIMADOS MÉDIOS - 8º ANDAR;596
HJXXIII;2025;4;UTI;1068
HJXXIII;2025;4;UTI -  PEDIATRICO 2º ANDAR;259
HJXXIII;2025;5;BLOCO CIRURGICO;113
HJXXIII;2025;5;PRONTO SOCORRO;2456
HJXXIII;2025;5;UNIDADE INTERNAÇÃO - CIRURGIA GERAL 4º ANDAR;1029
HJXXIII;2025;5;UNIDADE INTERNAÇÃO - CIRURGIA PLÁSTICA 7º ANDAR;1049
HJXXIII;2025;5;UNIDADE INTERNAÇÃO - CLINICA CUIDADOS PROGRESSIVOS 3º ANDAR;635
HJXXIII;2025;5;UNIDADE INTERNAÇÃO - CLINICA MÉDICA 6º ANDAR;876
HJXXIII;2025;5;UNIDADE INTERNAÇÃO - CLINICA NEUROLOGICA 5º ANDAR;1047
HJXXIII;2025;5;UNIDADE INTERNAÇÃO - QUEIMADOS GRAVES 9º ANDAR;228
HJXXIII;2025;5;UNIDADE INTERNAÇÃO - QUEIMADOS MÉDIOS - 8º ANDAR;674
HJXXIII;2025;5;UTI;1092
HJXXIII;2025;5;UTI -  PEDIATRICO 2º ANDAR;340
HJXXIII;2025;6;BLOCO CIRURGICO;111
HJXXIII;2025;6;PRONTO SOCORRO;2289
HJXXIII;2025;6;UNIDADE INTERNAÇÃO - CIRURGIA GERAL 4º ANDAR;1004
HJXXIII;2025;6;UNIDADE INTERNAÇÃO - CIRURGIA PLÁSTICA 7º ANDAR;1029
HJXXIII;2025;6;UNIDADE INTERNAÇÃO - CLINICA CUIDADOS PROGRESSIVOS 3º ANDAR;609
HJXXIII;2025;6;UNIDADE INTERNAÇÃO - CLINICA MÉDICA 6º ANDAR;841
HJXXIII;2025;6;UNIDADE INTERNAÇÃO - CLINICA NEUROLOGICA 5º ANDAR;1020
HJXXIII;2025;6;UNIDADE INTERNAÇÃO - QUEIMADOS GRAVES 9º ANDAR;202
HJXXIII;2025;6;UNIDADE INTERNAÇÃO - QUEIMADOS MÉDIOS - 8º ANDAR;632
HJXXIII;2025;6;UTI;1096
HJXXIII;2025;6;UTI -  PEDIATRICO 2º ANDAR;395
HJXXIII;2025;7;BLOCO CIRURGICO;127
HJXXIII;2025;7;PRONTO SOCORRO;2498
HJXXIII;2025;7;UNIDADE INTERNAÇÃO - CIRURGIA GERAL 4º ANDAR;1058
HJXXIII;2025;7;UNIDADE INTERNAÇÃO - CIRURGIA PLÁSTICA 7º ANDAR;1076
HJXXIII;2025;7;UNIDADE INTERNAÇÃO - CLINICA CUIDADOS PROGRESSIVOS 3º ANDAR;614
HJXXIII;2025;7;UNIDADE INTERNAÇÃO - CLINICA MÉDICA 6º ANDAR;871
HJXXIII;2025;7;UNIDADE INTERNAÇÃO - CLINICA NEUROLOGICA 5º ANDAR;1059
HJXXIII;2025;7;UNIDADE INTERNAÇÃO - QUEIMADOS GRAVES 9º ANDAR;226
HJXXIII;2025;7;UNIDADE INTERNAÇÃO - QUEIMADOS MÉDIOS - 8º ANDAR;620
HJXXIII;2025;7;UTI;1071
HJXXIII;2025;7;UTI -  PEDIATRICO 2º ANDAR;174
HJXXIII;2025;8;BLOCO CIRURGICO;143
HJXXIII;2025;8;PRONTO SOCORRO;2448
HJXXIII;2025;8;UNIDADE INTERNAÇÃO - CIRURGIA GERAL 4º ANDAR;1043
HJXXIII;2025;8;UNIDADE INTERNAÇÃO - CIRURGIA PLÁSTICA 7º ANDAR;1064
HJXXIII;2025;8;UNIDADE INTERNAÇÃO - CLINICA CUIDADOS PROGRESSIVOS 3º ANDAR;604
HJXXIII;2025;8;UNIDADE INTERNAÇÃO - CLINICA MÉDICA 6º ANDAR;876
HJXXIII;2025;8;UNIDADE INTERNAÇÃO - CLINICA NEUROLOGICA 5º ANDAR;1034
HJXXIII;2025;8;UNIDADE INTERNAÇÃO - QUEIMADOS GRAVES 9º ANDAR;244
HJXXIII;2025;8;UNIDADE INTERNAÇÃO - QUEIMADOS MÉDIOS - 8º ANDAR;649
HJXXIII;2025;8;UTI;1077
HJXXIII;2025;8;UTI -  PEDIATRICO 2º ANDAR;157
HJXXIII;2025;9;BLOCO CIRURGICO;103
HJXXIII;2025;9;PRONTO SOCORRO;2089
HJXXIII;2025;9;UNIDADE INTERNAÇÃO - CIRURGIA GERAL 4º ANDAR;1006
HJXXIII;2025;9;UNIDADE INTERNAÇÃO - CIRURGIA PLÁSTICA 7º ANDAR;1015
HJXXIII;2025;9;UNIDADE INTERNAÇÃO - CLINICA CUIDADOS PROGRESSIVOS 3º ANDAR;612
HJXXIII;2025;9;UNIDADE INTERNAÇÃO - CLINICA MÉDICA 6º ANDAR;838
HJXXIII;2025;9;UNIDADE INTERNAÇÃO - CLINICA NEUROLOGICA 5º ANDAR;1005
HJXXIII;2025;9;UNIDADE INTERNAÇÃO - QUEIMADOS GRAVES 9º ANDAR;269
HJXXIII;2025;9;UNIDADE INTERNAÇÃO - QUEIMADOS MÉDIOS - 8º ANDAR;631
HJXXIII;2025;9;UTI;982
HJXXIII;2025;9;UTI -  PEDIATRICO 2º ANDAR;127
HJXXIII;2025;10;BLOCO CIRURGICO;123
HJXXIII;2025;10;PRONTO SOCORRO;2438
HJXXIII;2025;10;UNIDADE INTERNAÇÃO - CIRURGIA GERAL 4º ANDAR;1041
HJXXIII;2025;10;UNIDADE INTERNAÇÃO - CIRURGIA PLÁSTICA 7º ANDAR;1069
HJXXIII;2025;10;UNIDADE INTERNAÇÃO - CLINICA CUIDADOS PROGRESSIVOS 3º ANDAR;612
HJXXIII;2025;10;UNIDADE INTERNAÇÃO - CLINICA MÉDICA 6º ANDAR;855
HJXXIII;2025;10;UNIDADE INTERNAÇÃO - CLINICA NEUROLOGICA 5º ANDAR;1061
HJXXIII;2025;10;UNIDADE INTERNAÇÃO - QUEIMADOS GRAVES 9º ANDAR;264
HJXXIII;2025;10;UNIDADE INTERNAÇÃO - QUEIMADOS MÉDIOS - 8º ANDAR;707
HJXXIII;2025;10;UTI;1051
HJXXIII;2025;10;UTI -  PEDIATRICO 2º ANDAR;157
HJXXIII;2025;11;BLOCO CIRURGICO;123
HJXXIII;2025;11;PRONTO SOCORRO;1970
HJXXIII;2025;11;UNIDADE INTERNAÇÃO - CIRURGIA GERAL 4º ANDAR;1018
HJXXIII;2025;11;UNIDADE INTERNAÇÃO - CIRURGIA PLÁSTICA 7º ANDAR;1037
HJXXIII;2025;11;UNIDADE INTERNAÇÃO - CLINICA CUIDADOS PROGRESSIVOS 3º ANDAR;594
HJXXIII;2025;11;UNIDADE INTERNAÇÃO - CLINICA MÉDICA 6º ANDAR;814
HJXXIII;2025;11;UNIDADE INTERNAÇÃO - CLINICA NEUROLOGICA 5º ANDAR;1034
HJXXIII;2025;11;UNIDADE INTERNAÇÃO - QUEIMADOS GRAVES 9º ANDAR;236
HJXXIII;2025;11;UNIDADE INTERNAÇÃO - QUEIMADOS MÉDIOS - 8º ANDAR;635
HJXXIII;2025;11;UTI;964
HJXXIII;2025;11;UTI -  PEDIATRICO 2º ANDAR;150
HJXXIII;2025;12;BLOCO CIRURGICO;128
HJXXIII;2025;12;PRONTO SOCORRO;2532
HJXXIII;2025;12;UNIDADE INTERNAÇÃO - CIRURGIA GERAL 4º ANDAR;1062
HJXXIII;2025;12;UNIDADE INTERNAÇÃO - CIRURGIA PLÁSTICA 7º ANDAR;1063
HJXXIII;2025;12;UNIDADE INTERNAÇÃO - CLINICA CUIDADOS PROGRESSIVOS 3º ANDAR;629
HJXXIII;2025;12;UNIDADE INTERNAÇÃO - CLINICA MÉDICA 6º ANDAR;862
HJXXIII;2025;12;UNIDADE INTERNAÇÃO - CLINICA NEUROLOGICA 5º ANDAR;1041
HJXXIII;2025;12;UNIDADE INTERNAÇÃO - QUEIMADOS GRAVES 9º ANDAR;239
HJXXIII;2025;12;UNIDADE INTERNAÇÃO - QUEIMADOS MÉDIOS - 8º ANDAR;634
HJXXIII;2025;12;UTI;1044
HJXXIII;2025;12;UTI -  PEDIATRICO 2º ANDAR;190
HJXXIII;2026;1;BLOCO CIRURGICO;148
HJXXIII;2026;1;PRONTO SOCORRO;2428
HJXXIII;2026;1;UNIDADE INTERNAÇÃO - CIRURGIA GERAL 4º ANDAR;1059
HJXXIII;2026;1;UNIDADE INTERNAÇÃO - CIRURGIA PLÁSTICA 7º ANDAR;963
HJXXIII;2026;1;UNIDADE INTERNAÇÃO - CLINICA CUIDADOS PROGRESSIVOS 3º ANDAR;633
HJXXIII;2026;1;UNIDADE INTERNAÇÃO - CLINICA MÉDICA 6º ANDAR;866
HJXXIII;2026;1;UNIDADE INTERNAÇÃO - CLINICA NEUROLOGICA 5º ANDAR;1051
HJXXIII;2026;1;UNIDADE INTERNAÇÃO - QUEIMADOS GRAVES 9º ANDAR;245
HJXXIII;2026;1;UNIDADE INTERNAÇÃO - QUEIMADOS MÉDIOS - 8º ANDAR;652
HJXXIII;2026;1;UTI;1081
HJXXIII;2026;1;UTI -  PEDIATRICO 2º ANDAR;183
HJXXIII;2026;2;BLOCO CIRURGICO;115
HJXXIII;2026;2;PRONTO SOCORRO;1878
HJXXIII;2026;2;UNIDADE INTERNAÇÃO - CIRURGIA GERAL 4º ANDAR;943
HJXXIII;2026;2;UNIDADE INTERNAÇÃO - CIRURGIA PLÁSTICA 7º ANDAR;803
HJXXIII;2026;2;UNIDADE INTERNAÇÃO - CLINICA CUIDADOS PROGRESSIVOS 3º ANDAR;558
HJXXIII;2026;2;UNIDADE INTERNAÇÃO - CLINICA MÉDICA 6º ANDAR;776
HJXXIII;2026;2;UNIDADE INTERNAÇÃO - CLINICA NEUROLOGICA 5º ANDAR;972
HJXXIII;2026;2;UNIDADE INTERNAÇÃO - QUEIMADOS GRAVES 9º ANDAR;197
HJXXIII;2026;2;UNIDADE INTERNAÇÃO - QUEIMADOS MÉDIOS - 8º ANDAR;451
HJXXIII;2026;2;UTI;1030
HJXXIII;2026;2;UTI -  PEDIATRICO 2º ANDAR;168
HJXXIII;2026;3;BLOCO CIRURGICO;110
HJXXIII;2026;3;PRONTO SOCORRO;2414
HJXXIII;2026;3;UNIDADE INTERNAÇÃO - CIRURGIA GERAL 4º ANDAR;1049
HJXXIII;2026;3;UNIDADE INTERNAÇÃO - CIRURGIA PLÁSTICA 7º ANDAR;916
HJXXIII;2026;3;UNIDADE INTERNAÇÃO - CLINICA CUIDADOS PROGRESSIVOS 3º ANDAR;636
HJXXIII;2026;3;UNIDADE INTERNAÇÃO - CLINICA MÉDICA 6º ANDAR;870
HJXXIII;2026;3;UNIDADE INTERNAÇÃO - CLINICA NEUROLOGICA 5º ANDAR;1058
HJXXIII;2026;3;UNIDADE INTERNAÇÃO - QUEIMADOS GRAVES 9º ANDAR;251
HJXXIII;2026;3;UNIDADE INTERNAÇÃO - QUEIMADOS MÉDIOS - 8º ANDAR;624
HJXXIII;2026;3;UTI;1155
HJXXIII;2026;3;UTI -  PEDIATRICO 2º ANDAR;192
HJXXIII;2026;4;BLOCO CIRURGICO;136
HJXXIII;2026;4;PRONTO SOCORRO;2399
HJXXIII;2026;4;UNIDADE INTERNAÇÃO - CIRURGIA GERAL 4º ANDAR;1029
HJXXIII;2026;4;UNIDADE INTERNAÇÃO - CIRURGIA PLÁSTICA 7º ANDAR;888
HJXXIII;2026;4;UNIDADE INTERNAÇÃO - CLINICA CUIDADOS PROGRESSIVOS 3º ANDAR;606
HJXXIII;2026;4;UNIDADE INTERNAÇÃO - CLINICA MÉDICA 6º ANDAR;845
HJXXIII;2026;4;UNIDADE INTERNAÇÃO - CLINICA NEUROLOGICA 5º ANDAR;1013
HJXXIII;2026;4;UNIDADE INTERNAÇÃO - QUEIMADOS GRAVES 9º ANDAR;199
HJXXIII;2026;4;UNIDADE INTERNAÇÃO - QUEIMADOS MÉDIOS - 8º ANDAR;619
HJXXIII;2026;4;UTI;1074
HJXXIII;2026;4;UTI -  PEDIATRICO 2º ANDAR;296
HJXXIII;2026;5;BLOCO CIRURGICO;116
HJXXIII;2026;5;PRONTO SOCORRO;2168
HJXXIII;2026;5;UNIDADE INTERNAÇÃO - CIRURGIA GERAL 4º ANDAR;1064
HJXXIII;2026;5;UNIDADE INTERNAÇÃO - CIRURGIA PLÁSTICA 7º ANDAR;919
HJXXIII;2026;5;UNIDADE INTERNAÇÃO - CLINICA CUIDADOS PROGRESSIVOS 3º ANDAR;626
HJXXIII;2026;5;UNIDADE INTERNAÇÃO - CLINICA MÉDICA 6º ANDAR;867
HJXXIII;2026;5;UNIDADE INTERNAÇÃO - CLINICA NEUROLOGICA 5º ANDAR;1056
HJXXIII;2026;5;UNIDADE INTERNAÇÃO - QUEIMADOS GRAVES 9º ANDAR;235
HJXXIII;2026;5;UNIDADE INTERNAÇÃO - QUEIMADOS MÉDIOS - 8º ANDAR;662
HJXXIII;2026;5;UTI;1076
HJXXIII;2026;5;UTI -  PEDIATRICO 2º ANDAR;391
HMAL;2019;1;UNIDADE DE INTERNAÇÃO - TRAUMATO/ORTOPEDIA A;449
HMAL;2019;1;UNIDADE DE INTERNAÇÃO - TRAUMATO/ORTOPEDIA B;500
HMAL;2019;1;UNIDADE INTERNAÇÃO - BUCO TRAUMATO ORTOPEDIA 2º ANDAR;443
HMAL;2019;2;UNIDADE DE INTERNAÇÃO - TRAUMATO/ORTOPEDIA A;375
HMAL;2019;2;UNIDADE DE INTERNAÇÃO - TRAUMATO/ORTOPEDIA B;416
HMAL;2019;2;UNIDADE INTERNAÇÃO - BUCO TRAUMATO ORTOPEDIA 2º ANDAR;383
HMAL;2019;3;UNIDADE DE INTERNAÇÃO - TRAUMATO/ORTOPEDIA A;460
HMAL;2019;3;UNIDADE DE INTERNAÇÃO - TRAUMATO/ORTOPEDIA B;520
HMAL;2019;3;UNIDADE INTERNAÇÃO - BUCO TRAUMATO ORTOPEDIA 2º ANDAR;462
HMAL;2019;4;UNIDADE DE INTERNAÇÃO - TRAUMATO/ORTOPEDIA A;401
HMAL;2019;4;UNIDADE DE INTERNAÇÃO - TRAUMATO/ORTOPEDIA B;484
HMAL;2019;4;UNIDADE INTERNAÇÃO - BUCO TRAUMATO ORTOPEDIA 2º ANDAR;420
HMAL;2019;5;UNIDADE DE INTERNAÇÃO - TRAUMATO/ORTOPEDIA A;427
HMAL;2019;5;UNIDADE DE INTERNAÇÃO - TRAUMATO/ORTOPEDIA B;505
HMAL;2019;5;UNIDADE INTERNAÇÃO - BUCO TRAUMATO ORTOPEDIA 2º ANDAR;418
HMAL;2019;6;UNIDADE DE INTERNAÇÃO - TRAUMATO/ORTOPEDIA A;455
HMAL;2019;6;UNIDADE DE INTERNAÇÃO - TRAUMATO/ORTOPEDIA B;488
HMAL;2019;6;UNIDADE INTERNAÇÃO - BUCO TRAUMATO ORTOPEDIA 2º ANDAR;431
HMAL;2019;7;UNIDADE DE INTERNAÇÃO - TRAUMATO/ORTOPEDIA A;442
HMAL;2019;7;UNIDADE DE INTERNAÇÃO - TRAUMATO/ORTOPEDIA B;471
HMAL;2019;7;UNIDADE INTERNAÇÃO - BUCO TRAUMATO ORTOPEDIA 2º ANDAR;398
HMAL;2019;8;UNIDADE DE INTERNAÇÃO - TRAUMATO/ORTOPEDIA A;387
HMAL;2019;8;UNIDADE DE INTERNAÇÃO - TRAUMATO/ORTOPEDIA B;463
HMAL;2019;8;UNIDADE INTERNAÇÃO - BUCO TRAUMATO ORTOPEDIA 2º ANDAR;390
HMAL;2019;9;UNIDADE DE INTERNAÇÃO - TRAUMATO/ORTOPEDIA A;375
HMAL;2019;9;UNIDADE DE INTERNAÇÃO - TRAUMATO/ORTOPEDIA B;422
HMAL;2019;9;UNIDADE INTERNAÇÃO - BUCO TRAUMATO ORTOPEDIA 2º ANDAR;369
HMAL;2019;10;UNIDADE DE INTERNAÇÃO - TRAUMATO/ORTOPEDIA A;367
HMAL;2019;10;UNIDADE DE INTERNAÇÃO - TRAUMATO/ORTOPEDIA B;422
HMAL;2019;10;UNIDADE INTERNAÇÃO - BUCO TRAUMATO ORTOPEDIA 2º ANDAR;396
HMAL;2019;11;UNIDADE DE INTERNAÇÃO - TRAUMATO/ORTOPEDIA A;366
HMAL;2019;11;UNIDADE DE INTERNAÇÃO - TRAUMATO/ORTOPEDIA B;386
HMAL;2019;11;UNIDADE INTERNAÇÃO - BUCO TRAUMATO ORTOPEDIA 2º ANDAR;398
HMAL;2019;12;UNIDADE DE INTERNAÇÃO - TRAUMATO/ORTOPEDIA A;432
HMAL;2019;12;UNIDADE DE INTERNAÇÃO - TRAUMATO/ORTOPEDIA B;497
HMAL;2019;12;UNIDADE INTERNAÇÃO - BUCO TRAUMATO ORTOPEDIA 2º ANDAR;408
HMAL;2020;1;UNIDADE DE INTERNAÇÃO - TRAUMATO/ORTOPEDIA A;431
HMAL;2020;1;UNIDADE DE INTERNAÇÃO - TRAUMATO/ORTOPEDIA B;387
HMAL;2020;1;UNIDADE INTERNAÇÃO - BUCO TRAUMATO ORTOPEDIA 2º ANDAR;414
HMAL;2020;2;UNIDADE DE INTERNAÇÃO - TRAUMATO/ORTOPEDIA A;413
HMAL;2020;2;UNIDADE DE INTERNAÇÃO - TRAUMATO/ORTOPEDIA B;418
HMAL;2020;2;UNIDADE INTERNAÇÃO - BUCO TRAUMATO ORTOPEDIA 2º ANDAR;403
HMAL;2020;3;UNIDADE DE INTERNAÇÃO - TRAUMATO/ORTOPEDIA A;421
HMAL;2020;3;UNIDADE DE INTERNAÇÃO - TRAUMATO/ORTOPEDIA B;479
HMAL;2020;3;UNIDADE INTERNAÇÃO - BUCO TRAUMATO ORTOPEDIA 2º ANDAR;356
HMAL;2020;4;UNIDADE DE INTERNAÇÃO - TRAUMATO/ORTOPEDIA A;378
HMAL;2020;4;UNIDADE DE INTERNAÇÃO - TRAUMATO/ORTOPEDIA B;410
HMAL;2020;5;UNIDADE DE INTERNAÇÃO - TRAUMATO/ORTOPEDIA A;419
HMAL;2020;5;UNIDADE DE INTERNAÇÃO - TRAUMATO/ORTOPEDIA B;424
HMAL;2020;6;UNIDADE DE INTERNAÇÃO - TRAUMATO/ORTOPEDIA A;406
HMAL;2020;6;UNIDADE DE INTERNAÇÃO - TRAUMATO/ORTOPEDIA B;478
HMAL;2020;6;UNIDADE INTERNAÇÃO - BUCO TRAUMATO ORTOPEDIA 2º ANDAR;51
HMAL;2020;7;UNIDADE DE INTERNAÇÃO - TRAUMATO/ORTOPEDIA A;416
HMAL;2020;7;UNIDADE DE INTERNAÇÃO - TRAUMATO/ORTOPEDIA B;491
HMAL;2020;7;UNIDADE INTERNAÇÃO - BUCO TRAUMATO ORTOPEDIA 2º ANDAR;322
HMAL;2020;8;UNIDADE DE INTERNAÇÃO - TRAUMATO/ORTOPEDIA A;415
HMAL;2020;8;UNIDADE DE INTERNAÇÃO - TRAUMATO/ORTOPEDIA B;486
HMAL;2020;8;UNIDADE INTERNAÇÃO - BUCO TRAUMATO ORTOPEDIA 2º ANDAR;407
HMAL;2020;9;UNIDADE DE INTERNAÇÃO - TRAUMATO/ORTOPEDIA A;397
HMAL;2020;9;UNIDADE DE INTERNAÇÃO - TRAUMATO/ORTOPEDIA B;487
HMAL;2020;9;UNIDADE INTERNAÇÃO - BUCO TRAUMATO ORTOPEDIA 2º ANDAR;406
HMAL;2020;10;UNIDADE DE INTERNAÇÃO - TRAUMATO/ORTOPEDIA A;412
HMAL;2020;10;UNIDADE DE INTERNAÇÃO - TRAUMATO/ORTOPEDIA B;481
HMAL;2020;10;UNIDADE INTERNAÇÃO - BUCO TRAUMATO ORTOPEDIA 2º ANDAR;420
HMAL;2020;11;UNIDADE DE INTERNAÇÃO - TRAUMATO/ORTOPEDIA A;449
HMAL;2020;11;UNIDADE DE INTERNAÇÃO - TRAUMATO/ORTOPEDIA B;486
HMAL;2020;11;UNIDADE INTERNAÇÃO - BUCO TRAUMATO ORTOPEDIA 2º ANDAR;418
HMAL;2020;12;UNIDADE DE INTERNAÇÃO - TRAUMATO/ORTOPEDIA A;422
HMAL;2020;12;UNIDADE DE INTERNAÇÃO - TRAUMATO/ORTOPEDIA B;436
HMAL;2020;12;UNIDADE INTERNAÇÃO - BUCO TRAUMATO ORTOPEDIA 2º ANDAR;292
HMAL;2021;1;UNIDADE DE INTERNAÇÃO - TRAUMATO/ORTOPEDIA A;439
HMAL;2021;1;UNIDADE DE INTERNAÇÃO - TRAUMATO/ORTOPEDIA B;504
HMAL;2021;1;UNIDADE INTERNAÇÃO - BUCO TRAUMATO ORTOPEDIA 2º ANDAR;63
HMAL;2021;2;UNIDADE DE INTERNAÇÃO - TRAUMATO/ORTOPEDIA A;403
HMAL;2021;2;UNIDADE DE INTERNAÇÃO - TRAUMATO/ORTOPEDIA B;438
HMAL;2021;2;UNIDADE INTERNAÇÃO - BUCO TRAUMATO ORTOPEDIA 2º ANDAR;384
HMAL;2021;3;UNIDADE DE INTERNAÇÃO - TRAUMATO/ORTOPEDIA A;450
HMAL;2021;3;UNIDADE DE INTERNAÇÃO - TRAUMATO/ORTOPEDIA B;517
HMAL;2021;3;UNIDADE INTERNAÇÃO - BUCO TRAUMATO ORTOPEDIA 2º ANDAR;413
HMAL;2021;4;UNIDADE DE INTERNAÇÃO - TRAUMATO/ORTOPEDIA A;447
HMAL;2021;4;UNIDADE DE INTERNAÇÃO - TRAUMATO/ORTOPEDIA B;492
HMAL;2021;4;UNIDADE INTERNAÇÃO - BUCO TRAUMATO ORTOPEDIA 2º ANDAR;414
HMAL;2021;5;UNIDADE DE INTERNAÇÃO - TRAUMATO/ORTOPEDIA A;488
HMAL;2021;5;UNIDADE DE INTERNAÇÃO - TRAUMATO/ORTOPEDIA B;512
HMAL;2021;5;UNIDADE INTERNAÇÃO - BUCO TRAUMATO ORTOPEDIA 2º ANDAR;430
HMAL;2021;6;UNIDADE DE INTERNAÇÃO - TRAUMATO/ORTOPEDIA A;427
HMAL;2021;6;UNIDADE DE INTERNAÇÃO - TRAUMATO/ORTOPEDIA B;506
HMAL;2021;6;UNIDADE INTERNAÇÃO - BUCO TRAUMATO ORTOPEDIA 2º ANDAR;382
HMAL;2021;7;UNIDADE DE INTERNAÇÃO - TRAUMATO/ORTOPEDIA A;473
HMAL;2021;7;UNIDADE DE INTERNAÇÃO - TRAUMATO/ORTOPEDIA B;527
HMAL;2021;7;UNIDADE INTERNAÇÃO - BUCO TRAUMATO ORTOPEDIA 2º ANDAR;441
HMAL;2021;8;UNIDADE DE INTERNAÇÃO - TRAUMATO/ORTOPEDIA A;414
HMAL;2021;8;UNIDADE DE INTERNAÇÃO - TRAUMATO/ORTOPEDIA B;524
HMAL;2021;8;UNIDADE INTERNAÇÃO - BUCO TRAUMATO ORTOPEDIA 2º ANDAR;373
HMAL;2021;9;UNIDADE DE INTERNAÇÃO - TRAUMATO/ORTOPEDIA A;412
HMAL;2021;9;UNIDADE DE INTERNAÇÃO - TRAUMATO/ORTOPEDIA B;509
HMAL;2021;9;UNIDADE INTERNAÇÃO - BUCO TRAUMATO ORTOPEDIA 2º ANDAR;390
HMAL;2021;10;UNIDADE DE INTERNAÇÃO - TRAUMATO/ORTOPEDIA A;451
HMAL;2021;10;UNIDADE DE INTERNAÇÃO - TRAUMATO/ORTOPEDIA B;492
HMAL;2021;10;UNIDADE INTERNAÇÃO - BUCO TRAUMATO ORTOPEDIA 2º ANDAR;371
HMAL;2021;11;UNIDADE DE INTERNAÇÃO - TRAUMATO/ORTOPEDIA A;432
HMAL;2021;11;UNIDADE DE INTERNAÇÃO - TRAUMATO/ORTOPEDIA B;485
HMAL;2021;11;UNIDADE INTERNAÇÃO - BUCO TRAUMATO ORTOPEDIA 2º ANDAR;376
HMAL;2021;12;UNIDADE DE INTERNAÇÃO - TRAUMATO/ORTOPEDIA A;419
HMAL;2021;12;UNIDADE DE INTERNAÇÃO - TRAUMATO/ORTOPEDIA B;315
HMAL;2021;12;UNIDADE INTERNAÇÃO - BUCO TRAUMATO ORTOPEDIA 2º ANDAR;372
HMAL;2022;1;UNIDADE DE INTERNAÇÃO - TRAUMATO/ORTOPEDIA A;495
HMAL;2022;1;UNIDADE INTERNAÇÃO - BUCO TRAUMATO ORTOPEDIA 2º ANDAR;425
HMAL;2022;2;UNIDADE DE INTERNAÇÃO - TRAUMATO/ORTOPEDIA A;385
HMAL;2022;2;UNIDADE DE INTERNAÇÃO - TRAUMATO/ORTOPEDIA B;209
HMAL;2022;2;UNIDADE INTERNAÇÃO - BUCO TRAUMATO ORTOPEDIA 2º ANDAR;352
HMAL;2022;3;UNIDADE DE INTERNAÇÃO - TRAUMATO/ORTOPEDIA A;373
HMAL;2022;3;UNIDADE DE INTERNAÇÃO - TRAUMATO/ORTOPEDIA B;427
HMAL;2022;3;UNIDADE INTERNAÇÃO - BUCO TRAUMATO ORTOPEDIA 2º ANDAR;331
HMAL;2022;4;UNIDADE DE INTERNAÇÃO - TRAUMATO/ORTOPEDIA A;392
HMAL;2022;4;UNIDADE DE INTERNAÇÃO - TRAUMATO/ORTOPEDIA B;471
HMAL;2022;4;UNIDADE INTERNAÇÃO - BUCO TRAUMATO ORTOPEDIA 2º ANDAR;307
HMAL;2022;5;UNIDADE DE INTERNAÇÃO - TRAUMATO/ORTOPEDIA A;397
HMAL;2022;5;UNIDADE DE INTERNAÇÃO - TRAUMATO/ORTOPEDIA B;429
HMAL;2022;5;UNIDADE INTERNAÇÃO - BUCO TRAUMATO ORTOPEDIA 2º ANDAR;383
HMAL;2022;6;UNIDADE DE INTERNAÇÃO - TRAUMATO/ORTOPEDIA A;444
HMAL;2022;6;UNIDADE DE INTERNAÇÃO - TRAUMATO/ORTOPEDIA B;479
HMAL;2022;6;UNIDADE INTERNAÇÃO - BUCO TRAUMATO ORTOPEDIA 2º ANDAR;321
HMAL;2022;7;UNIDADE DE INTERNAÇÃO - TRAUMATO/ORTOPEDIA A;483
HMAL;2022;7;UNIDADE DE INTERNAÇÃO - TRAUMATO/ORTOPEDIA B;551
HMAL;2022;8;UNIDADE DE INTERNAÇÃO - TRAUMATO/ORTOPEDIA A;482
HMAL;2022;8;UNIDADE DE INTERNAÇÃO - TRAUMATO/ORTOPEDIA B;576
HMAL;2022;9;UNIDADE DE INTERNAÇÃO - TRAUMATO/ORTOPEDIA A;464
HMAL;2022;9;UNIDADE DE INTERNAÇÃO - TRAUMATO/ORTOPEDIA B;576
HMAL;2022;10;UNIDADE DE INTERNAÇÃO - TRAUMATO/ORTOPEDIA A;458
HMAL;2022;10;UNIDADE DE INTERNAÇÃO - TRAUMATO/ORTOPEDIA B;525
HMAL;2022;11;UNIDADE DE INTERNAÇÃO - TRAUMATO/ORTOPEDIA A;479
HMAL;2022;11;UNIDADE DE INTERNAÇÃO - TRAUMATO/ORTOPEDIA B;529
HMAL;2022;12;UNIDADE DE INTERNAÇÃO - TRAUMATO/ORTOPEDIA A;490
HMAL;2022;12;UNIDADE DE INTERNAÇÃO - TRAUMATO/ORTOPEDIA B;557
HMAL;2023;1;UNIDADE DE INTERNAÇÃO - TRAUMATO/ORTOPEDIA A;515
HMAL;2023;1;UNIDADE DE INTERNAÇÃO - TRAUMATO/ORTOPEDIA B;525
HMAL;2023;2;UNIDADE DE INTERNAÇÃO - TRAUMATO/ORTOPEDIA A;477
HMAL;2023;2;UNIDADE DE INTERNAÇÃO - TRAUMATO/ORTOPEDIA B;484
HMAL;2023;3;UNIDADE DE INTERNAÇÃO - TRAUMATO/ORTOPEDIA A;471
HMAL;2023;3;UNIDADE DE INTERNAÇÃO - TRAUMATO/ORTOPEDIA B;524
HMAL;2023;4;UNIDADE DE INTERNAÇÃO - TRAUMATO/ORTOPEDIA A;482
HMAL;2023;4;UNIDADE DE INTERNAÇÃO - TRAUMATO/ORTOPEDIA B;536
HMAL;2023;5;UNIDADE DE INTERNAÇÃO - TRAUMATO/ORTOPEDIA A;479
HMAL;2023;5;UNIDADE DE INTERNAÇÃO - TRAUMATO/ORTOPEDIA B;562
HMAL;2023;6;UNIDADE DE INTERNAÇÃO - TRAUMATO/ORTOPEDIA A;466
HMAL;2023;6;UNIDADE DE INTERNAÇÃO - TRAUMATO/ORTOPEDIA B;528
HMAL;2023;7;UNIDADE DE INTERNAÇÃO - TRAUMATO/ORTOPEDIA A;490
HMAL;2023;7;UNIDADE DE INTERNAÇÃO - TRAUMATO/ORTOPEDIA B;557
HMAL;2023;8;UNIDADE DE INTERNAÇÃO - TRAUMATO/ORTOPEDIA A;444
HMAL;2023;8;UNIDADE DE INTERNAÇÃO - TRAUMATO/ORTOPEDIA B;555
HMAL;2023;9;UNIDADE DE INTERNAÇÃO - TRAUMATO/ORTOPEDIA A;421
HMAL;2023;9;UNIDADE DE INTERNAÇÃO - TRAUMATO/ORTOPEDIA B;528
HMAL;2023;10;UNIDADE DE INTERNAÇÃO - TRAUMATO/ORTOPEDIA A;393
HMAL;2023;10;UNIDADE DE INTERNAÇÃO - TRAUMATO/ORTOPEDIA B;527
HMAL;2023;11;UNIDADE DE INTERNAÇÃO - TRAUMATO/ORTOPEDIA A;404
HMAL;2023;11;UNIDADE DE INTERNAÇÃO - TRAUMATO/ORTOPEDIA B;524
HMAL;2023;12;UNIDADE DE INTERNAÇÃO - TRAUMATO/ORTOPEDIA A;437
HMAL;2023;12;UNIDADE DE INTERNAÇÃO - TRAUMATO/ORTOPEDIA B;551
HMAL;2024;1;UNIDADE DE INTERNAÇÃO - TRAUMATO/ORTOPEDIA A;375
HMAL;2024;1;UNIDADE DE INTERNAÇÃO - TRAUMATO/ORTOPEDIA B;482
HMAL;2024;2;UNIDADE DE INTERNAÇÃO - TRAUMATO/ORTOPEDIA A;426
HMAL;2024;2;UNIDADE DE INTERNAÇÃO - TRAUMATO/ORTOPEDIA B;503
HMAL;2024;3;UNIDADE DE INTERNAÇÃO - TRAUMATO/ORTOPEDIA A;481
HMAL;2024;3;UNIDADE DE INTERNAÇÃO - TRAUMATO/ORTOPEDIA B;570
HMAL;2024;4;UNIDADE DE INTERNAÇÃO - TRAUMATO/ORTOPEDIA A;378
HMAL;2024;4;UNIDADE DE INTERNAÇÃO - TRAUMATO/ORTOPEDIA B;513
HMAL;2024;5;UNIDADE DE INTERNAÇÃO - TRAUMATO/ORTOPEDIA A;452
HMAL;2024;5;UNIDADE DE INTERNAÇÃO - TRAUMATO/ORTOPEDIA B;522
HMAL;2024;6;UNIDADE DE INTERNAÇÃO - TRAUMATO/ORTOPEDIA A;422
HMAL;2024;6;UNIDADE DE INTERNAÇÃO - TRAUMATO/ORTOPEDIA B;460
HMAL;2024;7;UNIDADE DE INTERNAÇÃO - TRAUMATO/ORTOPEDIA A;467
HMAL;2024;7;UNIDADE DE INTERNAÇÃO - TRAUMATO/ORTOPEDIA B;572
HMAL;2024;8;UNIDADE DE INTERNAÇÃO - TRAUMATO/ORTOPEDIA A;432
HMAL;2024;8;UNIDADE DE INTERNAÇÃO - TRAUMATO/ORTOPEDIA B;469
HMAL;2024;9;UNIDADE DE INTERNAÇÃO - TRAUMATO/ORTOPEDIA A;394
HMAL;2024;9;UNIDADE DE INTERNAÇÃO - TRAUMATO/ORTOPEDIA B;482
HMAL;2024;10;UNIDADE DE INTERNAÇÃO - TRAUMATO/ORTOPEDIA A;402
HMAL;2024;10;UNIDADE DE INTERNAÇÃO - TRAUMATO/ORTOPEDIA B;490
HMAL;2024;11;UNIDADE DE INTERNAÇÃO - TRAUMATO/ORTOPEDIA A;286
HMAL;2024;11;UNIDADE DE INTERNAÇÃO - TRAUMATO/ORTOPEDIA B;336
HMAL;2024;12;UNIDADE DE INTERNAÇÃO - TRAUMATO/ORTOPEDIA A;365
HMAL;2024;12;UNIDADE DE INTERNAÇÃO - TRAUMATO/ORTOPEDIA B;412
HMAL;2025;1;UNIDADE DE INTERNAÇÃO - TRAUMATO/ORTOPEDIA A;377
HMAL;2025;1;UNIDADE DE INTERNAÇÃO - TRAUMATO/ORTOPEDIA B;447
HMAL;2025;2;UNIDADE DE INTERNAÇÃO - TRAUMATO/ORTOPEDIA A;160
HMAL;2025;2;UNIDADE DE INTERNAÇÃO - TRAUMATO/ORTOPEDIA B;203
HMAL;2025;3;UNIDADE DE INTERNAÇÃO - TRAUMATO/ORTOPEDIA A;55
HMAL;2025;3;UNIDADE DE INTERNAÇÃO - TRAUMATO/ORTOPEDIA B;93
HMAL;2025;4;UNIDADE DE INTERNAÇÃO - TRAUMATO/ORTOPEDIA B;195
HMAL;2025;5;UNIDADE DE INTERNAÇÃO - TRAUMATO/ORTOPEDIA B;408
HMAL;2025;6;UNIDADE DE INTERNAÇÃO - TRAUMATO/ORTOPEDIA B;424
HMAL;2025;7;UNIDADE DE INTERNAÇÃO - TRAUMATO/ORTOPEDIA B;457
HMAL;2025;8;UNIDADE DE INTERNAÇÃO - TRAUMATO/ORTOPEDIA B;471
HMAL;2025;9;UNIDADE DE INTERNAÇÃO - TRAUMATO/ORTOPEDIA B;437
HMAL;2025;10;UNIDADE DE INTERNAÇÃO - TRAUMATO/ORTOPEDIA B;432
HMAL;2025;11;UNIDADE DE INTERNAÇÃO - TRAUMATO/ORTOPEDIA B;375
HMAL;2025;12;UNIDADE DE INTERNAÇÃO - TRAUMATO/ORTOPEDIA B;300
HMAL;2026;1;UNIDADE DE INTERNAÇÃO - TRAUMATO/ORTOPEDIA B;403
HMAL;2026;2;UNIDADE DE INTERNAÇÃO - TRAUMATO/ORTOPEDIA B;205
HMAL;2026;3;UNIDADE DE INTERNAÇÃO - TRAUMATO/ORTOPEDIA B;233
HMAL;2026;4;UNIDADE DE INTERNAÇÃO - TRAUMATO/ORTOPEDIA B;207
HMAL;2026;5;UNIDADE DE INTERNAÇÃO - TRAUMATO/ORTOPEDIA B;116
HRAD;2019;1;ALOJAMENTO CONJUNTO;420
HRAD;2019;1;BLOCO OBSTÉTRICO;21
HRAD;2019;1;OBSERVAÇÃO;575
HRAD;2019;1;UNIDADE INTERNAÇÃO - CIRURGIA GERAL;655
HRAD;2019;1;UNIDADE INTERNAÇÃO - CLINICA MÉDICA;760
HRAD;2019;1;UNIDADE INTERNAÇÃO - CLINICA ORTOPÉDICA;733
HRAD;2019;1;UNIDADE INTERNAÇÃO - CLINICA PEDIÁTRICA;207
HRAD;2019;1;UTI;256
HRAD;2019;1;UTI - NEONATAL;256
HRAD;2019;2;ALOJAMENTO CONJUNTO;398
HRAD;2019;2;BLOCO OBSTÉTRICO;16
HRAD;2019;2;OBSERVAÇÃO;565
HRAD;2019;2;UNIDADE INTERNAÇÃO - CIRURGIA GERAL;551
HRAD;2019;2;UNIDADE INTERNAÇÃO - CLINICA MÉDICA;700
HRAD;2019;2;UNIDADE INTERNAÇÃO - CLINICA ORTOPÉDICA;663
HRAD;2019;2;UNIDADE INTERNAÇÃO - CLINICA PEDIÁTRICA;213
HRAD;2019;2;UTI;221
HRAD;2019;2;UTI - NEONATAL;235
HRAD;2019;3;ALOJAMENTO CONJUNTO;415
HRAD;2019;3;BLOCO OBSTÉTRICO;28
HRAD;2019;3;OBSERVAÇÃO;560
HRAD;2019;3;UNIDADE INTERNAÇÃO - CIRURGIA GERAL;601
HRAD;2019;3;UNIDADE INTERNAÇÃO - CLINICA MÉDICA;773
HRAD;2019;3;UNIDADE INTERNAÇÃO - CLINICA ORTOPÉDICA;705
HRAD;2019;3;UNIDADE INTERNAÇÃO - CLINICA PEDIÁTRICA;207
HRAD;2019;3;UTI;246
HRAD;2019;3;UTI - NEONATAL;271
HRAD;2019;4;ALOJAMENTO CONJUNTO;362
HRAD;2019;4;BLOCO OBSTÉTRICO;27
HRAD;2019;4;OBSERVAÇÃO;724
HRAD;2019;4;UNIDADE INTERNAÇÃO - CIRURGIA GERAL;548
HRAD;2019;4;UNIDADE INTERNAÇÃO - CLINICA MÉDICA;723
HRAD;2019;4;UNIDADE INTERNAÇÃO - CLINICA ORTOPÉDICA;718
HRAD;2019;4;UNIDADE INTERNAÇÃO - CLINICA PEDIÁTRICA;229
HRAD;2019;4;UTI;243
HRAD;2019;4;UTI - NEONATAL;255
HRAD;2019;5;ALOJAMENTO CONJUNTO;416
HRAD;2019;5;BLOCO OBSTÉTRICO;24
HRAD;2019;5;OBSERVAÇÃO;475
HRAD;2019;5;UNIDADE INTERNAÇÃO - CIRURGIA GERAL;633
HRAD;2019;5;UNIDADE INTERNAÇÃO - CLINICA MÉDICA;777
HRAD;2019;5;UNIDADE INTERNAÇÃO - CLINICA ORTOPÉDICA;742
HRAD;2019;5;UNIDADE INTERNAÇÃO - CLINICA PEDIÁTRICA;199
HRAD;2019;5;UTI;238
HRAD;2019;5;UTI - NEONATAL;274
HRAD;2019;6;ALOJAMENTO CONJUNTO;362
HRAD;2019;6;BLOCO OBSTÉTRICO;27
HRAD;2019;6;OBSERVAÇÃO;480
HRAD;2019;6;UNIDADE INTERNAÇÃO - CIRURGIA GERAL;606
HRAD;2019;6;UNIDADE INTERNAÇÃO - CLINICA MÉDICA;749
HRAD;2019;6;UNIDADE INTERNAÇÃO - CLINICA ORTOPÉDICA;699
HRAD;2019;6;UNIDADE INTERNAÇÃO - CLINICA PEDIÁTRICA;204
HRAD;2019;6;UTI;259
HRAD;2019;6;UTI - NEONATAL;244
HRAD;2019;7;ALOJAMENTO CONJUNTO;411
HRAD;2019;7;BLOCO OBSTÉTRICO;30
HRAD;2019;7;OBSERVAÇÃO;634
HRAD;2019;7;UNIDADE INTERNAÇÃO - CIRURGIA GERAL;619
HRAD;2019;7;UNIDADE INTERNAÇÃO - CLINICA MÉDICA;785
HRAD;2019;7;UNIDADE INTERNAÇÃO - CLINICA ORTOPÉDICA;726
HRAD;2019;7;UNIDADE INTERNAÇÃO - CLINICA PEDIÁTRICA;198
HRAD;2019;7;UTI;270
HRAD;2019;7;UTI - NEONATAL;263
HRAD;2019;8;ALOJAMENTO CONJUNTO;391
HRAD;2019;8;BLOCO OBSTÉTRICO;20
HRAD;2019;8;OBSERVAÇÃO;563
HRAD;2019;8;UNIDADE INTERNAÇÃO - CIRURGIA GERAL;645
HRAD;2019;8;UNIDADE INTERNAÇÃO - CLINICA MÉDICA;779
HRAD;2019;8;UNIDADE INTERNAÇÃO - CLINICA ORTOPÉDICA;735
HRAD;2019;8;UNIDADE INTERNAÇÃO - CLINICA PEDIÁTRICA;198
HRAD;2019;8;UTI;264
HRAD;2019;8;UTI - NEONATAL;247
HRAD;2019;9;ALOJAMENTO CONJUNTO;356
HRAD;2019;9;BLOCO OBSTÉTRICO;17
HRAD;2019;9;OBSERVAÇÃO;406
HRAD;2019;9;UNIDADE INTERNAÇÃO - CIRURGIA GERAL;618
HRAD;2019;9;UNIDADE INTERNAÇÃO - CLINICA MÉDICA;743
HRAD;2019;9;UNIDADE INTERNAÇÃO - CLINICA ORTOPÉDICA;690
HRAD;2019;9;UNIDADE INTERNAÇÃO - CLINICA PEDIÁTRICA;199
HRAD;2019;9;UTI;246
HRAD;2019;9;UTI - NEONATAL;252
HRAD;2019;10;ALOJAMENTO CONJUNTO;344
HRAD;2019;10;BLOCO OBSTÉTRICO;20
HRAD;2019;10;OBSERVAÇÃO;591
HRAD;2019;10;UNIDADE INTERNAÇÃO - CIRURGIA GERAL;706
HRAD;2019;10;UNIDADE INTERNAÇÃO - CLINICA MÉDICA;777
HRAD;2019;10;UNIDADE INTERNAÇÃO - CLINICA ORTOPÉDICA;717
HRAD;2019;10;UNIDADE INTERNAÇÃO - CLINICA PEDIÁTRICA;179
HRAD;2019;10;UTI;263
HRAD;2019;10;UTI - NEONATAL;270
HRAD;2019;11;ALOJAMENTO CONJUNTO;306
HRAD;2019;11;BLOCO OBSTÉTRICO;17
HRAD;2019;11;OBSERVAÇÃO;505
HRAD;2019;11;UNIDADE INTERNAÇÃO - CIRURGIA GERAL;645
HRAD;2019;11;UNIDADE INTERNAÇÃO - CLINICA MÉDICA;760
HRAD;2019;11;UNIDADE INTERNAÇÃO - CLINICA ORTOPÉDICA;694
HRAD;2019;11;UNIDADE INTERNAÇÃO - CLINICA PEDIÁTRICA;178
HRAD;2019;11;UTI;250
HRAD;2019;11;UTI - NEONATAL;237
HRAD;2019;12;ALOJAMENTO CONJUNTO;367
HRAD;2019;12;BLOCO OBSTÉTRICO;20
HRAD;2019;12;OBSERVAÇÃO;596
HRAD;2019;12;UNIDADE INTERNAÇÃO - CIRURGIA GERAL;350
HRAD;2019;12;UNIDADE INTERNAÇÃO - CLINICA MÉDICA;756
HRAD;2019;12;UNIDADE INTERNAÇÃO - CLINICA ORTOPÉDICA;675
HRAD;2019;12;UNIDADE INTERNAÇÃO - CLINICA PEDIÁTRICA;188
HRAD;2019;12;UTI;264
HRAD;2019;12;UTI - NEONATAL;276
HRAD;2020;1;ALOJAMENTO CONJUNTO;345
HRAD;2020;1;BLOCO OBSTÉTRICO;13
HRAD;2020;1;OBSERVAÇÃO;616
HRAD;2020;1;UNIDADE INTERNAÇÃO - CIRURGIA GERAL;290
HRAD;2020;1;UNIDADE INTERNAÇÃO - CLINICA MÉDICA;709
HRAD;2020;1;UNIDADE INTERNAÇÃO - CLINICA ORTOPÉDICA;686
HRAD;2020;1;UNIDADE INTERNAÇÃO - CLINICA PEDIÁTRICA;182
HRAD;2020;1;UTI;261
HRAD;2020;1;UTI - NEONATAL;234
HRAD;2020;2;ALOJAMENTO CONJUNTO;375
HRAD;2020;2;BLOCO OBSTÉTRICO;19
HRAD;2020;2;OBSERVAÇÃO;575
HRAD;2020;2;UNIDADE INTERNAÇÃO - CIRURGIA GERAL;286
HRAD;2020;2;UNIDADE INTERNAÇÃO - CLINICA MÉDICA;703
HRAD;2020;2;UNIDADE INTERNAÇÃO - CLINICA ORTOPÉDICA;642
HRAD;2020;2;UNIDADE INTERNAÇÃO - CLINICA PEDIÁTRICA;155
HRAD;2020;2;UTI;242
HRAD;2020;2;UTI - NEONATAL;246
HRAD;2020;3;ALOJAMENTO CONJUNTO;400
HRAD;2020;3;BLOCO OBSTÉTRICO;23
HRAD;2020;3;OBSERVAÇÃO;556
HRAD;2020;3;UNIDADE INTERNAÇÃO - CIRURGIA GERAL;512
HRAD;2020;3;UNIDADE INTERNAÇÃO - CLINICA MÉDICA;528
HRAD;2020;3;UNIDADE INTERNAÇÃO - CLINICA ORTOPÉDICA;671
HRAD;2020;3;UNIDADE INTERNAÇÃO - CLINICA PEDIÁTRICA;176
HRAD;2020;3;UTI;221
HRAD;2020;3;UTI - NEONATAL;260
HRAD;2020;4;ALOJAMENTO CONJUNTO;377
HRAD;2020;4;BLOCO OBSTÉTRICO;18
HRAD;2020;4;OBSERVAÇÃO;529
HRAD;2020;4;UNIDADE INTERNAÇÃO - CIRURGIA GERAL;639
HRAD;2020;4;UNIDADE INTERNAÇÃO - CLINICA MÉDICA;52
HRAD;2020;4;UNIDADE INTERNAÇÃO - CLINICA ORTOPÉDICA;666
HRAD;2020;4;UNIDADE INTERNAÇÃO - CLINICA PEDIÁTRICA;163
HRAD;2020;4;UTI;221
HRAD;2020;4;UTI - NEONATAL;228
HRAD;2020;5;ALOJAMENTO CONJUNTO;419
HRAD;2020;5;BLOCO OBSTÉTRICO;22
HRAD;2020;5;OBSERVAÇÃO;640
HRAD;2020;5;UNIDADE INTERNAÇÃO - CIRURGIA GERAL;306
HRAD;2020;5;UNIDADE INTERNAÇÃO - CLINICA MÉDICA;447
HRAD;2020;5;UNIDADE INTERNAÇÃO - CLINICA ORTOPÉDICA;708
HRAD;2020;5;UNIDADE INTERNAÇÃO - CLINICA PEDIÁTRICA;141
HRAD;2020;5;UTI;294
HRAD;2020;5;UTI - NEONATAL;265
HRAD;2020;6;ALOJAMENTO CONJUNTO;375
HRAD;2020;6;BLOCO OBSTÉTRICO;22
HRAD;2020;6;OBSERVAÇÃO;546
HRAD;2020;6;UNIDADE INTERNAÇÃO - CIRURGIA GERAL;258
HRAD;2020;6;UNIDADE INTERNAÇÃO - CLINICA MÉDICA;546
HRAD;2020;6;UNIDADE INTERNAÇÃO - CLINICA ORTOPÉDICA;687
HRAD;2020;6;UNIDADE INTERNAÇÃO - CLINICA PEDIÁTRICA;160
HRAD;2020;6;UTI;467
HRAD;2020;6;UTI - NEONATAL;247
HRAD;2020;7;ALOJAMENTO CONJUNTO;396
HRAD;2020;7;BLOCO OBSTÉTRICO;28
HRAD;2020;7;OBSERVAÇÃO;497
HRAD;2020;7;UNIDADE INTERNAÇÃO - CIRURGIA GERAL;262
HRAD;2020;7;UNIDADE INTERNAÇÃO - CLINICA MÉDICA;588
HRAD;2020;7;UNIDADE INTERNAÇÃO - CLINICA ORTOPÉDICA;720
HRAD;2020;7;UNIDADE INTERNAÇÃO - CLINICA PEDIÁTRICA;178
HRAD;2020;7;UTI;506
HRAD;2020;7;UTI - NEONATAL;267
HRAD;2020;8;ALOJAMENTO CONJUNTO;392
HRAD;2020;8;BLOCO OBSTÉTRICO;17
HRAD;2020;8;OBSERVAÇÃO;516
HRAD;2020;8;UNIDADE INTERNAÇÃO - CIRURGIA GERAL;268
HRAD;2020;8;UNIDADE INTERNAÇÃO - CLINICA MÉDICA;574
HRAD;2020;8;UNIDADE INTERNAÇÃO - CLINICA ORTOPÉDICA;703
HRAD;2020;8;UNIDADE INTERNAÇÃO - CLINICA PEDIÁTRICA;222
HRAD;2020;8;UTI;503
HRAD;2020;8;UTI - NEONATAL;239
HRAD;2020;9;ALOJAMENTO CONJUNTO;458
HRAD;2020;9;BLOCO OBSTÉTRICO;18
HRAD;2020;9;OBSERVAÇÃO;599
HRAD;2020;9;UNIDADE INTERNAÇÃO - CIRURGIA GERAL;267
HRAD;2020;9;UNIDADE INTERNAÇÃO - CLINICA MÉDICA;508
HRAD;2020;9;UNIDADE INTERNAÇÃO - CLINICA ORTOPÉDICA;691
HRAD;2020;9;UNIDADE INTERNAÇÃO - CLINICA PEDIÁTRICA;184
HRAD;2020;9;UTI;430
HRAD;2020;9;UTI - NEONATAL;241
HRAD;2020;10;ALOJAMENTO CONJUNTO;453
HRAD;2020;10;BLOCO OBSTÉTRICO;20
HRAD;2020;10;OBSERVAÇÃO;541
HRAD;2020;10;UNIDADE INTERNAÇÃO - CIRURGIA GERAL;266
HRAD;2020;10;UNIDADE INTERNAÇÃO - CLINICA MÉDICA;511
HRAD;2020;10;UNIDADE INTERNAÇÃO - CLINICA ORTOPÉDICA;717
HRAD;2020;10;UNIDADE INTERNAÇÃO - CLINICA PEDIÁTRICA;201
HRAD;2020;10;UTI;357
HRAD;2020;10;UTI - NEONATAL;274
HRAD;2020;11;ALOJAMENTO CONJUNTO;436
HRAD;2020;11;BLOCO OBSTÉTRICO;21
HRAD;2020;11;OBSERVAÇÃO;630
HRAD;2020;11;UNIDADE INTERNAÇÃO - CIRURGIA GERAL;262
HRAD;2020;11;UNIDADE INTERNAÇÃO - CLINICA MÉDICA;464
HRAD;2020;11;UNIDADE INTERNAÇÃO - CLINICA ORTOPÉDICA;658
HRAD;2020;11;UNIDADE INTERNAÇÃO - CLINICA PEDIÁTRICA;213
HRAD;2020;11;UTI;343
HRAD;2020;11;UTI - NEONATAL;230
HRAD;2020;12;ALOJAMENTO CONJUNTO;410
HRAD;2020;12;BLOCO OBSTÉTRICO;27
HRAD;2020;12;OBSERVAÇÃO;617
HRAD;2020;12;UNIDADE INTERNAÇÃO - CIRURGIA GERAL;275
HRAD;2020;12;UNIDADE INTERNAÇÃO - CLINICA MÉDICA;475
HRAD;2020;12;UNIDADE INTERNAÇÃO - CLINICA ORTOPÉDICA;684
HRAD;2020;12;UNIDADE INTERNAÇÃO - CLINICA PEDIÁTRICA;140
HRAD;2020;12;UTI;288
HRAD;2020;12;UTI - NEONATAL;246
HRAD;2021;1;ALOJAMENTO CONJUNTO;432
HRAD;2021;1;BLOCO OBSTÉTRICO;21
HRAD;2021;1;OBSERVAÇÃO;551
HRAD;2021;1;UNIDADE INTERNAÇÃO - CIRURGIA GERAL;268
HRAD;2021;1;UNIDADE INTERNAÇÃO - CLINICA MÉDICA;466
HRAD;2021;1;UNIDADE INTERNAÇÃO - CLINICA ORTOPÉDICA;649
HRAD;2021;1;UNIDADE INTERNAÇÃO - CLINICA PEDIÁTRICA;163
HRAD;2021;1;UTI;414
HRAD;2021;1;UTI - NEONATAL;266
HRAD;2021;2;ALOJAMENTO CONJUNTO;423
HRAD;2021;2;BLOCO OBSTÉTRICO;21
HRAD;2021;2;OBSERVAÇÃO;437
HRAD;2021;2;UNIDADE INTERNAÇÃO - CIRURGIA GERAL;240
HRAD;2021;2;UNIDADE INTERNAÇÃO - CLINICA MÉDICA;496
HRAD;2021;2;UNIDADE INTERNAÇÃO - CLINICA ORTOPÉDICA;642
HRAD;2021;2;UNIDADE INTERNAÇÃO - CLINICA PEDIÁTRICA;160
HRAD;2021;2;UTI;491
HRAD;2021;2;UTI - NEONATAL;198
HRAD;2021;3;ALOJAMENTO CONJUNTO;379
HRAD;2021;3;BLOCO OBSTÉTRICO;30
HRAD;2021;3;OBSERVAÇÃO;493
HRAD;2021;3;UNIDADE INTERNAÇÃO - CIRURGIA GERAL;255
HRAD;2021;3;UNIDADE INTERNAÇÃO - CLINICA MÉDICA;513
HRAD;2021;3;UNIDADE INTERNAÇÃO - CLINICA ORTOPÉDICA;666
HRAD;2021;3;UNIDADE INTERNAÇÃO - CLINICA PEDIÁTRICA;173
HRAD;2021;3;UTI;547
HRAD;2021;3;UTI - NEONATAL;255
HRAD;2021;4;ALOJAMENTO CONJUNTO;350
HRAD;2021;4;BLOCO OBSTÉTRICO;23
HRAD;2021;4;OBSERVAÇÃO;563
HRAD;2021;4;UNIDADE INTERNAÇÃO - CIRURGIA GERAL;263
HRAD;2021;4;UNIDADE INTERNAÇÃO - CLINICA MÉDICA;526
HRAD;2021;4;UNIDADE INTERNAÇÃO - CLINICA ORTOPÉDICA;667
HRAD;2021;4;UNIDADE INTERNAÇÃO - CLINICA PEDIÁTRICA;177
HRAD;2021;4;UTI;513
HRAD;2021;4;UTI - NEONATAL;239
HRAD;2021;5;ALOJAMENTO CONJUNTO;391
HRAD;2021;5;BLOCO OBSTÉTRICO;27
HRAD;2021;5;OBSERVAÇÃO;650
HRAD;2021;5;UNIDADE INTERNAÇÃO - CIRURGIA GERAL;277
HRAD;2021;5;UNIDADE INTERNAÇÃO - CLINICA MÉDICA;508
HRAD;2021;5;UNIDADE INTERNAÇÃO - CLINICA ORTOPÉDICA;703
HRAD;2021;5;UNIDADE INTERNAÇÃO - CLINICA PEDIÁTRICA;245
HRAD;2021;5;UTI;561
HRAD;2021;5;UTI - NEONATAL;255
HRAD;2021;6;ALOJAMENTO CONJUNTO;352
HRAD;2021;6;BLOCO OBSTÉTRICO;21
HRAD;2021;6;OBSERVAÇÃO;605
HRAD;2021;6;UNIDADE INTERNAÇÃO - CIRURGIA GERAL;265
HRAD;2021;6;UNIDADE INTERNAÇÃO - CLINICA MÉDICA;473
HRAD;2021;6;UNIDADE INTERNAÇÃO - CLINICA ORTOPÉDICA;695
HRAD;2021;6;UNIDADE INTERNAÇÃO - CLINICA PEDIÁTRICA;191
HRAD;2021;6;UTI;535
HRAD;2021;6;UTI - NEONATAL;252
HRAD;2021;7;ALOJAMENTO CONJUNTO;417
HRAD;2021;7;BLOCO OBSTÉTRICO;24
HRAD;2021;7;OBSERVAÇÃO;662
HRAD;2021;7;UNIDADE INTERNAÇÃO - CIRURGIA GERAL;273
HRAD;2021;7;UNIDADE INTERNAÇÃO - CLINICA MÉDICA;498
HRAD;2021;7;UNIDADE INTERNAÇÃO - CLINICA ORTOPÉDICA;715
HRAD;2021;7;UNIDADE INTERNAÇÃO - CLINICA PEDIÁTRICA;178
HRAD;2021;7;UTI;507
HRAD;2021;7;UTI - NEONATAL;255
HRAD;2021;8;ALOJAMENTO CONJUNTO;398
HRAD;2021;8;BLOCO OBSTÉTRICO;28
HRAD;2021;8;OBSERVAÇÃO;654
HRAD;2021;8;UNIDADE INTERNAÇÃO - CIRURGIA GERAL;269
HRAD;2021;8;UNIDADE INTERNAÇÃO - CLINICA MÉDICA;511
HRAD;2021;8;UNIDADE INTERNAÇÃO - CLINICA ORTOPÉDICA;713
HRAD;2021;8;UNIDADE INTERNAÇÃO - CLINICA PEDIÁTRICA;181
HRAD;2021;8;UTI;427
HRAD;2021;8;UTI - NEONATAL;217
HRAD;2021;9;ALOJAMENTO CONJUNTO;394
HRAD;2021;9;BLOCO OBSTÉTRICO;14
HRAD;2021;9;OBSERVAÇÃO;548
HRAD;2021;9;UNIDADE INTERNAÇÃO - CIRURGIA GERAL;258
HRAD;2021;9;UNIDADE INTERNAÇÃO - CLINICA MÉDICA;445
HRAD;2021;9;UNIDADE INTERNAÇÃO - CLINICA ORTOPÉDICA;695
HRAD;2021;9;UNIDADE INTERNAÇÃO - CLINICA PEDIÁTRICA;198
HRAD;2021;9;UTI;338
HRAD;2021;9;UTI - NEONATAL;262
HRAD;2021;10;ALOJAMENTO CONJUNTO;392
HRAD;2021;10;BLOCO OBSTÉTRICO;23
HRAD;2021;10;OBSERVAÇÃO;681
HRAD;2021;10;UNIDADE INTERNAÇÃO - CIRURGIA GERAL;268
HRAD;2021;10;UNIDADE INTERNAÇÃO - CLINICA MÉDICA;500
HRAD;2021;10;UNIDADE INTERNAÇÃO - CLINICA ORTOPÉDICA;715
HRAD;2021;10;UNIDADE INTERNAÇÃO - CLINICA PEDIÁTRICA;156
HRAD;2021;10;UTI;325
HRAD;2021;10;UTI - NEONATAL;274
HRAD;2021;11;ALOJAMENTO CONJUNTO;394
HRAD;2021;11;BLOCO OBSTÉTRICO;29
HRAD;2021;11;OBSERVAÇÃO;698
HRAD;2021;11;UNIDADE INTERNAÇÃO - CIRURGIA GERAL;416
HRAD;2021;11;UNIDADE INTERNAÇÃO - CLINICA MÉDICA;477
HRAD;2021;11;UNIDADE INTERNAÇÃO - CLINICA ORTOPÉDICA;680
HRAD;2021;11;UNIDADE INTERNAÇÃO - CLINICA PEDIÁTRICA;227
HRAD;2021;11;UTI;255
HRAD;2021;11;UTI - NEONATAL;258
HRAD;2021;12;ALOJAMENTO CONJUNTO;355
HRAD;2021;12;BLOCO OBSTÉTRICO;34
HRAD;2021;12;OBSERVAÇÃO;587
HRAD;2021;12;UNIDADE INTERNAÇÃO - CIRURGIA GERAL;497
HRAD;2021;12;UNIDADE INTERNAÇÃO - CLINICA MÉDICA;473
HRAD;2021;12;UNIDADE INTERNAÇÃO - CLINICA ORTOPÉDICA;681
HRAD;2021;12;UNIDADE INTERNAÇÃO - CLINICA PEDIÁTRICA;181
HRAD;2021;12;UTI;266
HRAD;2021;12;UTI - NEONATAL;271
HRAD;2022;1;ALOJAMENTO CONJUNTO;362
HRAD;2022;1;BLOCO OBSTÉTRICO;28
HRAD;2022;1;OBSERVAÇÃO;592
HRAD;2022;1;UNIDADE INTERNAÇÃO - CIRURGIA GERAL;416
HRAD;2022;1;UNIDADE INTERNAÇÃO - CLINICA MÉDICA;506
HRAD;2022;1;UNIDADE INTERNAÇÃO - CLINICA ORTOPÉDICA;650
HRAD;2022;1;UNIDADE INTERNAÇÃO - CLINICA PEDIÁTRICA;237
HRAD;2022;1;UTI;341
HRAD;2022;1;UTI - NEONATAL;258
HRAD;2022;2;ALOJAMENTO CONJUNTO;412
HRAD;2022;2;BLOCO OBSTÉTRICO;25
HRAD;2022;2;OBSERVAÇÃO;584
HRAD;2022;2;UNIDADE INTERNAÇÃO - CIRURGIA GERAL;380
HRAD;2022;2;UNIDADE INTERNAÇÃO - CLINICA MÉDICA;461
HRAD;2022;2;UNIDADE INTERNAÇÃO - CLINICA ORTOPÉDICA;638
HRAD;2022;2;UNIDADE INTERNAÇÃO - CLINICA PEDIÁTRICA;259
HRAD;2022;2;UTI;316
HRAD;2022;2;UTI - NEONATAL;247
HRAD;2022;3;ALOJAMENTO CONJUNTO;474
HRAD;2022;3;BLOCO OBSTÉTRICO;26
HRAD;2022;3;OBSERVAÇÃO;705
HRAD;2022;3;UNIDADE INTERNAÇÃO - CIRURGIA GERAL;462
HRAD;2022;3;UNIDADE INTERNAÇÃO - CLINICA MÉDICA;465
HRAD;2022;3;UNIDADE INTERNAÇÃO - CLINICA ORTOPÉDICA;699
HRAD;2022;3;UNIDADE INTERNAÇÃO - CLINICA PEDIÁTRICA;235
HRAD;2022;3;UTI;294
HRAD;2022;3;UTI - NEONATAL;264
HRAD;2022;4;ALOJAMENTO CONJUNTO;443
HRAD;2022;4;BLOCO OBSTÉTRICO;22
HRAD;2022;4;OBSERVAÇÃO;645
HRAD;2022;4;UNIDADE INTERNAÇÃO - CIRURGIA GERAL;423
HRAD;2022;4;UNIDADE INTERNAÇÃO - CLINICA MÉDICA;428
HRAD;2022;4;UNIDADE INTERNAÇÃO - CLINICA ORTOPÉDICA;665
HRAD;2022;4;UNIDADE INTERNAÇÃO - CLINICA PEDIÁTRICA;257
HRAD;2022;4;UTI;332
HRAD;2022;4;UTI - NEONATAL;261
HRAD;2022;5;ALOJAMENTO CONJUNTO;421
HRAD;2022;5;BLOCO OBSTÉTRICO;21
HRAD;2022;5;OBSERVAÇÃO;678
HRAD;2022;5;UNIDADE INTERNAÇÃO - CIRURGIA GERAL;397
HRAD;2022;5;UNIDADE INTERNAÇÃO - CLINICA MÉDICA;479
HRAD;2022;5;UNIDADE INTERNAÇÃO - CLINICA ORTOPÉDICA;690
HRAD;2022;5;UNIDADE INTERNAÇÃO - CLINICA PEDIÁTRICA;267
HRAD;2022;5;UTI;252
HRAD;2022;5;UTI - NEONATAL;277
HRAD;2022;6;ALOJAMENTO CONJUNTO;417
HRAD;2022;6;BLOCO OBSTÉTRICO;27
HRAD;2022;6;OBSERVAÇÃO;775
HRAD;2022;6;UNIDADE INTERNAÇÃO - CIRURGIA GERAL;467
HRAD;2022;6;UNIDADE INTERNAÇÃO - CLINICA MÉDICA;457
HRAD;2022;6;UNIDADE INTERNAÇÃO - CLINICA ORTOPÉDICA;656
HRAD;2022;6;UNIDADE INTERNAÇÃO - CLINICA PEDIÁTRICA;233
HRAD;2022;6;UTI;260
HRAD;2022;6;UTI - NEONATAL;262
HRAD;2022;7;ALOJAMENTO CONJUNTO;343
HRAD;2022;7;BLOCO OBSTÉTRICO;27
HRAD;2022;7;OBSERVAÇÃO;637
HRAD;2022;7;UNIDADE INTERNAÇÃO - CIRURGIA GERAL;500
HRAD;2022;7;UNIDADE INTERNAÇÃO - CLINICA MÉDICA;499
HRAD;2022;7;UNIDADE INTERNAÇÃO - CLINICA ORTOPÉDICA;701
HRAD;2022;7;UNIDADE INTERNAÇÃO - CLINICA PEDIÁTRICA;192
HRAD;2022;7;UTI;251
HRAD;2022;7;UTI - NEONATAL;270
HRAD;2022;8;ALOJAMENTO CONJUNTO;452
HRAD;2022;8;BLOCO OBSTÉTRICO;26
HRAD;2022;8;OBSERVAÇÃO;653
HRAD;2022;8;UNIDADE INTERNAÇÃO - CIRURGIA GERAL;565
HRAD;2022;8;UNIDADE INTERNAÇÃO - CLINICA MÉDICA;507
HRAD;2022;8;UNIDADE INTERNAÇÃO - CLINICA ORTOPÉDICA;695
HRAD;2022;8;UNIDADE INTERNAÇÃO - CLINICA PEDIÁTRICA;267
HRAD;2022;8;UTI;274
HRAD;2022;8;UTI - NEONATAL;230
HRAD;2022;9;ALOJAMENTO CONJUNTO;343
HRAD;2022;9;BLOCO OBSTÉTRICO;14
HRAD;2022;9;OBSERVAÇÃO;534
HRAD;2022;9;UNIDADE DE DECISAO CLINICA;28
HRAD;2022;9;UNIDADE INTERNAÇÃO - CIRURGIA GERAL;478
HRAD;2022;9;UNIDADE INTERNAÇÃO - CLINICA CIRURGICA;31
HRAD;2022;9;UNIDADE INTERNAÇÃO - CLINICA MÉDICA;426
HRAD;2022;9;UNIDADE INTERNAÇÃO - CLINICA ORTOPÉDICA;694
HRAD;2022;9;UNIDADE INTERNAÇÃO - CLINICA PEDIÁTRICA;187
HRAD;2022;9;UTI;228
HRAD;2022;9;UTI - ADULTO;26
HRAD;2022;9;UTI - NEONATAL;208
HRAD;2022;10;ALOJAMENTO CONJUNTO;348
HRAD;2022;10;BLOCO OBSTÉTRICO;19
HRAD;2022;10;OBSERVAÇÃO;17
HRAD;2022;10;UNIDADE DE DECISAO CLINICA;528
HRAD;2022;10;UNIDADE INTERNAÇÃO - CIRURGIA GERAL;5
HRAD;2022;10;UNIDADE INTERNAÇÃO - CLINICA CIRURGICA;524
HRAD;2022;10;UNIDADE INTERNAÇÃO - CLINICA MÉDICA;484
HRAD;2022;10;UNIDADE INTERNAÇÃO - CLINICA ORTOPÉDICA;645
HRAD;2022;10;UNIDADE INTERNAÇÃO - CLINICA PEDIÁTRICA;230
HRAD;2022;10;UTI - ADULTO;257
HRAD;2022;10;UTI - NEONATAL;243
HRAD;2022;11;ALOJAMENTO CONJUNTO;455
HRAD;2022;11;BLOCO OBSTÉTRICO;24
HRAD;2022;11;UNIDADE DE DECISAO CLINICA;658
HRAD;2022;11;UNIDADE INTERNAÇÃO - CLINICA CIRURGICA;544
HRAD;2022;11;UNIDADE INTERNAÇÃO - CLINICA MÉDICA;454
HRAD;2022;11;UNIDADE INTERNAÇÃO - CLINICA ORTOPÉDICA;669
HRAD;2022;11;UNIDADE INTERNAÇÃO - CLINICA PEDIÁTRICA;270
HRAD;2022;11;UTI - ADULTO;240
HRAD;2022;11;UTI - NEONATAL;248
HRAD;2022;12;ALOJAMENTO CONJUNTO;404
HRAD;2022;12;BLOCO OBSTÉTRICO;37
HRAD;2022;12;UNIDADE DE DECISAO CLINICA;504
HRAD;2022;12;UNIDADE INTERNAÇÃO - CLINICA CIRURGICA;507
HRAD;2022;12;UNIDADE INTERNAÇÃO - CLINICA MÉDICA;443
HRAD;2022;12;UNIDADE INTERNAÇÃO - CLINICA ORTOPÉDICA;662
HRAD;2022;12;UNIDADE INTERNAÇÃO - CLINICA PEDIÁTRICA;255
HRAD;2022;12;UTI - ADULTO;245
HRAD;2022;12;UTI - NEONATAL;234
HRAD;2023;1;ALOJAMENTO CONJUNTO;413
HRAD;2023;1;BLOCO OBSTÉTRICO;31
HRAD;2023;1;UNIDADE DE DECISAO CLINICA;602
HRAD;2023;1;UNIDADE INTERNAÇÃO - CLINICA CIRURGICA;550
HRAD;2023;1;UNIDADE INTERNAÇÃO - CLINICA MÉDICA;460
HRAD;2023;1;UNIDADE INTERNAÇÃO - CLINICA ORTOPÉDICA;680
HRAD;2023;1;UNIDADE INTERNAÇÃO - CLINICA PEDIÁTRICA;258
HRAD;2023;1;UTI - ADULTO;247
HRAD;2023;1;UTI - NEONATAL;265
HRAD;2023;2;ALOJAMENTO CONJUNTO;359
HRAD;2023;2;BLOCO OBSTÉTRICO;27
HRAD;2023;2;UNIDADE DE DECISAO CLINICA;531
HRAD;2023;2;UNIDADE INTERNAÇÃO - CLINICA CIRURGICA;599
HRAD;2023;2;UNIDADE INTERNAÇÃO - CLINICA MÉDICA;423
HRAD;2023;2;UNIDADE INTERNAÇÃO - CLINICA ORTOPÉDICA;602
HRAD;2023;2;UNIDADE INTERNAÇÃO - CLINICA PEDIÁTRICA;207
HRAD;2023;2;UTI - ADULTO;237
HRAD;2023;2;UTI - NEONATAL;241
HRAD;2023;3;ALOJAMENTO CONJUNTO;416
HRAD;2023;3;BLOCO OBSTÉTRICO;25
HRAD;2023;3;UNIDADE DE DECISAO CLINICA;640
HRAD;2023;3;UNIDADE INTERNAÇÃO - CLINICA CIRURGICA;671
HRAD;2023;3;UNIDADE INTERNAÇÃO - CLINICA MÉDICA;476
HRAD;2023;3;UNIDADE INTERNAÇÃO - CLINICA ORTOPÉDICA;657
HRAD;2023;3;UNIDADE INTERNAÇÃO - CLINICA PEDIÁTRICA;243
HRAD;2023;3;UTI - ADULTO;250
HRAD;2023;3;UTI - NEONATAL;267
HRAD;2023;4;ALOJAMENTO CONJUNTO;445
HRAD;2023;4;BLOCO OBSTÉTRICO;35
HRAD;2023;4;UNIDADE DE DECISAO CLINICA;697
HRAD;2023;4;UNIDADE INTERNAÇÃO - CLINICA CIRURGICA;669
HRAD;2023;4;UNIDADE INTERNAÇÃO - CLINICA MÉDICA;453
HRAD;2023;4;UNIDADE INTERNAÇÃO - CLINICA ORTOPÉDICA;649
HRAD;2023;4;UNIDADE INTERNAÇÃO - CLINICA PEDIÁTRICA;280
HRAD;2023;4;UTI - ADULTO;239
HRAD;2023;4;UTI - NEONATAL;263
HRAD;2023;5;ALOJAMENTO CONJUNTO;455
HRAD;2023;5;BLOCO OBSTÉTRICO;41
HRAD;2023;5;UNIDADE DE DECISAO CLINICA;621
HRAD;2023;5;UNIDADE INTERNAÇÃO - CLINICA CIRURGICA;689
HRAD;2023;5;UNIDADE INTERNAÇÃO - CLINICA MÉDICA;503
HRAD;2023;5;UNIDADE INTERNAÇÃO - CLINICA ORTOPÉDICA;683
HRAD;2023;5;UNIDADE INTERNAÇÃO - CLINICA PEDIÁTRICA;236
HRAD;2023;5;UTI - ADULTO;272
HRAD;2023;5;UTI - NEONATAL;267
HRAD;2023;6;ALOJAMENTO CONJUNTO;424
HRAD;2023;6;BLOCO OBSTÉTRICO;38
HRAD;2023;6;UNIDADE DE DECISAO CLINICA;695
HRAD;2023;6;UNIDADE INTERNAÇÃO - CLINICA CIRURGICA;651
HRAD;2023;6;UNIDADE INTERNAÇÃO - CLINICA MÉDICA;474
HRAD;2023;6;UNIDADE INTERNAÇÃO - CLINICA ORTOPÉDICA;675
HRAD;2023;6;UNIDADE INTERNAÇÃO - CLINICA PEDIÁTRICA;246
HRAD;2023;6;UTI - ADULTO;262
HRAD;2023;6;UTI - NEONATAL;241
HRAD;2023;7;ALOJAMENTO CONJUNTO;436
HRAD;2023;7;BLOCO OBSTÉTRICO;46
HRAD;2023;7;UNIDADE DE DECISAO CLINICA;551
HRAD;2023;7;UNIDADE INTERNAÇÃO - CLINICA CIRURGICA;673
HRAD;2023;7;UNIDADE INTERNAÇÃO - CLINICA MÉDICA;498
HRAD;2023;7;UNIDADE INTERNAÇÃO - CLINICA ORTOPÉDICA;687
HRAD;2023;7;UNIDADE INTERNAÇÃO - CLINICA PEDIÁTRICA;246
HRAD;2023;7;UTI - ADULTO;274
HRAD;2023;7;UTI - NEONATAL;273
HRAD;2023;8;ALOJAMENTO CONJUNTO;407
HRAD;2023;8;BLOCO OBSTÉTRICO;45
HRAD;2023;8;UNIDADE DE DECISAO CLINICA;650
HRAD;2023;8;UNIDADE INTERNAÇÃO - CLINICA CIRURGICA;721
HRAD;2023;8;UNIDADE INTERNAÇÃO - CLINICA MÉDICA;518
HRAD;2023;8;UNIDADE INTERNAÇÃO - CLINICA ORTOPÉDICA;694
HRAD;2023;8;UNIDADE INTERNAÇÃO - CLINICA PEDIÁTRICA;231
HRAD;2023;8;UTI - ADULTO;277
HRAD;2023;8;UTI - NEONATAL;255
HRAD;2023;9;ALOJAMENTO CONJUNTO;440
HRAD;2023;9;BLOCO OBSTÉTRICO;43
HRAD;2023;9;UNIDADE DE DECISAO CLINICA;592
HRAD;2023;9;UNIDADE INTERNAÇÃO - CLINICA CIRURGICA;634
HRAD;2023;9;UNIDADE INTERNAÇÃO - CLINICA MÉDICA;464
HRAD;2023;9;UNIDADE INTERNAÇÃO - CLINICA ORTOPÉDICA;634
HRAD;2023;9;UNIDADE INTERNAÇÃO - CLINICA PEDIÁTRICA;231
HRAD;2023;9;UTI - ADULTO;258
HRAD;2023;9;UTI - NEONATAL;204
HRAD;2023;10;ALOJAMENTO CONJUNTO;396
HRAD;2023;10;BLOCO OBSTÉTRICO;23
HRAD;2023;10;UNIDADE DE DECISAO CLINICA;586
HRAD;2023;10;UNIDADE INTERNAÇÃO - CLINICA CIRURGICA;677
HRAD;2023;10;UNIDADE INTERNAÇÃO - CLINICA MÉDICA;489
HRAD;2023;10;UNIDADE INTERNAÇÃO - CLINICA ORTOPÉDICA;647
HRAD;2023;10;UNIDADE INTERNAÇÃO - CLINICA PEDIÁTRICA;207
HRAD;2023;10;UTI - ADULTO;259
HRAD;2023;10;UTI - NEONATAL;237
HRAD;2023;11;ALOJAMENTO CONJUNTO;342
HRAD;2023;11;BLOCO OBSTÉTRICO;26
HRAD;2023;11;UNIDADE DE DECISAO CLINICA;567
HRAD;2023;11;UNIDADE INTERNAÇÃO - CLINICA CIRURGICA;676
HRAD;2023;11;UNIDADE INTERNAÇÃO - CLINICA MÉDICA;531
HRAD;2023;11;UNIDADE INTERNAÇÃO - CLINICA ORTOPÉDICA;594
HRAD;2023;11;UNIDADE INTERNAÇÃO - CLINICA PEDIÁTRICA;194
HRAD;2023;11;UTI - ADULTO;257
HRAD;2023;11;UTI - NEONATAL;213
HRAD;2023;12;ALOJAMENTO CONJUNTO;366
HRAD;2023;12;BLOCO OBSTÉTRICO;19
HRAD;2023;12;UNIDADE DE DECISAO CLINICA;511
HRAD;2023;12;UNIDADE INTERNAÇÃO - CLINICA CIRURGICA;651
HRAD;2023;12;UNIDADE INTERNAÇÃO - CLINICA MÉDICA;555
HRAD;2023;12;UNIDADE INTERNAÇÃO - CLINICA ORTOPÉDICA;659
HRAD;2023;12;UNIDADE INTERNAÇÃO - CLINICA PEDIÁTRICA;253
HRAD;2023;12;UTI - ADULTO;264
HRAD;2023;12;UTI - NEONATAL;222
HRAD;2024;1;ALOJAMENTO CONJUNTO;365
HRAD;2024;1;BLOCO OBSTÉTRICO;26
HRAD;2024;1;UNIDADE DE DECISAO CLINICA;587
HRAD;2024;1;UNIDADE INTERNAÇÃO - CLINICA CIRURGICA;663
HRAD;2024;1;UNIDADE INTERNAÇÃO - CLINICA MÉDICA;578
HRAD;2024;1;UNIDADE INTERNAÇÃO - CLINICA ORTOPÉDICA;701
HRAD;2024;1;UNIDADE INTERNAÇÃO - CLINICA PEDIÁTRICA;230
HRAD;2024;1;UTI - ADULTO;249
HRAD;2024;1;UTI - NEONATAL;228
HRAD;2024;2;ALOJAMENTO CONJUNTO;365
HRAD;2024;2;BLOCO OBSTÉTRICO;14
HRAD;2024;2;UNIDADE DE DECISAO CLINICA;504
HRAD;2024;2;UNIDADE INTERNAÇÃO - CLINICA CIRURGICA;604
HRAD;2024;2;UNIDADE INTERNAÇÃO - CLINICA MÉDICA;549
HRAD;2024;2;UNIDADE INTERNAÇÃO - CLINICA ORTOPÉDICA;584
HRAD;2024;2;UNIDADE INTERNAÇÃO - CLINICA PEDIÁTRICA;175
HRAD;2024;2;UTI - ADULTO;254
HRAD;2024;2;UTI - NEONATAL;198
HRAD;2024;3;ALOJAMENTO CONJUNTO;432
HRAD;2024;3;BLOCO CIRURGICO;2
HRAD;2024;3;BLOCO OBSTÉTRICO;29
HRAD;2024;3;UNIDADE DE DECISAO CLINICA;524
HRAD;2024;3;UNIDADE INTERNAÇÃO - CLINICA CIRURGICA;696
HRAD;2024;3;UNIDADE INTERNAÇÃO - CLINICA MÉDICA;583
HRAD;2024;3;UNIDADE INTERNAÇÃO - CLINICA ORTOPÉDICA;644
HRAD;2024;3;UNIDADE INTERNAÇÃO - CLINICA PEDIÁTRICA;255
HRAD;2024;3;UTI - ADULTO;271
HRAD;2024;3;UTI - NEONATAL;261
HRAD;2024;4;ALOJAMENTO CONJUNTO;403
HRAD;2024;4;BLOCO OBSTÉTRICO;39
HRAD;2024;4;UNIDADE DE DECISAO CLINICA;694
HRAD;2024;4;UNIDADE INTERNAÇÃO - CLINICA CIRURGICA;670
HRAD;2024;4;UNIDADE INTERNAÇÃO - CLINICA MÉDICA;568
HRAD;2024;4;UNIDADE INTERNAÇÃO - CLINICA ORTOPÉDICA;646
HRAD;2024;4;UNIDADE INTERNAÇÃO - CLINICA PEDIÁTRICA;223
HRAD;2024;4;UTI - ADULTO;255
HRAD;2024;4;UTI - NEONATAL;224
HRAD;2024;5;ALOJAMENTO CONJUNTO;459
HRAD;2024;5;BLOCO OBSTÉTRICO;24
HRAD;2024;5;UNIDADE DE DECISAO CLINICA;684
HRAD;2024;5;UNIDADE INTERNAÇÃO - CLINICA CIRURGICA;674
HRAD;2024;5;UNIDADE INTERNAÇÃO - CLINICA MÉDICA;590
HRAD;2024;5;UNIDADE INTERNAÇÃO - CLINICA ORTOPÉDICA;589
HRAD;2024;5;UNIDADE INTERNAÇÃO - CLINICA PEDIÁTRICA;208
HRAD;2024;5;UTI - ADULTO;279
HRAD;2024;5;UTI - NEONATAL;230
HRAD;2024;6;ALOJAMENTO CONJUNTO;448
HRAD;2024;6;BLOCO OBSTÉTRICO;30
HRAD;2024;6;UNIDADE DE DECISAO CLINICA;629
HRAD;2024;6;UNIDADE INTERNAÇÃO - CLINICA CIRURGICA;642
HRAD;2024;6;UNIDADE INTERNAÇÃO - CLINICA MÉDICA;551
HRAD;2024;6;UNIDADE INTERNAÇÃO - CLINICA ORTOPÉDICA;610
HRAD;2024;6;UNIDADE INTERNAÇÃO - CLINICA PEDIÁTRICA;233
HRAD;2024;6;UTI - ADULTO;277
HRAD;2024;6;UTI - NEONATAL;235
HRAD;2024;7;ALOJAMENTO CONJUNTO;356
HRAD;2024;7;BLOCO OBSTÉTRICO;23
HRAD;2024;7;UNIDADE DE DECISAO CLINICA;490
HRAD;2024;7;UNIDADE INTERNAÇÃO - CLINICA CIRURGICA;700
HRAD;2024;7;UNIDADE INTERNAÇÃO - CLINICA MÉDICA;696
HRAD;2024;7;UNIDADE INTERNAÇÃO - CLINICA ORTOPÉDICA;609
HRAD;2024;7;UNIDADE INTERNAÇÃO - CLINICA PEDIÁTRICA;206
HRAD;2024;7;UTI - ADULTO;259
HRAD;2024;7;UTI - NEONATAL;167
HRAD;2024;8;ALOJAMENTO CONJUNTO;455
HRAD;2024;8;BLOCO OBSTÉTRICO;26
HRAD;2024;8;UNIDADE DE DECISAO CLINICA;373
HRAD;2024;8;UNIDADE INTERNAÇÃO - CLINICA CIRURGICA;684
HRAD;2024;8;UNIDADE INTERNAÇÃO - CLINICA MÉDICA;714
HRAD;2024;8;UNIDADE INTERNAÇÃO - CLINICA ORTOPÉDICA;591
HRAD;2024;8;UNIDADE INTERNAÇÃO - CLINICA PEDIÁTRICA;253
HRAD;2024;8;UTI - ADULTO;248
HRAD;2024;8;UTI - NEONATAL;231
HRAD;2024;9;ALOJAMENTO CONJUNTO;411
HRAD;2024;9;BLOCO OBSTÉTRICO;18
HRAD;2024;9;UNIDADE DE DECISAO CLINICA;386
HRAD;2024;9;UNIDADE INTERNAÇÃO - CLINICA CIRURGICA;674
HRAD;2024;9;UNIDADE INTERNAÇÃO - CLINICA MÉDICA;739
HRAD;2024;9;UNIDADE INTERNAÇÃO - CLINICA ORTOPÉDICA;551
HRAD;2024;9;UNIDADE INTERNAÇÃO - CLINICA PEDIÁTRICA;245
HRAD;2024;9;UTI - ADULTO;258
HRAD;2024;9;UTI - NEONATAL;240
HRAD;2024;10;ALOJAMENTO CONJUNTO;378
HRAD;2024;10;BLOCO OBSTÉTRICO;23
HRAD;2024;10;UNIDADE DE DECISAO CLINICA;394
HRAD;2024;10;UNIDADE INTERNAÇÃO - CLINICA CIRURGICA;713
HRAD;2024;10;UNIDADE INTERNAÇÃO - CLINICA MÉDICA;686
HRAD;2024;10;UNIDADE INTERNAÇÃO - CLINICA ORTOPÉDICA;662
HRAD;2024;10;UNIDADE INTERNAÇÃO - CLINICA PEDIÁTRICA;253
HRAD;2024;10;UTI - ADULTO;259
HRAD;2024;10;UTI - NEONATAL;251
HRAD;2024;11;ALOJAMENTO CONJUNTO;412
HRAD;2024;11;BLOCO OBSTÉTRICO;23
HRAD;2024;11;UNIDADE DE DECISAO CLINICA;522
HRAD;2024;11;UNIDADE INTERNAÇÃO - CLINICA CIRURGICA;715
HRAD;2024;11;UNIDADE INTERNAÇÃO - CLINICA MÉDICA;707
HRAD;2024;11;UNIDADE INTERNAÇÃO - CLINICA ORTOPÉDICA;621
HRAD;2024;11;UNIDADE INTERNAÇÃO - CLINICA PEDIÁTRICA;251
HRAD;2024;11;UTI - ADULTO;262
HRAD;2024;11;UTI - NEONATAL;227
HRAD;2024;12;ALOJAMENTO CONJUNTO;431
HRAD;2024;12;BLOCO OBSTÉTRICO;35
HRAD;2024;12;UNIDADE DE DECISAO CLINICA;499
HRAD;2024;12;UNIDADE INTERNAÇÃO - CLINICA CIRURGICA;688
HRAD;2024;12;UNIDADE INTERNAÇÃO - CLINICA MÉDICA;762
HRAD;2024;12;UNIDADE INTERNAÇÃO - CLINICA ORTOPÉDICA;659
HRAD;2024;12;UNIDADE INTERNAÇÃO - CLINICA PEDIÁTRICA;247
HRAD;2024;12;UTI - ADULTO;271
HRAD;2024;12;UTI - NEONATAL;261
HRAD;2025;1;ALOJAMENTO CONJUNTO;444
HRAD;2025;1;BLOCO OBSTÉTRICO;21
HRAD;2025;1;UNIDADE DE DECISAO CLINICA;535
HRAD;2025;1;UNIDADE INTERNAÇÃO - CLINICA CIRURGICA;655
HRAD;2025;1;UNIDADE INTERNAÇÃO - CLINICA MÉDICA;765
HRAD;2025;1;UNIDADE INTERNAÇÃO - CLINICA ORTOPÉDICA;681
HRAD;2025;1;UNIDADE INTERNAÇÃO - CLINICA PEDIÁTRICA;272
HRAD;2025;1;UTI - ADULTO;278
HRAD;2025;1;UTI - NEONATAL;266
HRAD;2025;2;ALOJAMENTO CONJUNTO;420
HRAD;2025;2;BLOCO OBSTÉTRICO;26
HRAD;2025;2;UNIDADE DE DECISAO CLINICA;461
HRAD;2025;2;UNIDADE INTERNAÇÃO - CLINICA CIRURGICA;674
HRAD;2025;2;UNIDADE INTERNAÇÃO - CLINICA MÉDICA;700
HRAD;2025;2;UNIDADE INTERNAÇÃO - CLINICA ORTOPÉDICA;586
HRAD;2025;2;UNIDADE INTERNAÇÃO - CLINICA PEDIÁTRICA;226
HRAD;2025;2;UTI - ADULTO;242
HRAD;2025;2;UTI - NEONATAL;242
HRAD;2025;3;ALOJAMENTO CONJUNTO;450
HRAD;2025;3;BLOCO OBSTÉTRICO;30
HRAD;2025;3;UNIDADE DE DECISAO CLINICA;512
HRAD;2025;3;UNIDADE INTERNAÇÃO - CLINICA CIRURGICA;709
HRAD;2025;3;UNIDADE INTERNAÇÃO - CLINICA MÉDICA;758
HRAD;2025;3;UNIDADE INTERNAÇÃO - CLINICA ORTOPÉDICA;616
HRAD;2025;3;UNIDADE INTERNAÇÃO - CLINICA PEDIÁTRICA;258
HRAD;2025;3;UTI - ADULTO;272
HRAD;2025;3;UTI - NEONATAL;263
HRAD;2025;4;ALOJAMENTO CONJUNTO;403
HRAD;2025;4;BLOCO OBSTÉTRICO;24
HRAD;2025;4;UNIDADE DE DECISAO CLINICA;461
HRAD;2025;4;UNIDADE INTERNAÇÃO - CLINICA CIRURGICA;651
HRAD;2025;4;UNIDADE INTERNAÇÃO - CLINICA MÉDICA;728
HRAD;2025;4;UNIDADE INTERNAÇÃO - CLINICA ORTOPÉDICA;625
HRAD;2025;4;UNIDADE INTERNAÇÃO - CLINICA PEDIÁTRICA;255
HRAD;2025;4;UTI - ADULTO;261
HRAD;2025;4;UTI - NEONATAL;250
HRAD;2025;5;ALOJAMENTO CONJUNTO;430
HRAD;2025;5;BLOCO OBSTÉTRICO;20
HRAD;2025;5;UNIDADE DE DECISAO CLINICA;521
HRAD;2025;5;UNIDADE INTERNAÇÃO - CLINICA CIRURGICA;723
HRAD;2025;5;UNIDADE INTERNAÇÃO - CLINICA MÉDICA;757
HRAD;2025;5;UNIDADE INTERNAÇÃO - CLINICA ORTOPÉDICA;636
HRAD;2025;5;UNIDADE INTERNAÇÃO - CLINICA PEDIÁTRICA;263
HRAD;2025;5;UTI - ADULTO;276
HRAD;2025;5;UTI - NEONATAL;239
HRAD;2025;6;ALOJAMENTO CONJUNTO;434
HRAD;2025;6;BLOCO OBSTÉTRICO;30
HRAD;2025;6;UNIDADE DE DECISAO CLINICA;562
HRAD;2025;6;UNIDADE INTERNAÇÃO - CLINICA CIRURGICA;657
HRAD;2025;6;UNIDADE INTERNAÇÃO - CLINICA MÉDICA;734
HRAD;2025;6;UNIDADE INTERNAÇÃO - CLINICA ORTOPÉDICA;632
HRAD;2025;6;UNIDADE INTERNAÇÃO - CLINICA PEDIÁTRICA;273
HRAD;2025;6;UTI - ADULTO;262
HRAD;2025;6;UTI - NEONATAL;260
HRAD;2025;7;ALOJAMENTO CONJUNTO;436
HRAD;2025;7;BLOCO OBSTÉTRICO;18
HRAD;2025;7;UNIDADE DE DECISAO CLINICA;505
HRAD;2025;7;UNIDADE INTERNAÇÃO - CLINICA CIRURGICA;640
HRAD;2025;7;UNIDADE INTERNAÇÃO - CLINICA MÉDICA;650
HRAD;2025;7;UNIDADE INTERNAÇÃO - CLINICA ORTOPÉDICA;679
HRAD;2025;7;UNIDADE INTERNAÇÃO - CLINICA PEDIÁTRICA;245
HRAD;2025;7;UTI - ADULTO;270
HRAD;2025;7;UTI - NEONATAL;254
HRAD;2025;8;ALOJAMENTO CONJUNTO;409
HRAD;2025;8;BLOCO OBSTÉTRICO;17
HRAD;2025;8;UNIDADE DE DECISAO CLINICA;552
HRAD;2025;8;UNIDADE INTERNAÇÃO - CLINICA CIRURGICA;620
HRAD;2025;8;UNIDADE INTERNAÇÃO - CLINICA MÉDICA;799
HRAD;2025;8;UNIDADE INTERNAÇÃO - CLINICA ORTOPÉDICA;673
HRAD;2025;8;UNIDADE INTERNAÇÃO - CLINICA PEDIÁTRICA;227
HRAD;2025;8;UTI - ADULTO;265
HRAD;2025;8;UTI - NEONATAL;270
HRAD;2025;9;ALOJAMENTO CONJUNTO;455
HRAD;2025;9;BLOCO OBSTÉTRICO;10
HRAD;2025;9;UNIDADE DE DECISAO CLINICA;515
HRAD;2025;9;UNIDADE INTERNAÇÃO - CLINICA CIRURGICA;575
HRAD;2025;9;UNIDADE INTERNAÇÃO - CLINICA MÉDICA;713
HRAD;2025;9;UNIDADE INTERNAÇÃO - CLINICA ORTOPÉDICA;637
HRAD;2025;9;UNIDADE INTERNAÇÃO - CLINICA PEDIÁTRICA;292
HRAD;2025;9;UTI - ADULTO;261
HRAD;2025;9;UTI - NEONATAL;253
HRAD;2025;10;ALOJAMENTO CONJUNTO;434
HRAD;2025;10;BLOCO OBSTÉTRICO;22
HRAD;2025;10;UNIDADE DE DECISAO CLINICA;511
HRAD;2025;10;UNIDADE INTERNAÇÃO - CLINICA CIRURGICA;623
HRAD;2025;10;UNIDADE INTERNAÇÃO - CLINICA MÉDICA;697
HRAD;2025;10;UNIDADE INTERNAÇÃO - CLINICA ORTOPÉDICA;590
HRAD;2025;10;UNIDADE INTERNAÇÃO - CLINICA PEDIÁTRICA;266
HRAD;2025;10;UTI - ADULTO;273
HRAD;2025;10;UTI - NEONATAL;230
HRAD;2025;11;ALOJAMENTO CONJUNTO;449
HRAD;2025;11;BLOCO OBSTÉTRICO;23
HRAD;2025;11;UNIDADE DE DECISAO CLINICA;493
HRAD;2025;11;UNIDADE INTERNAÇÃO - CLINICA CIRURGICA;664
HRAD;2025;11;UNIDADE INTERNAÇÃO - CLINICA MÉDICA;718
HRAD;2025;11;UNIDADE INTERNAÇÃO - CLINICA ORTOPÉDICA;611
HRAD;2025;11;UNIDADE INTERNAÇÃO - CLINICA PEDIÁTRICA;195
HRAD;2025;11;UTI - ADULTO;257
HRAD;2025;11;UTI - NEONATAL;240
HRAD;2025;12;ALOJAMENTO CONJUNTO;424
HRAD;2025;12;BLOCO OBSTÉTRICO;13
HRAD;2025;12;UNIDADE DE DECISAO CLINICA;376
HRAD;2025;12;UNIDADE INTERNAÇÃO - CLINICA CIRURGICA;679
HRAD;2025;12;UNIDADE INTERNAÇÃO - CLINICA MÉDICA;686
HRAD;2025;12;UNIDADE INTERNAÇÃO - CLINICA ORTOPÉDICA;646
HRAD;2025;12;UNIDADE INTERNAÇÃO - CLINICA PEDIÁTRICA;220
HRAD;2025;12;UTI - ADULTO;271
HRAD;2025;12;UTI - NEONATAL;210
HRAD;2026;1;ALOJAMENTO CONJUNTO;456
HRAD;2026;1;BLOCO OBSTÉTRICO;19
HRAD;2026;1;UNIDADE DE DECISAO CLINICA;518
HRAD;2026;1;UNIDADE INTERNAÇÃO - CLINICA CIRURGICA;697
HRAD;2026;1;UNIDADE INTERNAÇÃO - CLINICA MÉDICA;730
HRAD;2026;1;UNIDADE INTERNAÇÃO - CLINICA ORTOPÉDICA;641
HRAD;2026;1;UNIDADE INTERNAÇÃO - CLINICA PEDIÁTRICA;248
HRAD;2026;1;UTI - ADULTO;270
HRAD;2026;1;UTI - NEONATAL;213
HRAD;2026;2;ALOJAMENTO CONJUNTO;381
HRAD;2026;2;BLOCO OBSTÉTRICO;15
HRAD;2026;2;UNIDADE DE DECISAO CLINICA;372
HRAD;2026;2;UNIDADE INTERNAÇÃO - CLINICA CIRURGICA;593
HRAD;2026;2;UNIDADE INTERNAÇÃO - CLINICA MÉDICA;678
HRAD;2026;2;UNIDADE INTERNAÇÃO - CLINICA ORTOPÉDICA;590
HRAD;2026;2;UNIDADE INTERNAÇÃO - CLINICA PEDIÁTRICA;207
HRAD;2026;2;UTI - ADULTO;243
HRAD;2026;2;UTI - NEONATAL;215
HRAD;2026;3;ALOJAMENTO CONJUNTO;434
HRAD;2026;3;BLOCO OBSTÉTRICO;21
HRAD;2026;3;UNIDADE DE DECISAO CLINICA;500
HRAD;2026;3;UNIDADE INTERNAÇÃO - CLINICA CIRURGICA;677
HRAD;2026;3;UNIDADE INTERNAÇÃO - CLINICA MÉDICA;746
HRAD;2026;3;UNIDADE INTERNAÇÃO - CLINICA ORTOPÉDICA;684
HRAD;2026;3;UNIDADE INTERNAÇÃO - CLINICA PEDIÁTRICA;261
HRAD;2026;3;UTI - ADULTO;265
HRAD;2026;3;UTI - NEONATAL;201
HRAD;2026;4;ALOJAMENTO CONJUNTO;405
HRAD;2026;4;BLOCO OBSTÉTRICO;10
HRAD;2026;4;UNIDADE DE DECISAO CLINICA;511
HRAD;2026;4;UNIDADE INTERNAÇÃO - CLINICA CIRURGICA;617
HRAD;2026;4;UNIDADE INTERNAÇÃO - CLINICA MÉDICA;728
HRAD;2026;4;UNIDADE INTERNAÇÃO - CLINICA ORTOPÉDICA;654
HRAD;2026;4;UNIDADE INTERNAÇÃO - CLINICA PEDIÁTRICA;252
HRAD;2026;4;UTI - ADULTO;255
HRAD;2026;4;UTI - NEONATAL;241
HRAD;2026;5;ALOJAMENTO CONJUNTO;483
HRAD;2026;5;BLOCO OBSTÉTRICO;15
HRAD;2026;5;UNIDADE DE DECISAO CLINICA;728
HRAD;2026;5;UNIDADE INTERNAÇÃO - CLINICA CIRURGICA;683
HRAD;2026;5;UNIDADE INTERNAÇÃO - CLINICA MÉDICA;742
HRAD;2026;5;UNIDADE INTERNAÇÃO - CLINICA ORTOPÉDICA;708
HRAD;2026;5;UNIDADE INTERNAÇÃO - CLINICA PEDIÁTRICA;265
HRAD;2026;5;UTI - ADULTO;278
HRAD;2026;5;UTI - NEONATAL;186
HRBJA;2019;1;UNIDADE INTERNAÇÃO - CLINICA CIRURGICA;537
HRBJA;2019;1;UNIDADE INTERNAÇÃO - CLINICA MÉDICA;1279
HRBJA;2019;1;UTI;316
HRBJA;2019;2;UNIDADE INTERNAÇÃO - CLINICA CIRURGICA;464
HRBJA;2019;2;UNIDADE INTERNAÇÃO - CLINICA MÉDICA;1158
HRBJA;2019;2;UTI;279
HRBJA;2019;3;UNIDADE INTERNAÇÃO - CLINICA CIRURGICA;596
HRBJA;2019;3;UNIDADE INTERNAÇÃO - CLINICA MÉDICA;1213
HRBJA;2019;3;UTI;311
HRBJA;2019;4;UNIDADE INTERNAÇÃO - CLINICA CIRURGICA;532
HRBJA;2019;4;UNIDADE INTERNAÇÃO - CLINICA MÉDICA;1265
HRBJA;2019;4;UTI;298
HRBJA;2019;5;UNIDADE INTERNAÇÃO - CLINICA CIRURGICA;621
HRBJA;2019;5;UNIDADE INTERNAÇÃO - CLINICA MÉDICA;1311
HRBJA;2019;5;UTI;305
HRBJA;2019;6;UNIDADE INTERNAÇÃO - CLINICA CIRURGICA;546
HRBJA;2019;6;UNIDADE INTERNAÇÃO - CLINICA MÉDICA;1268
HRBJA;2019;6;UTI;302
HRBJA;2019;7;UNIDADE INTERNAÇÃO - CLINICA CIRURGICA;553
HRBJA;2019;7;UNIDADE INTERNAÇÃO - CLINICA MÉDICA;1272
HRBJA;2019;7;UTI;308
HRBJA;2019;8;UNIDADE INTERNAÇÃO - CLINICA CIRURGICA;548
HRBJA;2019;8;UNIDADE INTERNAÇÃO - CLINICA MÉDICA;1313
HRBJA;2019;8;UTI;312
HRBJA;2019;9;UNIDADE INTERNAÇÃO - CLINICA CIRURGICA;582
HRBJA;2019;9;UNIDADE INTERNAÇÃO - CLINICA MÉDICA;1278
HRBJA;2019;9;UTI;300
HRBJA;2019;10;UNIDADE INTERNAÇÃO - CLINICA CIRURGICA;607
HRBJA;2019;10;UNIDADE INTERNAÇÃO - CLINICA MÉDICA;1303
HRBJA;2019;10;UTI;308
HRBJA;2019;11;UNIDADE INTERNAÇÃO - CLINICA CIRURGICA;610
HRBJA;2019;11;UNIDADE INTERNAÇÃO - CLINICA MÉDICA;1227
HRBJA;2019;11;UTI;296
HRBJA;2019;12;UNIDADE INTERNAÇÃO - CLINICA CIRURGICA;587
HRBJA;2019;12;UNIDADE INTERNAÇÃO - CLINICA MÉDICA;1320
HRBJA;2019;12;UTI;312
HRBJA;2020;1;UNIDADE INTERNAÇÃO - CLINICA CIRURGICA;576
HRBJA;2020;1;UNIDADE INTERNAÇÃO - CLINICA MÉDICA;1289
HRBJA;2020;1;UTI;309
HRBJA;2020;2;UNIDADE INTERNAÇÃO - CLINICA CIRURGICA;489
HRBJA;2020;2;UNIDADE INTERNAÇÃO - CLINICA MÉDICA;1177
HRBJA;2020;2;UTI;288
HRBJA;2020;3;UNIDADE INTERNAÇÃO - CLINICA CIRURGICA;518
HRBJA;2020;3;UNIDADE INTERNAÇÃO - CLINICA MÉDICA;1296
HRBJA;2020;3;UTI;306
HRBJA;2020;4;UNIDADE INTERNAÇÃO - CLINICA CIRURGICA;476
HRBJA;2020;4;UNIDADE INTERNAÇÃO - CLINICA MÉDICA;1073
HRBJA;2020;4;UTI;297
HRBJA;2020;5;UNIDADE INTERNAÇÃO - CLINICA CIRURGICA;416
HRBJA;2020;5;UNIDADE INTERNAÇÃO - CLINICA MÉDICA;1148
HRBJA;2020;5;UTI;313
HRBJA;2020;6;PRONTO ATENDIMENTO;13
HRBJA;2020;6;UNIDADE INTERNAÇÃO - CLINICA CIRURGICA;492
HRBJA;2020;6;UNIDADE INTERNAÇÃO - CLINICA MÉDICA;1163
HRBJA;2020;6;UTI;306
HRBJA;2020;7;UNIDADE INTERNAÇÃO - CLINICA CIRURGICA;598
HRBJA;2020;7;UNIDADE INTERNAÇÃO - CLINICA MÉDICA;1246
HRBJA;2020;7;UNIDADE INTERNAÇÃO - CLINICA MÉDICA COVID-19;17
HRBJA;2020;7;UTI;307
HRBJA;2020;7;UTI COVID-19;2
HRBJA;2020;8;UNIDADE INTERNAÇÃO - CLINICA CIRURGICA;566
HRBJA;2020;8;UNIDADE INTERNAÇÃO - CLINICA MÉDICA;1235
HRBJA;2020;8;UNIDADE INTERNAÇÃO - CLINICA MÉDICA COVID-19;12
HRBJA;2020;8;UTI;310
HRBJA;2020;8;UTI COVID-19;2
HRBJA;2020;9;UNIDADE INTERNAÇÃO - CLINICA CIRURGICA;561
HRBJA;2020;9;UNIDADE INTERNAÇÃO - CLINICA MÉDICA;1222
HRBJA;2020;9;UNIDADE INTERNAÇÃO - CLINICA MÉDICA COVID-19;9
HRBJA;2020;9;UTI;300
HRBJA;2020;9;UTI COVID-19;9
HRBJA;2020;10;UNIDADE INTERNAÇÃO - CLINICA CIRURGICA;617
HRBJA;2020;10;UNIDADE INTERNAÇÃO - CLINICA MÉDICA;1294
HRBJA;2020;10;UNIDADE INTERNAÇÃO - CLINICA MÉDICA COVID-19;4
HRBJA;2020;10;UTI;309
HRBJA;2020;11;UNIDADE INTERNAÇÃO - CLINICA CIRURGICA;605
HRBJA;2020;11;UNIDADE INTERNAÇÃO - CLINICA MÉDICA;1204
HRBJA;2020;11;UTI;296
HRBJA;2020;12;UNIDADE INTERNAÇÃO - CLINICA CIRURGICA;523
HRBJA;2020;12;UNIDADE INTERNAÇÃO - CLINICA MÉDICA;994
HRBJA;2020;12;UTI;294
HRBJA;2021;1;UNIDADE INTERNAÇÃO - CLINICA CIRURGICA;541
HRBJA;2021;1;UNIDADE INTERNAÇÃO - CLINICA MÉDICA;1013
HRBJA;2021;1;UTI;256
HRBJA;2021;2;UNIDADE INTERNAÇÃO - CLINICA CIRURGICA;492
HRBJA;2021;2;UNIDADE INTERNAÇÃO - CLINICA MÉDICA;1054
HRBJA;2021;2;UTI;276
HRBJA;2021;3;UNIDADE INTERNAÇÃO - CLINICA CIRURGICA;552
HRBJA;2021;3;UNIDADE INTERNAÇÃO - CLINICA MÉDICA;1067
HRBJA;2021;3;UTI;308
HRBJA;2021;4;UNIDADE INTERNAÇÃO - CLINICA CIRURGICA;508
HRBJA;2021;4;UNIDADE INTERNAÇÃO - CLINICA MÉDICA;1012
HRBJA;2021;4;UTI;301
HRBJA;2021;5;UNIDADE INTERNAÇÃO - CLINICA CIRURGICA;550
HRBJA;2021;5;UNIDADE INTERNAÇÃO - CLINICA MÉDICA;1145
HRBJA;2021;5;UTI;268
HRBJA;2021;5;UTI - ADULTO;50
HRBJA;2021;6;UNIDADE INTERNAÇÃO - CLINICA CIRURGICA;576
HRBJA;2021;6;UNIDADE INTERNAÇÃO - CLINICA MÉDICA;1136
HRBJA;2021;6;UTI - ADULTO;300
HRBJA;2021;7;UNIDADE INTERNAÇÃO - CLINICA CIRURGICA;585
HRBJA;2021;7;UNIDADE INTERNAÇÃO - CLINICA MÉDICA;1174
HRBJA;2021;7;UTI - ADULTO;309
HRBJA;2021;8;UNIDADE INTERNAÇÃO - CLINICA CIRURGICA;581
HRBJA;2021;8;UNIDADE INTERNAÇÃO - CLINICA MÉDICA;1240
HRBJA;2021;8;UTI - ADULTO;309
HRBJA;2021;9;UNIDADE INTERNAÇÃO - CLINICA CIRURGICA;596
HRBJA;2021;9;UNIDADE INTERNAÇÃO - CLINICA MÉDICA;1159
HRBJA;2021;9;UTI - ADULTO;302
HRBJA;2021;10;UNIDADE INTERNAÇÃO - CLINICA CIRURGICA;630
HRBJA;2021;10;UNIDADE INTERNAÇÃO - CLINICA MÉDICA;1302
HRBJA;2021;10;UTI - ADULTO;308
HRBJA;2021;11;UNIDADE INTERNAÇÃO - CLINICA CIRURGICA;592
HRBJA;2021;11;UNIDADE INTERNAÇÃO - CLINICA MÉDICA;1217
HRBJA;2021;11;UTI - ADULTO;298
HRBJA;2021;12;UNIDADE INTERNAÇÃO - CLINICA CIRURGICA;578
HRBJA;2021;12;UNIDADE INTERNAÇÃO - CLINICA MÉDICA;1235
HRBJA;2021;12;UTI - ADULTO;308
HRBJA;2022;1;UNIDADE INTERNAÇÃO - CLINICA CIRURGICA;584
HRBJA;2022;1;UNIDADE INTERNAÇÃO - CLINICA MÉDICA;1192
HRBJA;2022;1;UTI - ADULTO;291
HRBJA;2022;2;UNIDADE INTERNAÇÃO - CLINICA CIRURGICA;516
HRBJA;2022;2;UNIDADE INTERNAÇÃO - CLINICA MÉDICA;1084
HRBJA;2022;2;UTI - ADULTO;261
HRBJA;2022;3;UNIDADE INTERNAÇÃO - CLINICA CIRURGICA;564
HRBJA;2022;3;UNIDADE INTERNAÇÃO - CLINICA MÉDICA;1244
HRBJA;2022;3;UTI - ADULTO;298
HRBJA;2022;4;UNIDADE INTERNAÇÃO - CLINICA CIRURGICA;571
HRBJA;2022;4;UNIDADE INTERNAÇÃO - CLINICA MÉDICA;1221
HRBJA;2022;4;UTI - ADULTO;298
HRBJA;2022;5;UNIDADE INTERNAÇÃO - CLINICA CIRURGICA;563
HRBJA;2022;5;UNIDADE INTERNAÇÃO - CLINICA MÉDICA;1364
HRBJA;2022;5;UTI - ADULTO;310
HRBJA;2022;6;UNIDADE INTERNAÇÃO - CLINICA CIRURGICA;533
HRBJA;2022;6;UNIDADE INTERNAÇÃO - CLINICA MÉDICA;1318
HRBJA;2022;6;UTI - ADULTO;300
HRBJA;2022;7;UNIDADE INTERNAÇÃO - CLINICA CIRURGICA;565
HRBJA;2022;7;UNIDADE INTERNAÇÃO - CLINICA MÉDICA;1371
HRBJA;2022;7;UTI - ADULTO;307
HRBJA;2022;8;UNIDADE INTERNAÇÃO - CLINICA CIRURGICA;554
HRBJA;2022;8;UNIDADE INTERNAÇÃO - CLINICA MÉDICA;1363
HRBJA;2022;8;UTI - ADULTO;309
HRBJA;2022;9;UNIDADE INTERNAÇÃO - CLINICA CIRURGICA;571
HRBJA;2022;9;UNIDADE INTERNAÇÃO - CLINICA MÉDICA;1343
HRBJA;2022;9;UTI - ADULTO;297
HRBJA;2022;10;UNIDADE INTERNAÇÃO - CLINICA CIRURGICA;523
HRBJA;2022;10;UNIDADE INTERNAÇÃO - CLINICA MÉDICA;1354
HRBJA;2022;10;UTI - ADULTO;312
HRBJA;2022;11;UNIDADE INTERNAÇÃO - CLINICA CIRURGICA;577
HRBJA;2022;11;UNIDADE INTERNAÇÃO - CLINICA MÉDICA;1302
HRBJA;2022;11;UTI - ADULTO;300
HRBJA;2022;12;UNIDADE INTERNAÇÃO - CLINICA CIRURGICA;533
HRBJA;2022;12;UNIDADE INTERNAÇÃO - CLINICA MÉDICA;1288
HRBJA;2022;12;UTI - ADULTO;309
HRBJA;2023;1;UNIDADE INTERNAÇÃO - CLINICA CIRURGICA;592
HRBJA;2023;1;UNIDADE INTERNAÇÃO - CLINICA MÉDICA;1285
HRBJA;2023;1;UTI - ADULTO;311
HRBJA;2023;2;UNIDADE INTERNAÇÃO - CLINICA CIRURGICA;574
HRBJA;2023;2;UNIDADE INTERNAÇÃO - CLINICA MÉDICA;1218
HRBJA;2023;2;UTI - ADULTO;280
HRBJA;2023;3;UNIDADE INTERNAÇÃO - CLINICA CIRURGICA;593
HRBJA;2023;3;UNIDADE INTERNAÇÃO - CLINICA MÉDICA;1326
HRBJA;2023;3;UTI - ADULTO;310
HRBJA;2023;4;UNIDADE INTERNAÇÃO - CLINICA CIRURGICA;559
HRBJA;2023;4;UNIDADE INTERNAÇÃO - CLINICA MÉDICA;1303
HRBJA;2023;4;UTI - ADULTO;299
HRBJA;2023;5;UNIDADE INTERNAÇÃO - CLINICA CIRURGICA;612
HRBJA;2023;5;UNIDADE INTERNAÇÃO - CLINICA MÉDICA;1398
HRBJA;2023;5;UTI - ADULTO;308
HRBJA;2023;6;UNIDADE INTERNAÇÃO - CLINICA CIRURGICA;607
HRBJA;2023;6;UNIDADE INTERNAÇÃO - CLINICA MÉDICA;1283
HRBJA;2023;6;UTI - ADULTO;298
HRBJA;2023;7;UNIDADE INTERNAÇÃO - CLINICA CIRURGICA;632
HRBJA;2023;7;UNIDADE INTERNAÇÃO - CLINICA MÉDICA;1386
HRBJA;2023;7;UTI - ADULTO;311
HRBJA;2023;8;UNIDADE INTERNAÇÃO - CLINICA CIRURGICA;647
HRBJA;2023;8;UNIDADE INTERNAÇÃO - CLINICA MÉDICA;1373
HRBJA;2023;8;UTI - ADULTO;309
HRBJA;2023;9;UNIDADE INTERNAÇÃO - CLINICA CIRURGICA;619
HRBJA;2023;9;UNIDADE INTERNAÇÃO - CLINICA MÉDICA;1324
HRBJA;2023;9;UTI - ADULTO;300
HRBJA;2023;10;UNIDADE INTERNAÇÃO - CLINICA CIRURGICA;650
HRBJA;2023;10;UNIDADE INTERNAÇÃO - CLINICA MÉDICA;1386
HRBJA;2023;10;UTI - ADULTO;310
HRBJA;2023;11;UNIDADE INTERNAÇÃO - CLINICA CIRURGICA;622
HRBJA;2023;11;UNIDADE INTERNAÇÃO - CLINICA MÉDICA;1337
HRBJA;2023;11;UTI - ADULTO;297
HRBJA;2023;12;UNIDADE INTERNAÇÃO - CLINICA CIRURGICA;628
HRBJA;2023;12;UNIDADE INTERNAÇÃO - CLINICA MÉDICA;1349
HRBJA;2023;12;UTI - ADULTO;310
HRBJA;2024;1;UNIDADE INTERNAÇÃO - CLINICA CIRURGICA;642
HRBJA;2024;1;UNIDADE INTERNAÇÃO - CLINICA MÉDICA;1351
HRBJA;2024;1;UTI - ADULTO;310
HRBJA;2024;2;UNIDADE INTERNAÇÃO - CLINICA CIRURGICA;600
HRBJA;2024;2;UNIDADE INTERNAÇÃO - CLINICA MÉDICA;1284
HRBJA;2024;2;UTI - ADULTO;290
HRBJA;2024;3;UNIDADE INTERNAÇÃO - CLINICA CIRURGICA;644
HRBJA;2024;3;UNIDADE INTERNAÇÃO - CLINICA MÉDICA;1420
HRBJA;2024;3;UTI - ADULTO;308
HRBJA;2024;4;UNIDADE INTERNAÇÃO - CLINICA CIRURGICA;619
HRBJA;2024;4;UNIDADE INTERNAÇÃO - CLINICA MÉDICA;1361
HRBJA;2024;4;UTI - ADULTO;299
HRBJA;2024;5;UNIDADE INTERNAÇÃO - CLINICA CIRURGICA;652
HRBJA;2024;5;UNIDADE INTERNAÇÃO - CLINICA MÉDICA;1403
HRBJA;2024;5;UTI - ADULTO;307
HRBJA;2024;6;CLINICA CIRURGICA/HRB/CHB;142
HRBJA;2024;6;CLINICA MEDICA/HRB/CHB;142
HRBJA;2024;6;TRAUMATO-ORTOPEDIA CIRURGICA/CHPB/CHB;66
HRBJA;2024;6;UNIDADE INTERNAÇÃO - CLINICA CIRURGICA;479
HRBJA;2024;6;UNIDADE INTERNAÇÃO - CLINICA MÉDICA;1014
HRBJA;2024;6;UTI - ADULTO;227
HRBJA;2024;6;UTI ADULTO/HRB/CHB;48
HRBJA;2024;6;UUE/INTERNAÇÃO/HRB/CHB;150
HRBJA;2024;7;CLINICA CIRURGICA/HRB/CHB;628
HRBJA;2024;7;CLINICA MEDICA/HRB/CHB;826
HRBJA;2024;7;TRAUMATO-ORTOPEDIA CIRURGICA/CHPB/CHB;380
HRBJA;2024;7;UTI ADULTO/HRB/CHB;304
HRBJA;2024;7;UUE/INTERNAÇÃO/HRB/CHB;981
HRBJA;2024;8;CLINICA CIRURGICA/HRB/CHB;639
HRBJA;2024;8;CLINICA MEDICA/HRB/CHB;826
HRBJA;2024;8;TRAUMATO-ORTOPEDIA CIRURGICA/CHPB/CHB;285
HRBJA;2024;8;UTI ADULTO/HRB/CHB;302
HRBJA;2024;8;UUE/INTERNAÇÃO/HRB/CHB;970
HRBJA;2024;9;CLINICA CIRURGICA/HRB/CHB;605
HRBJA;2024;9;CLINICA MEDICA/HRB/CHB;812
HRBJA;2024;9;TRAUMATO-ORTOPEDIA CIRURGICA/CHPB/CHB;294
HRBJA;2024;9;UTI ADULTO/HRB/CHB;297
HRBJA;2024;9;UUE/INTERNAÇÃO/HRB/CHB;764
HRBJA;2024;10;CLINICA CIRURGICA/HRB/CHB;621
HRBJA;2024;10;CLINICA MEDICA/HRB/CHB;830
HRBJA;2024;10;TRAUMATO-ORTOPEDIA CIRURGICA/CHPB/CHB;220
HRBJA;2024;10;UTI ADULTO/HRB/CHB;305
HRBJA;2024;10;UUE/INTERNAÇÃO/HRB/CHB;753
HRBJA;2024;11;CLINICA CIRURGICA/HRB/CHB;589
HRBJA;2024;11;CLINICA MEDICA/HRB/CHB;780
HRBJA;2024;11;TRAUMATO-ORTOPEDIA CIRURGICA/CHPB/CHB;191
HRBJA;2024;11;UTI ADULTO/HRB/CHB;296
HRBJA;2024;11;UUE/INTERNAÇÃO/HRB/CHB;239
HRBJA;2024;12;CLINICA CIRURGICA/HRB/CHB;612
HRBJA;2024;12;CLINICA MEDICA/HRB/CHB;831
HRBJA;2024;12;TRAUMATO-ORTOPEDIA CIRURGICA/CHPB/CHB;191
HRBJA;2024;12;UTI ADULTO/HRB/CHB;375
HRBJA;2024;12;UUE/INTERNAÇÃO/HRB/CHB;88
HRBJA;2025;1;CLINICA CIRURGICA/HRB/CHB;541
HRBJA;2025;1;CLINICA MEDICA/HRB/CHB;815
HRBJA;2025;1;TRAUMATO-ORTOPEDIA CIRURGICA/CHPB/CHB;156
HRBJA;2025;1;UTI ADULTO/HRB/CHB;601
HRBJA;2025;1;UUE/INTERNAÇÃO/HRB/CHB;85
HRBJA;2025;2;CLINICA CIRURGICA/HRB/CHB;435
HRBJA;2025;2;CLINICA MEDICA/HRB/CHB;728
HRBJA;2025;2;TRAUMATO-ORTOPEDIA CIRURGICA/CHPB/CHB;81
HRBJA;2025;2;UTI ADULTO/HRB/CHB;551
HRBJA;2025;2;UUE/INTERNAÇÃO/HRB/CHB;138
HRBJA;2025;3;CLINICA CIRURGICA/HRB/CHB;585
HRBJA;2025;3;CLINICA MEDICA/HRB/CHB;823
HRBJA;2025;3;TRAUMATO-ORTOPEDIA CIRURGICA/CHPB/CHB;174
HRBJA;2025;3;UTI ADULTO/HRB/CHB;604
HRBJA;2025;3;UUE/INTERNAÇÃO/HRB/CHB;163
HRBJA;2025;4;CLINICA CIRURGICA/HRB/CHB;594
HRBJA;2025;4;CLINICA MEDICA/HRB/CHB;798
HRBJA;2025;4;TRAUMATO-ORTOPEDIA CIRURGICA/CHPB/CHB;116
HRBJA;2025;4;UTI ADULTO/HRB/CHB;592
HRBJA;2025;4;UUE/INTERNAÇÃO/HRB/CHB;149
HRBJA;2025;5;CLINICA CIRURGICA/HRB/CHB;611
HRBJA;2025;5;CLINICA MEDICA/HRB/CHB;826
HRBJA;2025;5;TRAUMATO-ORTOPEDIA CIRURGICA/CHPB/CHB;124
HRBJA;2025;5;UTI ADULTO/HRB/CHB;599
HRBJA;2025;5;UUE/INTERNAÇÃO/HRB/CHB;115
HRBJA;2025;6;CLINICA CIRURGICA/HRB/CHB;611
HRBJA;2025;6;CLINICA MEDICA/HRB/CHB;785
HRBJA;2025;6;TRAUMATO-ORTOPEDIA CIRURGICA/CHPB/CHB;192
HRBJA;2025;6;UTI ADULTO/HRB/CHB;590
HRBJA;2025;6;UUE/INTERNAÇÃO/HRB/CHB;127
HRBJA;2025;7;CLINICA CIRURGICA/HRB/CHB;636
HRBJA;2025;7;CLINICA MEDICA/HRB/CHB;836
HRBJA;2025;7;TRAUMATO-ORTOPEDIA CIRURGICA/CHPB/CHB;134
HRBJA;2025;7;UTI ADULTO/HRB/CHB;615
HRBJA;2025;7;UUE/INTERNAÇÃO/HRB/CHB;148
HRBJA;2025;8;CLINICA CIRURGICA/HRB/CHB;646
HRBJA;2025;8;CLINICA MEDICA/HRB/CHB;828
HRBJA;2025;8;TRAUMATO-ORTOPEDIA CIRURGICA/CHPB/CHB;195
HRBJA;2025;8;UTI ADULTO/HRB/CHB;614
HRBJA;2025;8;UUE/INTERNAÇÃO/HRB/CHB;205
HRBJA;2025;9;CLINICA CIRURGICA/HRB/CHB;610
HRBJA;2025;9;CLINICA MEDICA/HRB/CHB;799
HRBJA;2025;9;TRAUMATO-ORTOPEDIA CIRURGICA/CHPB/CHB;143
HRBJA;2025;9;UTI ADULTO/HRB/CHB;596
HRBJA;2025;9;UUE/INTERNAÇÃO/HRB/CHB;230
HRBJA;2025;10;CLINICA CIRURGICA/HRB/CHB;612
HRBJA;2025;10;CLINICA MEDICA/HRB/CHB;828
HRBJA;2025;10;TRAUMATO-ORTOPEDIA CIRURGICA/CHPB/CHB;54
HRBJA;2025;10;UTI ADULTO/HRB/CHB;621
HRBJA;2025;10;UUE/INTERNAÇÃO/HRB/CHB;200
HRBJA;2025;11;CLINICA CIRURGICA/HRB/CHB;607
HRBJA;2025;11;CLINICA MEDICA/HRB/CHB;806
HRBJA;2025;11;TRAUMATO-ORTOPEDIA CIRURGICA/CHPB/CHB;62
HRBJA;2025;11;UTI ADULTO/HRB/CHB;599
HRBJA;2025;11;UUE/INTERNAÇÃO/HRB/CHB;155
HRBJA;2025;12;CLINICA CIRURGICA/HRB/CHB;629
HRBJA;2025;12;CLINICA MEDICA/HRB/CHB;809
HRBJA;2025;12;TRAUMATO-ORTOPEDIA CIRURGICA/CHPB/CHB;129
HRBJA;2025;12;UTI ADULTO/HRB/CHB;617
HRBJA;2025;12;UUE/INTERNAÇÃO/HRB/CHB;158
HRBJA;2026;1;CLINICA CIRURGICA/HRB/CHB;634
HRBJA;2026;1;CLINICA MEDICA/HRB/CHB;797
HRBJA;2026;1;TRAUMATO-ORTOPEDIA CIRURGICA/CHPB/CHB;88
HRBJA;2026;1;UTI ADULTO/HRB/CHB;614
HRBJA;2026;1;UUE/INTERNAÇÃO/HRB/CHB;189
HRBJA;2026;2;CLINICA CIRURGICA/HRB/CHB;703
HRBJA;2026;2;CLINICA MEDICA/HRB/CHB;584
HRBJA;2026;2;TRAUMATO-ORTOPEDIA CIRURGICA/CHPB/CHB;161
HRBJA;2026;2;UCR-CIRURGICA/HRB/CHB;4
HRBJA;2026;2;UTI ADULTO/HRB/CHB;557
HRBJA;2026;2;UUE/INTERNAÇÃO/HRB/CHB;173
HRBJA;2026;3;BOARDING/HRB/CHB;17
HRBJA;2026;3;CLINICA CIRURGICA/HRB/CHB;1048
HRBJA;2026;3;CLINICA MEDICA/HRB/CHB;390
HRBJA;2026;3;TRAUMATO-ORTOPEDIA CIRURGICA/CHPB/CHB;210
HRBJA;2026;3;UAVC-AGUDO/HRB/CHB;52
HRBJA;2026;3;UCR-CIRURGICA/HRB/CHB;98
HRBJA;2026;3;UTI ADULTO/HRB/CHB;608
HRBJA;2026;3;UUE/INTERNAÇÃO/HRB/CHB;37
HRBJA;2026;4;BOARDING/HRB/CHB;17
HRBJA;2026;4;CLINICA CIRURGICA/HRB/CHB;1028
HRBJA;2026;4;CLINICA MEDICA/HRB/CHB;338
HRBJA;2026;4;TRAUMATO-ORTOPEDIA CIRURGICA/CHPB/CHB;267
HRBJA;2026;4;UAVC-AGUDO/HRB/CHB;70
HRBJA;2026;4;UCR-CIRURGICA/HRB/CHB;106
HRBJA;2026;4;UTI ADULTO/HRB/CHB;594
HRBJA;2026;5;BOARDING/HRB/CHB;14
HRBJA;2026;5;CLINICA CIRURGICA/HRB/CHB;1064
HRBJA;2026;5;CLINICA MEDICA/HRB/CHB;359
HRBJA;2026;5;TRAUMATO-ORTOPEDIA CIRURGICA/CHPB/CHB;254
HRBJA;2026;5;UAVC-AGUDO/HRB/CHB;75
HRBJA;2026;5;UCR-CIRURGICA/HRB/CHB;106
HRBJA;2026;5;UTI ADULTO/HRB/CHB;617
HRJP;2019;1;BLOCO OBSTÉTRICO;25
HRJP;2019;1;UNIDADE INTERNAÇÃO - ALTO RISCO OBSTETRICO (MATERNIDADE);469
HRJP;2019;1;UNIDADE INTERNAÇÃO - CLINICA MÉDICA ALA B;623
HRJP;2019;1;UNIDADE INTERNAÇÃO - CLINICA MÉDICA MASCULINA;841
HRJP;2019;1;UNIDADE INTERNAÇÃO - CLINICA PEDIÁTRICA;495
HRJP;2019;1;UNIDADE INTERNAÇÃO - CLINICA TISIOLÓGICA ALA C;606
HRJP;2019;1;UTI;285
HRJP;2019;1;UTI - NEONATAL;486
HRJP;2019;1;UTI PEDIATRICA;233
HRJP;2019;2;BLOCO OBSTÉTRICO;13
HRJP;2019;2;UNIDADE INTERNAÇÃO - ALTO RISCO OBSTETRICO (MATERNIDADE);409
HRJP;2019;2;UNIDADE INTERNAÇÃO - CLINICA MÉDICA ALA B;713
HRJP;2019;2;UNIDADE INTERNAÇÃO - CLINICA MÉDICA MASCULINA;750
HRJP;2019;2;UNIDADE INTERNAÇÃO - CLINICA PEDIÁTRICA;489
HRJP;2019;2;UNIDADE INTERNAÇÃO - CLINICA TISIOLÓGICA ALA C;499
HRJP;2019;2;UTI;268
HRJP;2019;2;UTI - NEONATAL;464
HRJP;2019;2;UTI PEDIATRICA;174
HRJP;2019;3;BLOCO OBSTÉTRICO;17
HRJP;2019;3;UNIDADE INTERNAÇÃO - ALTO RISCO OBSTETRICO (MATERNIDADE);473
HRJP;2019;3;UNIDADE INTERNAÇÃO - CLINICA MÉDICA ALA B;768
HRJP;2019;3;UNIDADE INTERNAÇÃO - CLINICA MÉDICA MASCULINA;710
HRJP;2019;3;UNIDADE INTERNAÇÃO - CLINICA PEDIÁTRICA;467
HRJP;2019;3;UNIDADE INTERNAÇÃO - CLINICA TISIOLÓGICA ALA C;548
HRJP;2019;3;UTI;291
HRJP;2019;3;UTI - NEONATAL;495
HRJP;2019;3;UTI PEDIATRICA;233
HRJP;2019;4;BLOCO OBSTÉTRICO;32
HRJP;2019;4;UNIDADE INTERNAÇÃO - ALTO RISCO OBSTETRICO (MATERNIDADE);472
HRJP;2019;4;UNIDADE INTERNAÇÃO - CLINICA MÉDICA ALA B;819
HRJP;2019;4;UNIDADE INTERNAÇÃO - CLINICA MÉDICA MASCULINA;757
HRJP;2019;4;UNIDADE INTERNAÇÃO - CLINICA PEDIÁTRICA;508
HRJP;2019;4;UNIDADE INTERNAÇÃO - CLINICA TISIOLÓGICA ALA C;522
HRJP;2019;4;UTI;265
HRJP;2019;4;UTI - NEONATAL;477
HRJP;2019;4;UTI PEDIATRICA;270
HRJP;2019;5;BLOCO OBSTÉTRICO;21
HRJP;2019;5;UNIDADE INTERNAÇÃO - ALTO RISCO OBSTETRICO (MATERNIDADE);439
HRJP;2019;5;UNIDADE INTERNAÇÃO - CLINICA MÉDICA ALA B;777
HRJP;2019;5;UNIDADE INTERNAÇÃO - CLINICA MÉDICA MASCULINA;900
HRJP;2019;5;UNIDADE INTERNAÇÃO - CLINICA PEDIÁTRICA;621
HRJP;2019;5;UNIDADE INTERNAÇÃO - CLINICA TISIOLÓGICA ALA C;588
HRJP;2019;5;UTI;274
HRJP;2019;5;UTI - NEONATAL;516
HRJP;2019;5;UTI PEDIATRICA;287
HRJP;2019;6;BLOCO OBSTÉTRICO;29
HRJP;2019;6;UNIDADE INTERNAÇÃO - ALTO RISCO OBSTETRICO (MATERNIDADE);453
HRJP;2019;6;UNIDADE INTERNAÇÃO - CLINICA MÉDICA ALA B;903
HRJP;2019;6;UNIDADE INTERNAÇÃO - CLINICA MÉDICA MASCULINA;762
HRJP;2019;6;UNIDADE INTERNAÇÃO - CLINICA PEDIÁTRICA;554
HRJP;2019;6;UNIDADE INTERNAÇÃO - CLINICA TISIOLÓGICA ALA C;486
HRJP;2019;6;UTI;276
HRJP;2019;6;UTI - NEONATAL;470
HRJP;2019;6;UTI PEDIATRICA;230
HRJP;2019;7;BLOCO OBSTÉTRICO;17
HRJP;2019;7;UNIDADE INTERNAÇÃO - ALTO RISCO OBSTETRICO (MATERNIDADE);448
HRJP;2019;7;UNIDADE INTERNAÇÃO - CLINICA MÉDICA ALA B;681
HRJP;2019;7;UNIDADE INTERNAÇÃO - CLINICA MÉDICA MASCULINA;670
HRJP;2019;7;UNIDADE INTERNAÇÃO - CLINICA PEDIÁTRICA;518
HRJP;2019;7;UNIDADE INTERNAÇÃO - CLINICA TISIOLÓGICA ALA C;517
HRJP;2019;7;UTI;281
HRJP;2019;7;UTI - NEONATAL;525
HRJP;2019;7;UTI PEDIATRICA;193
HRJP;2019;8;BLOCO OBSTÉTRICO;14
HRJP;2019;8;UNIDADE INTERNAÇÃO - ALTO RISCO OBSTETRICO (MATERNIDADE);358
HRJP;2019;8;UNIDADE INTERNAÇÃO - CLINICA MÉDICA ALA B;757
HRJP;2019;8;UNIDADE INTERNAÇÃO - CLINICA MÉDICA MASCULINA;677
HRJP;2019;8;UNIDADE INTERNAÇÃO - CLINICA PEDIÁTRICA;533
HRJP;2019;8;UNIDADE INTERNAÇÃO - CLINICA TISIOLÓGICA ALA C;651
HRJP;2019;8;UTI;285
HRJP;2019;8;UTI - NEONATAL;492
HRJP;2019;8;UTI PEDIATRICA;183
HRJP;2019;9;BLOCO OBSTÉTRICO;8
HRJP;2019;9;UNIDADE INTERNAÇÃO - ALTO RISCO OBSTETRICO (MATERNIDADE);427
HRJP;2019;9;UNIDADE INTERNAÇÃO - CLINICA MÉDICA ALA B;701
HRJP;2019;9;UNIDADE INTERNAÇÃO - CLINICA MÉDICA MASCULINA;756
HRJP;2019;9;UNIDADE INTERNAÇÃO - CLINICA PEDIÁTRICA;524
HRJP;2019;9;UNIDADE INTERNAÇÃO - CLINICA TISIOLÓGICA ALA C;676
HRJP;2019;9;UTI;285
HRJP;2019;9;UTI - NEONATAL;412
HRJP;2019;9;UTI PEDIATRICA;230
HRJP;2019;10;BLOCO OBSTÉTRICO;10
HRJP;2019;10;UNIDADE INTERNAÇÃO - ALTO RISCO OBSTETRICO (MATERNIDADE);371
HRJP;2019;10;UNIDADE INTERNAÇÃO - CLINICA MÉDICA ALA B;744
HRJP;2019;10;UNIDADE INTERNAÇÃO - CLINICA MÉDICA MASCULINA;879
HRJP;2019;10;UNIDADE INTERNAÇÃO - CLINICA PEDIÁTRICA;505
HRJP;2019;10;UNIDADE INTERNAÇÃO - CLINICA TISIOLÓGICA ALA C;611
HRJP;2019;10;UTI;288
HRJP;2019;10;UTI - NEONATAL;380
HRJP;2019;10;UTI PEDIATRICA;211
HRJP;2019;11;BLOCO OBSTÉTRICO;19
HRJP;2019;11;UNIDADE INTERNAÇÃO - ALTO RISCO OBSTETRICO (MATERNIDADE);357
HRJP;2019;11;UNIDADE INTERNAÇÃO - CLINICA MÉDICA ALA B;845
HRJP;2019;11;UNIDADE INTERNAÇÃO - CLINICA MÉDICA MASCULINA;785
HRJP;2019;11;UNIDADE INTERNAÇÃO - CLINICA PEDIÁTRICA;527
HRJP;2019;11;UNIDADE INTERNAÇÃO - CLINICA TISIOLÓGICA ALA C;548
HRJP;2019;11;UTI;285
HRJP;2019;11;UTI - NEONATAL;411
HRJP;2019;11;UTI PEDIATRICA;182
HRJP;2019;12;BLOCO OBSTÉTRICO;15
HRJP;2019;12;UNIDADE INTERNAÇÃO - ALTO RISCO OBSTETRICO (MATERNIDADE);373
HRJP;2019;12;UNIDADE INTERNAÇÃO - CLINICA MÉDICA ALA B;748
HRJP;2019;12;UNIDADE INTERNAÇÃO - CLINICA MÉDICA MASCULINA;614
HRJP;2019;12;UNIDADE INTERNAÇÃO - CLINICA PEDIÁTRICA;539
HRJP;2019;12;UNIDADE INTERNAÇÃO - CLINICA TISIOLÓGICA ALA C;505
HRJP;2019;12;UTI;301
HRJP;2019;12;UTI - NEONATAL;244
HRJP;2019;12;UTI PEDIATRICA;191
HRJP;2020;1;BLOCO OBSTÉTRICO;9
HRJP;2020;1;UNIDADE INTERNAÇÃO - ALTO RISCO OBSTETRICO (MATERNIDADE);396
HRJP;2020;1;UNIDADE INTERNAÇÃO - CLINICA MÉDICA ALA B;692
HRJP;2020;1;UNIDADE INTERNAÇÃO - CLINICA MÉDICA MASCULINA;588
HRJP;2020;1;UNIDADE INTERNAÇÃO - CLINICA PEDIÁTRICA;502
HRJP;2020;1;UNIDADE INTERNAÇÃO - CLINICA TISIOLÓGICA ALA C;395
HRJP;2020;1;UTI;284
HRJP;2020;1;UTI - NEONATAL;360
HRJP;2020;1;UTI PEDIATRICA;176
HRJP;2020;2;BLOCO OBSTÉTRICO;19
HRJP;2020;2;UNIDADE INTERNAÇÃO - ALTO RISCO OBSTETRICO (MATERNIDADE);439
HRJP;2020;2;UNIDADE INTERNAÇÃO - CLINICA MÉDICA ALA B;696
HRJP;2020;2;UNIDADE INTERNAÇÃO - CLINICA MÉDICA MASCULINA;641
HRJP;2020;2;UNIDADE INTERNAÇÃO - CLINICA PEDIÁTRICA;524
HRJP;2020;2;UNIDADE INTERNAÇÃO - CLINICA TISIOLÓGICA ALA C;434
HRJP;2020;2;UTI;258
HRJP;2020;2;UTI - NEONATAL;392
HRJP;2020;2;UTI PEDIATRICA;159
HRJP;2020;3;BLOCO OBSTÉTRICO;6
HRJP;2020;3;UNIDADE INTERNAÇÃO - ALTO RISCO OBSTETRICO (MATERNIDADE);450
HRJP;2020;3;UNIDADE INTERNAÇÃO - CLINICA MÉDICA ALA B;612
HRJP;2020;3;UNIDADE INTERNAÇÃO - CLINICA MÉDICA MASCULINA;650
HRJP;2020;3;UNIDADE INTERNAÇÃO - CLINICA PEDIÁTRICA;530
HRJP;2020;3;UNIDADE INTERNAÇÃO - CLINICA TISIOLÓGICA ALA C;451
HRJP;2020;3;UTI;211
HRJP;2020;3;UTI - NEONATAL;468
HRJP;2020;3;UTI PEDIATRICA;163
HRJP;2020;4;BLOCO OBSTÉTRICO;3
HRJP;2020;4;UNIDADE INTERNAÇÃO - ALTO RISCO OBSTETRICO (MATERNIDADE);349
HRJP;2020;4;UNIDADE INTERNAÇÃO - CLINICA MÉDICA ALA B;151
HRJP;2020;4;UNIDADE INTERNAÇÃO - CLINICA MÉDICA MASCULINA;5
HRJP;2020;4;UNIDADE INTERNAÇÃO - CLINICA PEDIÁTRICA;308
HRJP;2020;4;UNIDADE INTERNAÇÃO - CLINICA TISIOLÓGICA ALA C;195
HRJP;2020;4;UTI;252
HRJP;2020;4;UTI - NEONATAL;474
HRJP;2020;4;UTI PEDIATRICA;158
HRJP;2020;5;BLOCO OBSTÉTRICO;7
HRJP;2020;5;UNIDADE INTERNAÇÃO - ALTO RISCO OBSTETRICO (MATERNIDADE);417
HRJP;2020;5;UNIDADE INTERNAÇÃO - CLINICA MÉDICA ALA B;366
HRJP;2020;5;UNIDADE INTERNAÇÃO - CLINICA PEDIÁTRICA;341
HRJP;2020;5;UNIDADE INTERNAÇÃO - CLINICA TISIOLÓGICA ALA C;312
HRJP;2020;5;UTI;429
HRJP;2020;5;UTI - NEONATAL;424
HRJP;2020;5;UTI PEDIATRICA;103
HRJP;2020;6;BLOCO OBSTÉTRICO;15
HRJP;2020;6;UNIDADE INTERNAÇÃO - ALTO RISCO OBSTETRICO (MATERNIDADE);456
HRJP;2020;6;UNIDADE INTERNAÇÃO - CLINICA MÉDICA ALA B;400
HRJP;2020;6;UNIDADE INTERNAÇÃO - CLINICA PEDIÁTRICA;279
HRJP;2020;6;UNIDADE INTERNAÇÃO - CLINICA TISIOLÓGICA ALA C;433
HRJP;2020;6;UTI;559
HRJP;2020;6;UTI - NEONATAL;460
HRJP;2020;6;UTI PEDIATRICA;138
HRJP;2020;7;BLOCO OBSTÉTRICO;3
HRJP;2020;7;UNIDADE INTERNAÇÃO - ALTO RISCO OBSTETRICO (MATERNIDADE);393
HRJP;2020;7;UNIDADE INTERNAÇÃO - CLINICA MÉDICA ALA B;393
HRJP;2020;7;UNIDADE INTERNAÇÃO - CLINICA PEDIÁTRICA;426
HRJP;2020;7;UNIDADE INTERNAÇÃO - CLINICA TISIOLÓGICA ALA C;454
HRJP;2020;7;UTI;553
HRJP;2020;7;UTI - NEONATAL;504
HRJP;2020;7;UTI PEDIATRICA;175
HRJP;2020;8;BLOCO OBSTÉTRICO;15
HRJP;2020;8;UNIDADE INTERNAÇÃO - ALTO RISCO OBSTETRICO (MATERNIDADE);444
HRJP;2020;8;UNIDADE INTERNAÇÃO - CLINICA MÉDICA ALA B;406
HRJP;2020;8;UNIDADE INTERNAÇÃO - CLINICA PEDIÁTRICA;370
HRJP;2020;8;UNIDADE INTERNAÇÃO - CLINICA TISIOLÓGICA ALA C;332
HRJP;2020;8;UTI;421
HRJP;2020;8;UTI - NEONATAL;389
HRJP;2020;8;UTI PEDIATRICA;164
HRJP;2020;9;BLOCO OBSTÉTRICO;11
HRJP;2020;9;UNIDADE INTERNAÇÃO - ALTO RISCO OBSTETRICO (MATERNIDADE);438
HRJP;2020;9;UNIDADE INTERNAÇÃO - CLINICA MÉDICA ALA B;479
HRJP;2020;9;UNIDADE INTERNAÇÃO - CLINICA PEDIÁTRICA;328
HRJP;2020;9;UNIDADE INTERNAÇÃO - CLINICA TISIOLÓGICA ALA C;454
HRJP;2020;9;UTI;449
HRJP;2020;9;UTI - NEONATAL;341
HRJP;2020;9;UTI PEDIATRICA;190
HRJP;2020;10;BLOCO OBSTÉTRICO;7
HRJP;2020;10;UNIDADE INTERNAÇÃO - ALTO RISCO OBSTETRICO (MATERNIDADE);381
HRJP;2020;10;UNIDADE INTERNAÇÃO - CLINICA MÉDICA ALA B;356
HRJP;2020;10;UNIDADE INTERNAÇÃO - CLINICA PEDIÁTRICA;479
HRJP;2020;10;UNIDADE INTERNAÇÃO - CLINICA TISIOLÓGICA ALA C;499
HRJP;2020;10;UTI;448
HRJP;2020;10;UTI - NEONATAL;479
HRJP;2020;10;UTI PEDIATRICA;124
HRJP;2020;11;BLOCO OBSTÉTRICO;6
HRJP;2020;11;UNIDADE INTERNAÇÃO - ALTO RISCO OBSTETRICO (MATERNIDADE);380
HRJP;2020;11;UNIDADE INTERNAÇÃO - CLINICA MÉDICA ALA B;596
HRJP;2020;11;UNIDADE INTERNAÇÃO - CLINICA PEDIÁTRICA;364
HRJP;2020;11;UNIDADE INTERNAÇÃO - CLINICA TISIOLÓGICA ALA C;439
HRJP;2020;11;UTI;557
HRJP;2020;11;UTI - NEONATAL;425
HRJP;2020;11;UTI PEDIATRICA;127
HRJP;2020;12;BLOCO OBSTÉTRICO;3
HRJP;2020;12;UNIDADE INTERNAÇÃO - ALTO RISCO OBSTETRICO (MATERNIDADE);341
HRJP;2020;12;UNIDADE INTERNAÇÃO - CLINICA MÉDICA ALA B;599
HRJP;2020;12;UNIDADE INTERNAÇÃO - CLINICA PEDIÁTRICA;412
HRJP;2020;12;UNIDADE INTERNAÇÃO - CLINICA TISIOLÓGICA ALA C;352
HRJP;2020;12;UTI;587
HRJP;2020;12;UTI - NEONATAL;442
HRJP;2020;12;UTI PEDIATRICA;190
HRJP;2021;1;BLOCO OBSTÉTRICO;10
HRJP;2021;1;UNIDADE INTERNAÇÃO - ALTO RISCO OBSTETRICO (MATERNIDADE);457
HRJP;2021;1;UNIDADE INTERNAÇÃO - CLINICA MÉDICA ALA B;580
HRJP;2021;1;UNIDADE INTERNAÇÃO - CLINICA PEDIÁTRICA;410
HRJP;2021;1;UNIDADE INTERNAÇÃO - CLINICA TISIOLÓGICA ALA C;428
HRJP;2021;1;UTI;584
HRJP;2021;1;UTI - NEONATAL;401
HRJP;2021;1;UTI PEDIATRICA;259
HRJP;2021;2;BLOCO OBSTÉTRICO;2
HRJP;2021;2;UNIDADE INTERNAÇÃO - ALTO RISCO OBSTETRICO (MATERNIDADE);370
HRJP;2021;2;UNIDADE INTERNAÇÃO - CLINICA MÉDICA ALA B;392
HRJP;2021;2;UNIDADE INTERNAÇÃO - CLINICA PEDIÁTRICA;369
HRJP;2021;2;UNIDADE INTERNAÇÃO - CLINICA TISIOLÓGICA ALA C;419
HRJP;2021;2;UTI;494
HRJP;2021;2;UTI - NEONATAL;427
HRJP;2021;2;UTI PEDIATRICA;184
HRJP;2021;3;ALOJAMENTO CONJUNTO;197
HRJP;2021;3;BLOCO OBSTÉTRICO;18
HRJP;2021;3;UNIDADE INTERNAÇÃO - ALTO RISCO OBSTETRICO (MATERNIDADE);252
HRJP;2021;3;UNIDADE INTERNAÇÃO - CLINICA MÉDICA ALA B;693
HRJP;2021;3;UNIDADE INTERNAÇÃO - CLINICA PEDIÁTRICA;505
HRJP;2021;3;UNIDADE INTERNAÇÃO - CLINICA TISIOLÓGICA ALA C;438
HRJP;2021;3;UTI;615
HRJP;2021;3;UTI - NEONATAL;464
HRJP;2021;3;UTI PEDIATRICA;223
HRJP;2021;4;ALOJAMENTO CONJUNTO;442
HRJP;2021;4;BLOCO CIRURGICO;3
HRJP;2021;4;BLOCO OBSTÉTRICO;18
HRJP;2021;4;UNIDADE INTERNAÇÃO - CLINICA MÉDICA ALA B;535
HRJP;2021;4;UNIDADE INTERNAÇÃO - CLINICA PEDIÁTRICA;487
HRJP;2021;4;UNIDADE INTERNAÇÃO - CLINICA TISIOLÓGICA ALA C;476
HRJP;2021;4;UTI;591
HRJP;2021;4;UTI - NEONATAL;424
HRJP;2021;4;UTI PEDIATRICA;174
HRJP;2021;5;ALOJAMENTO CONJUNTO;504
HRJP;2021;5;BLOCO CIRURGICO;1
HRJP;2021;5;BLOCO OBSTÉTRICO;35
HRJP;2021;5;UNIDADE INTERNAÇÃO - CLINICA MÉDICA ALA B;309
HRJP;2021;5;UNIDADE INTERNAÇÃO - CLINICA PEDIÁTRICA;545
HRJP;2021;5;UNIDADE INTERNAÇÃO - CLINICA TISIOLÓGICA ALA C;520
HRJP;2021;5;UTI;587
HRJP;2021;5;UTI - NEONATAL;331
HRJP;2021;5;UTI PEDIATRICA;149
HRJP;2021;6;ALOJAMENTO CONJUNTO;348
HRJP;2021;6;BLOCO OBSTÉTRICO;1
HRJP;2021;6;UNIDADE INTERNAÇÃO - CLINICA MÉDICA ALA B;322
HRJP;2021;6;UNIDADE INTERNAÇÃO - CLINICA PEDIÁTRICA;483
HRJP;2021;6;UNIDADE INTERNAÇÃO - CLINICA TISIOLÓGICA ALA C;492
HRJP;2021;6;UTI;521
HRJP;2021;6;UTI - NEONATAL;414
HRJP;2021;6;UTI PEDIATRICA;98
HRJP;2021;7;ALOJAMENTO CONJUNTO;409
HRJP;2021;7;BLOCO OBSTÉTRICO;8
HRJP;2021;7;UNIDADE INTERNAÇÃO - CLINICA MÉDICA ALA A;49
HRJP;2021;7;UNIDADE INTERNAÇÃO - CLINICA MÉDICA ALA B;170
HRJP;2021;7;UNIDADE INTERNAÇÃO - CLINICA MÉDICA COVID 19;29
HRJP;2021;7;UNIDADE INTERNAÇÃO - CLINICA MÉDICA MASCULINA;220
HRJP;2021;7;UNIDADE INTERNAÇÃO - CLINICA PEDIÁTRICA;425
HRJP;2021;7;UNIDADE INTERNAÇÃO - CLINICA TISIOLÓGICA ALA C;173
HRJP;2021;7;UTI;346
HRJP;2021;7;UTI - ADULTO;39
HRJP;2021;7;UTI - NEONATAL;439
HRJP;2021;7;UTI PEDIATRICA;101
HRJP;2021;8;ALOJAMENTO CONJUNTO;430
HRJP;2021;8;BLOCO OBSTÉTRICO;4
HRJP;2021;8;UNIDADE INTERNAÇÃO - CLINICA MÉDICA ALA A;347
HRJP;2021;8;UNIDADE INTERNAÇÃO - CLINICA MÉDICA COVID 19;200
HRJP;2021;8;UNIDADE INTERNAÇÃO - CLINICA PEDIÁTRICA;401
HRJP;2021;8;UTI - ADULTO;252
HRJP;2021;8;UTI - NEONATAL;442
HRJP;2021;8;UTI PEDIATRICA;97
HRJP;2021;9;ALOJAMENTO CONJUNTO;356
HRJP;2021;9;BLOCO OBSTÉTRICO;5
HRJP;2021;9;UNIDADE INTERNAÇÃO - CLINICA MÉDICA ALA A;351
HRJP;2021;9;UNIDADE INTERNAÇÃO - CLINICA MÉDICA COVID 19;202
HRJP;2021;9;UNIDADE INTERNAÇÃO - CLINICA PEDIÁTRICA;418
HRJP;2021;9;UTI - ADULTO;222
HRJP;2021;9;UTI - NEONATAL;325
HRJP;2021;9;UTI PEDIATRICA;124
HRJP;2021;10;ALOJAMENTO CONJUNTO;320
HRJP;2021;10;BLOCO OBSTÉTRICO;4
HRJP;2021;10;UNIDADE INTERNAÇÃO - CLINICA MÉDICA ALA A;293
HRJP;2021;10;UNIDADE INTERNAÇÃO - CLINICA MÉDICA COVID 19;279
HRJP;2021;10;UNIDADE INTERNAÇÃO - CLINICA PEDIÁTRICA;407
HRJP;2021;10;UTI - ADULTO;222
HRJP;2021;10;UTI - NEONATAL;446
HRJP;2021;10;UTI PEDIATRICA;144
HRJP;2021;11;ALOJAMENTO CONJUNTO;360
HRJP;2021;11;BLOCO OBSTÉTRICO;1
HRJP;2021;11;UNIDADE INTERNAÇÃO - CLINICA MÉDICA ALA A;623
HRJP;2021;11;UNIDADE INTERNAÇÃO - CLINICA MÉDICA COVID 19;430
HRJP;2021;11;UNIDADE INTERNAÇÃO - CLINICA PEDIÁTRICA;460
HRJP;2021;11;UTI - ADULTO;253
HRJP;2021;11;UTI - NEONATAL;365
HRJP;2021;11;UTI PEDIATRICA;117
HRJP;2021;12;ALOJAMENTO CONJUNTO;390
HRJP;2021;12;BLOCO CIRURGICO;2
HRJP;2021;12;BLOCO OBSTÉTRICO;2
HRJP;2021;12;UNIDADE INTERNAÇÃO - CLINICA MÉDICA ALA A;392
HRJP;2021;12;UNIDADE INTERNAÇÃO - CLINICA MÉDICA ALA B;448
HRJP;2021;12;UNIDADE INTERNAÇÃO - CLINICA MÉDICA COVID 19;76
HRJP;2021;12;UNIDADE INTERNAÇÃO - CLINICA PEDIÁTRICA;485
HRJP;2021;12;UNIDADE INTERNAÇÃO - CLINICA TISIOLÓGICA ALA C;427
HRJP;2021;12;UTI - ADULTO;276
HRJP;2021;12;UTI - NEONATAL;433
HRJP;2021;12;UTI PEDIATRICA;95
HRJP;2022;1;ALOJAMENTO CONJUNTO;397
HRJP;2022;1;BLOCO OBSTÉTRICO;13
HRJP;2022;1;UNIDADE INTERNAÇÃO - CLINICA MÉDICA ALA A;247
HRJP;2022;1;UNIDADE INTERNAÇÃO - CLINICA MÉDICA ALA B;561
HRJP;2022;1;UNIDADE INTERNAÇÃO - CLINICA PEDIÁTRICA;495
HRJP;2022;1;UNIDADE INTERNAÇÃO - CLINICA TISIOLÓGICA ALA C;518
HRJP;2022;1;UTI - ADULTO;272
HRJP;2022;1;UTI - NEONATAL;444
HRJP;2022;1;UTI PEDIATRICA;176
HRJP;2022;2;ALOJAMENTO CONJUNTO;347
HRJP;2022;2;BLOCO OBSTÉTRICO;13
HRJP;2022;2;UNIDADE INTERNAÇÃO - CLINICA MÉDICA ALA A;307
HRJP;2022;2;UNIDADE INTERNAÇÃO - CLINICA MÉDICA ALA B;562
HRJP;2022;2;UNIDADE INTERNAÇÃO - CLINICA PEDIÁTRICA;407
HRJP;2022;2;UNIDADE INTERNAÇÃO - CLINICA TISIOLÓGICA ALA C;513
HRJP;2022;2;UTI - ADULTO;240
HRJP;2022;2;UTI - NEONATAL;383
HRJP;2022;2;UTI PEDIATRICA;154
HRJP;2022;3;ALOJAMENTO CONJUNTO;400
HRJP;2022;3;BLOCO OBSTÉTRICO;17
HRJP;2022;3;UNIDADE INTERNAÇÃO - CLINICA MÉDICA ALA A;339
HRJP;2022;3;UNIDADE INTERNAÇÃO - CLINICA MÉDICA ALA B;665
HRJP;2022;3;UNIDADE INTERNAÇÃO - CLINICA PEDIÁTRICA;462
HRJP;2022;3;UNIDADE INTERNAÇÃO - CLINICA TISIOLÓGICA ALA C;644
HRJP;2022;3;UTI - ADULTO;276
HRJP;2022;3;UTI - NEONATAL;316
HRJP;2022;3;UTI PEDIATRICA;191
HRJP;2022;4;ALOJAMENTO CONJUNTO;434
HRJP;2022;4;BLOCO OBSTÉTRICO;25
HRJP;2022;4;UNIDADE INTERNAÇÃO - CLINICA MÉDICA ALA A;535
HRJP;2022;4;UNIDADE INTERNAÇÃO - CLINICA MÉDICA ALA B;641
HRJP;2022;4;UNIDADE INTERNAÇÃO - CLINICA PEDIÁTRICA;609
HRJP;2022;4;UNIDADE INTERNAÇÃO - CLINICA TISIOLÓGICA ALA C;637
HRJP;2022;4;UTI - ADULTO;262
HRJP;2022;4;UTI - NEONATAL;404
HRJP;2022;4;UTI PEDIATRICA;232
HRJP;2022;5;ALOJAMENTO CONJUNTO;425
HRJP;2022;5;BLOCO OBSTÉTRICO;36
HRJP;2022;5;UNIDADE INTERNAÇÃO - CLINICA MÉDICA ALA A;471
HRJP;2022;5;UNIDADE INTERNAÇÃO - CLINICA MÉDICA ALA B;509
HRJP;2022;5;UNIDADE INTERNAÇÃO - CLINICA PEDIÁTRICA;618
HRJP;2022;5;UNIDADE INTERNAÇÃO - CLINICA TISIOLÓGICA ALA C;421
HRJP;2022;5;UTI - ADULTO;278
HRJP;2022;5;UTI - NEONATAL;469
HRJP;2022;5;UTI PEDIATRICA;210
HRJP;2022;6;ALOJAMENTO CONJUNTO;405
HRJP;2022;6;BLOCO CIRURGICO;2
HRJP;2022;6;BLOCO OBSTÉTRICO;4
HRJP;2022;6;UNIDADE INTERNAÇÃO - CLINICA CIRURGICA ALA A;170
HRJP;2022;6;UNIDADE INTERNAÇÃO - CLINICA CIRURGICA ALA B;259
HRJP;2022;6;UNIDADE INTERNAÇÃO - CLINICA MÉDICA ALA A;195
HRJP;2022;6;UNIDADE INTERNAÇÃO - CLINICA MÉDICA ALA B;209
HRJP;2022;6;UNIDADE INTERNAÇÃO - CLINICA MÉDICA ALA C;430
HRJP;2022;6;UNIDADE INTERNAÇÃO - CLINICA PEDIÁTRICA;528
HRJP;2022;6;UNIDADE INTERNAÇÃO - CLINICA TISIOLÓGICA ALA B;84
HRJP;2022;6;UNIDADE INTERNAÇÃO - CLINICA TISIOLÓGICA ALA C;123
HRJP;2022;6;UNIDADE INTERNAÇÃO - PSIQUIATRIA ALA A;145
HRJP;2022;6;UNIDADE INTERNAÇÃO - PSIQUIATRIA ALA C;117
HRJP;2022;6;UTI - ADULTO;267
HRJP;2022;6;UTI - NEONATAL;440
HRJP;2022;6;UTI PEDIATRICA;243
HRJP;2022;7;ALOJAMENTO CONJUNTO;365
HRJP;2022;7;BLOCO CIRURGICO;1
HRJP;2022;7;BLOCO OBSTÉTRICO;4
HRJP;2022;7;UNIDADE INTERNAÇÃO - CLINICA CIRURGICA ALA A;142
HRJP;2022;7;UNIDADE INTERNAÇÃO - CLINICA CIRURGICA ALA B;252
HRJP;2022;7;UNIDADE INTERNAÇÃO - CLINICA MÉDICA ALA A;114
HRJP;2022;7;UNIDADE INTERNAÇÃO - CLINICA MÉDICA ALA B;110
HRJP;2022;7;UNIDADE INTERNAÇÃO - CLINICA MÉDICA ALA C;447
HRJP;2022;7;UNIDADE INTERNAÇÃO - CLINICA PEDIÁTRICA;610
HRJP;2022;7;UNIDADE INTERNAÇÃO - CLINICA TISIOLÓGICA ALA B;65
HRJP;2022;7;UNIDADE INTERNAÇÃO - CLINICA TISIOLÓGICA ALA C;59
HRJP;2022;7;UNIDADE INTERNAÇÃO - PSIQUIATRIA ALA A;272
HRJP;2022;7;UNIDADE INTERNAÇÃO - PSIQUIATRIA ALA C;85
HRJP;2022;7;UTI - ADULTO;282
HRJP;2022;7;UTI - NEONATAL;475
HRJP;2022;7;UTI PEDIATRICA;202
HRJP;2022;8;ALOJAMENTO CONJUNTO;376
HRJP;2022;8;BLOCO CIRURGICO;1
HRJP;2022;8;BLOCO OBSTÉTRICO;7
HRJP;2022;8;UNIDADE INTERNAÇÃO - CLINICA CIRURGICA ALA A;114
HRJP;2022;8;UNIDADE INTERNAÇÃO - CLINICA CIRURGICA ALA B;234
HRJP;2022;8;UNIDADE INTERNAÇÃO - CLINICA MÉDICA ALA A;122
HRJP;2022;8;UNIDADE INTERNAÇÃO - CLINICA MÉDICA ALA B;81
HRJP;2022;8;UNIDADE INTERNAÇÃO - CLINICA MÉDICA ALA C;447
HRJP;2022;8;UNIDADE INTERNAÇÃO - CLINICA PEDIÁTRICA;549
HRJP;2022;8;UNIDADE INTERNAÇÃO - CLINICA TISIOLÓGICA ALA C;40
HRJP;2022;8;UNIDADE INTERNAÇÃO - PSIQUIATRIA ALA A;343
HRJP;2022;8;UNIDADE INTERNAÇÃO - PSIQUIATRIA ALA C;138
HRJP;2022;8;UTI - ADULTO;288
HRJP;2022;8;UTI - NEONATAL;471
HRJP;2022;8;UTI PEDIATRICA;151
HRJP;2022;9;ALOJAMENTO CONJUNTO;302
HRJP;2022;9;BLOCO OBSTÉTRICO;2
HRJP;2022;9;UNIDADE INTERNAÇÃO - CLINICA CIRURGICA ALA A;156
HRJP;2022;9;UNIDADE INTERNAÇÃO - CLINICA CIRURGICA ALA B;251
HRJP;2022;9;UNIDADE INTERNAÇÃO - CLINICA MÉDICA ALA A;108
HRJP;2022;9;UNIDADE INTERNAÇÃO - CLINICA MÉDICA ALA B;139
HRJP;2022;9;UNIDADE INTERNAÇÃO - CLINICA MÉDICA ALA C;489
HRJP;2022;9;UNIDADE INTERNAÇÃO - CLINICA PEDIÁTRICA;451
HRJP;2022;9;UNIDADE INTERNAÇÃO - CLINICA TISIOLÓGICA ALA C;36
HRJP;2022;9;UNIDADE INTERNAÇÃO - PSIQUIATRIA ALA A;310
HRJP;2022;9;UNIDADE INTERNAÇÃO - PSIQUIATRIA ALA C;105
HRJP;2022;9;UTI -  PEDIATRICO;16
HRJP;2022;9;UTI - ADULTO;273
HRJP;2022;9;UTI - NEONATAL;480
HRJP;2022;9;UTI PEDIATRICA;133
HRJP;2022;10;ALOJAMENTO CONJUNTO;289
HRJP;2022;10;BLOCO CIRURGICO;2
HRJP;2022;10;BLOCO OBSTÉTRICO;10
HRJP;2022;10;UNIDADE INTERNAÇÃO - CLINICA CIRURGICA ALA A;185
HRJP;2022;10;UNIDADE INTERNAÇÃO - CLINICA CIRURGICA ALA B;243
HRJP;2022;10;UNIDADE INTERNAÇÃO - CLINICA MÉDICA ALA A;126
HRJP;2022;10;UNIDADE INTERNAÇÃO - CLINICA MÉDICA ALA B;164
HRJP;2022;10;UNIDADE INTERNAÇÃO - CLINICA MÉDICA ALA C;533
HRJP;2022;10;UNIDADE INTERNAÇÃO - CLINICA PEDIÁTRICA;572
HRJP;2022;10;UNIDADE INTERNAÇÃO - CLINICA TISIOLÓGICA ALA B;13
HRJP;2022;10;UNIDADE INTERNAÇÃO - CLINICA TISIOLÓGICA ALA C;66
HRJP;2022;10;UNIDADE INTERNAÇÃO - PSIQUIATRIA ALA A;325
HRJP;2022;10;UNIDADE INTERNAÇÃO - PSIQUIATRIA ALA C;123
HRJP;2022;10;UTI -  PEDIATRICO;229
HRJP;2022;10;UTI - ADULTO;282
HRJP;2022;10;UTI - NEONATAL;408
HRJP;2022;11;ALOJAMENTO CONJUNTO;332
HRJP;2022;11;BLOCO OBSTÉTRICO;1
HRJP;2022;11;UNIDADE INTERNAÇÃO - CLINICA CIRURGICA ALA A;158
HRJP;2022;11;UNIDADE INTERNAÇÃO - CLINICA CIRURGICA ALA B;223
HRJP;2022;11;UNIDADE INTERNAÇÃO - CLINICA MÉDICA ALA A;156
HRJP;2022;11;UNIDADE INTERNAÇÃO - CLINICA MÉDICA ALA B;187
HRJP;2022;11;UNIDADE INTERNAÇÃO - CLINICA MÉDICA ALA C;479
HRJP;2022;11;UNIDADE INTERNAÇÃO - CLINICA PEDIÁTRICA;603
HRJP;2022;11;UNIDADE INTERNAÇÃO - CLINICA TISIOLÓGICA ALA B;106
HRJP;2022;11;UNIDADE INTERNAÇÃO - CLINICA TISIOLÓGICA ALA C;101
HRJP;2022;11;UNIDADE INTERNAÇÃO - PSIQUIATRIA ALA A;281
HRJP;2022;11;UNIDADE INTERNAÇÃO - PSIQUIATRIA ALA C;111
HRJP;2022;11;UTI -  PEDIATRICO;257
HRJP;2022;11;UTI - ADULTO;276
HRJP;2022;11;UTI - NEONATAL;367
HRJP;2022;12;ALOJAMENTO CONJUNTO;355
HRJP;2022;12;BLOCO OBSTÉTRICO;3
HRJP;2022;12;UNIDADE INTERNAÇÃO - CLINICA CIRURGICA ALA A;147
HRJP;2022;12;UNIDADE INTERNAÇÃO - CLINICA CIRURGICA ALA B;205
HRJP;2022;12;UNIDADE INTERNAÇÃO - CLINICA MÉDICA ALA A;144
HRJP;2022;12;UNIDADE INTERNAÇÃO - CLINICA MÉDICA ALA B;117
HRJP;2022;12;UNIDADE INTERNAÇÃO - CLINICA MÉDICA ALA C;460
HRJP;2022;12;UNIDADE INTERNAÇÃO - CLINICA PEDIÁTRICA;553
HRJP;2022;12;UNIDADE INTERNAÇÃO - CLINICA TISIOLÓGICA ALA B;111
HRJP;2022;12;UNIDADE INTERNAÇÃO - CLINICA TISIOLÓGICA ALA C;110
HRJP;2022;12;UNIDADE INTERNAÇÃO - PSIQUIATRIA ALA A;231
HRJP;2022;12;UNIDADE INTERNAÇÃO - PSIQUIATRIA ALA C;127
HRJP;2022;12;UTI -  PEDIATRICO;224
HRJP;2022;12;UTI - ADULTO;280
HRJP;2022;12;UTI - NEONATAL;464
HRJP;2023;1;ALOJAMENTO CONJUNTO;341
HRJP;2023;1;BLOCO OBSTÉTRICO;2
HRJP;2023;1;UNIDADE INTERNAÇÃO - CLINICA CIRURGICA ALA A;119
HRJP;2023;1;UNIDADE INTERNAÇÃO - CLINICA CIRURGICA ALA B;216
HRJP;2023;1;UNIDADE INTERNAÇÃO - CLINICA MÉDICA ALA A;152
HRJP;2023;1;UNIDADE INTERNAÇÃO - CLINICA MÉDICA ALA B;99
HRJP;2023;1;UNIDADE INTERNAÇÃO - CLINICA MÉDICA ALA C;435
HRJP;2023;1;UNIDADE INTERNAÇÃO - CLINICA PEDIÁTRICA;500
HRJP;2023;1;UNIDADE INTERNAÇÃO - CLINICA TISIOLÓGICA ALA B;68
HRJP;2023;1;UNIDADE INTERNAÇÃO - CLINICA TISIOLÓGICA ALA C;101
HRJP;2023;1;UNIDADE INTERNAÇÃO - PSIQUIATRIA ALA A;276
HRJP;2023;1;UNIDADE INTERNAÇÃO - PSIQUIATRIA ALA C;113
HRJP;2023;1;UTI -  PEDIATRICO;128
HRJP;2023;1;UTI - ADULTO;279
HRJP;2023;1;UTI - NEONATAL;428
HRJP;2023;2;ALOJAMENTO CONJUNTO;329
HRJP;2023;2;BLOCO OBSTÉTRICO;2
HRJP;2023;2;UNIDADE INTERNAÇÃO - CLINICA CIRURGICA ALA A;158
HRJP;2023;2;UNIDADE INTERNAÇÃO - CLINICA CIRURGICA ALA B;191
HRJP;2023;2;UNIDADE INTERNAÇÃO - CLINICA MÉDICA ALA A;139
HRJP;2023;2;UNIDADE INTERNAÇÃO - CLINICA MÉDICA ALA B;136
HRJP;2023;2;UNIDADE INTERNAÇÃO - CLINICA MÉDICA ALA C;406
HRJP;2023;2;UNIDADE INTERNAÇÃO - CLINICA PEDIÁTRICA;571
HRJP;2023;2;UNIDADE INTERNAÇÃO - CLINICA TISIOLÓGICA ALA B;42
HRJP;2023;2;UNIDADE INTERNAÇÃO - CLINICA TISIOLÓGICA ALA C;120
HRJP;2023;2;UNIDADE INTERNAÇÃO - PSIQUIATRIA ALA A;282
HRJP;2023;2;UNIDADE INTERNAÇÃO - PSIQUIATRIA ALA C;129
HRJP;2023;2;UTI -  PEDIATRICO;181
HRJP;2023;2;UTI - ADULTO;290
HRJP;2023;2;UTI - NEONATAL;397
HRJP;2023;3;ALOJAMENTO CONJUNTO;380
HRJP;2023;3;BLOCO CIRURGICO;1
HRJP;2023;3;BLOCO OBSTÉTRICO;3
HRJP;2023;3;UNIDADE INTERNAÇÃO - CLINICA CIRURGICA ALA A;191
HRJP;2023;3;UNIDADE INTERNAÇÃO - CLINICA CIRURGICA ALA B;124
HRJP;2023;3;UNIDADE INTERNAÇÃO - CLINICA MÉDICA ALA A;153
HRJP;2023;3;UNIDADE INTERNAÇÃO - CLINICA MÉDICA ALA B;202
HRJP;2023;3;UNIDADE INTERNAÇÃO - CLINICA MÉDICA ALA C;592
HRJP;2023;3;UNIDADE INTERNAÇÃO - CLINICA PEDIÁTRICA;698
HRJP;2023;3;UNIDADE INTERNAÇÃO - CLINICA TISIOLÓGICA ALA B;53
HRJP;2023;3;UNIDADE INTERNAÇÃO - CLINICA TISIOLÓGICA ALA C;118
HRJP;2023;3;UNIDADE INTERNAÇÃO - PSIQUIATRIA ALA A;335
HRJP;2023;3;UNIDADE INTERNAÇÃO - PSIQUIATRIA ALA C;118
HRJP;2023;3;UTI -  PEDIATRICO;213
HRJP;2023;3;UTI - ADULTO;506
HRJP;2023;3;UTI - NEONATAL;451
HRJP;2023;4;ALOJAMENTO CONJUNTO;406
HRJP;2023;4;BLOCO CIRURGICO;1
HRJP;2023;4;BLOCO OBSTÉTRICO;18
HRJP;2023;4;UNIDADE INTERNAÇÃO - CLINICA CIRURGICA ALA A;181
HRJP;2023;4;UNIDADE INTERNAÇÃO - CLINICA CIRURGICA ALA B;199
HRJP;2023;4;UNIDADE INTERNAÇÃO - CLINICA MÉDICA ALA A;73
HRJP;2023;4;UNIDADE INTERNAÇÃO - CLINICA MÉDICA ALA B;209
HRJP;2023;4;UNIDADE INTERNAÇÃO - CLINICA MÉDICA ALA C;487
HRJP;2023;4;UNIDADE INTERNAÇÃO - CLINICA PEDIÁTRICA;749
HRJP;2023;4;UNIDADE INTERNAÇÃO - CLINICA TISIOLÓGICA ALA B;48
HRJP;2023;4;UNIDADE INTERNAÇÃO - CLINICA TISIOLÓGICA ALA C;122
HRJP;2023;4;UNIDADE INTERNAÇÃO - PSIQUIATRIA ALA A;330
HRJP;2023;4;UNIDADE INTERNAÇÃO - PSIQUIATRIA ALA C;166
HRJP;2023;4;UTI -  PEDIATRICO;211
HRJP;2023;4;UTI - ADULTO;535
HRJP;2023;4;UTI - NEONATAL;427
HRJP;2023;5;ALOJAMENTO CONJUNTO;431
HRJP;2023;5;BLOCO CIRURGICO;1
HRJP;2023;5;BLOCO OBSTÉTRICO;14
HRJP;2023;5;UNIDADE INTERNAÇÃO - CLINICA CIRURGICA ALA A;236
HRJP;2023;5;UNIDADE INTERNAÇÃO - CLINICA CIRURGICA ALA B;213
HRJP;2023;5;UNIDADE INTERNAÇÃO - CLINICA MÉDICA ALA A;216
HRJP;2023;5;UNIDADE INTERNAÇÃO - CLINICA MÉDICA ALA B;221
HRJP;2023;5;UNIDADE INTERNAÇÃO - CLINICA MÉDICA ALA C;517
HRJP;2023;5;UNIDADE INTERNAÇÃO - CLINICA PEDIÁTRICA;752
HRJP;2023;5;UNIDADE INTERNAÇÃO - CLINICA TISIOLÓGICA ALA B;59
HRJP;2023;5;UNIDADE INTERNAÇÃO - CLINICA TISIOLÓGICA ALA C;148
HRJP;2023;5;UNIDADE INTERNAÇÃO - PSIQUIATRIA ALA A;200
HRJP;2023;5;UNIDADE INTERNAÇÃO - PSIQUIATRIA ALA C;170
HRJP;2023;5;UTI -  PEDIATRICO;171
HRJP;2023;5;UTI - ADULTO;562
HRJP;2023;5;UTI - NEONATAL;420
HRJP;2023;6;ALOJAMENTO CONJUNTO;367
HRJP;2023;6;BLOCO OBSTÉTRICO;8
HRJP;2023;6;UNIDADE INTERNAÇÃO - CLINICA CIRURGICA ALA A;222
HRJP;2023;6;UNIDADE INTERNAÇÃO - CLINICA CIRURGICA ALA B;213
HRJP;2023;6;UNIDADE INTERNAÇÃO - CLINICA MÉDICA ALA A;185
HRJP;2023;6;UNIDADE INTERNAÇÃO - CLINICA MÉDICA ALA B;207
HRJP;2023;6;UNIDADE INTERNAÇÃO - CLINICA MÉDICA ALA C;425
HRJP;2023;6;UNIDADE INTERNAÇÃO - CLINICA PEDIÁTRICA;639
HRJP;2023;6;UNIDADE INTERNAÇÃO - CLINICA TISIOLÓGICA ALA B;54
HRJP;2023;6;UNIDADE INTERNAÇÃO - CLINICA TISIOLÓGICA ALA C;124
HRJP;2023;6;UNIDADE INTERNAÇÃO - PSIQUIATRIA ALA A;280
HRJP;2023;6;UNIDADE INTERNAÇÃO - PSIQUIATRIA ALA C;161
HRJP;2023;6;UTI -  PEDIATRICO;148
HRJP;2023;6;UTI - ADULTO;526
HRJP;2023;6;UTI - NEONATAL;348
HRJP;2023;7;ALOJAMENTO CONJUNTO;376
HRJP;2023;7;BLOCO OBSTÉTRICO;8
HRJP;2023;7;UNIDADE INTERNAÇÃO - CLINICA CIRURGICA ALA A;165
HRJP;2023;7;UNIDADE INTERNAÇÃO - CLINICA CIRURGICA ALA B;208
HRJP;2023;7;UNIDADE INTERNAÇÃO - CLINICA MÉDICA ALA A;178
HRJP;2023;7;UNIDADE INTERNAÇÃO - CLINICA MÉDICA ALA B;185
HRJP;2023;7;UNIDADE INTERNAÇÃO - CLINICA MÉDICA ALA C;369
HRJP;2023;7;UNIDADE INTERNAÇÃO - CLINICA PEDIÁTRICA;556
HRJP;2023;7;UNIDADE INTERNAÇÃO - CLINICA TISIOLÓGICA ALA B;58
HRJP;2023;7;UNIDADE INTERNAÇÃO - CLINICA TISIOLÓGICA ALA C;175
HRJP;2023;7;UNIDADE INTERNAÇÃO - PSIQUIATRIA ALA A;316
HRJP;2023;7;UNIDADE INTERNAÇÃO - PSIQUIATRIA ALA C;159
HRJP;2023;7;UTI -  PEDIATRICO;169
HRJP;2023;7;UTI - ADULTO;590
HRJP;2023;7;UTI - NEONATAL;231
HRJP;2023;8;ALOJAMENTO CONJUNTO;380
HRJP;2023;8;BLOCO OBSTÉTRICO;4
HRJP;2023;8;UNIDADE INTERNAÇÃO - CLINICA CIRURGICA ALA A;197
HRJP;2023;8;UNIDADE INTERNAÇÃO - CLINICA CIRURGICA ALA B;192
HRJP;2023;8;UNIDADE INTERNAÇÃO - CLINICA MÉDICA ALA A;150
HRJP;2023;8;UNIDADE INTERNAÇÃO - CLINICA MÉDICA ALA B;225
HRJP;2023;8;UNIDADE INTERNAÇÃO - CLINICA MÉDICA ALA C;470
HRJP;2023;8;UNIDADE INTERNAÇÃO - CLINICA PEDIÁTRICA;607
HRJP;2023;8;UNIDADE INTERNAÇÃO - CLINICA TISIOLÓGICA ALA B;34
HRJP;2023;8;UNIDADE INTERNAÇÃO - CLINICA TISIOLÓGICA ALA C;136
HRJP;2023;8;UNIDADE INTERNAÇÃO - PSIQUIATRIA ALA A;337
HRJP;2023;8;UNIDADE INTERNAÇÃO - PSIQUIATRIA ALA C;169
HRJP;2023;8;UTI -  PEDIATRICO;123
HRJP;2023;8;UTI - ADULTO;574
HRJP;2023;8;UTI - NEONATAL;390
HRJP;2023;9;ALOJAMENTO CONJUNTO;403
HRJP;2023;9;BLOCO OBSTÉTRICO;6
HRJP;2023;9;UNIDADE INTERNAÇÃO - CLINICA CIRURGICA ALA A;159
HRJP;2023;9;UNIDADE INTERNAÇÃO - CLINICA CIRURGICA ALA B;147
HRJP;2023;9;UNIDADE INTERNAÇÃO - CLINICA MÉDICA ALA A;144
HRJP;2023;9;UNIDADE INTERNAÇÃO - CLINICA MÉDICA ALA B;160
HRJP;2023;9;UNIDADE INTERNAÇÃO - CLINICA MÉDICA ALA C;349
HRJP;2023;9;UNIDADE INTERNAÇÃO - CLINICA PEDIÁTRICA;562
HRJP;2023;9;UNIDADE INTERNAÇÃO - CLINICA TISIOLÓGICA ALA B;39
HRJP;2023;9;UNIDADE INTERNAÇÃO - CLINICA TISIOLÓGICA ALA C;152
HRJP;2023;9;UNIDADE INTERNAÇÃO - PSIQUIATRIA ALA A;348
HRJP;2023;9;UNIDADE INTERNAÇÃO - PSIQUIATRIA ALA C;131
HRJP;2023;9;UTI -  PEDIATRICO;108
HRJP;2023;9;UTI - ADULTO;521
HRJP;2023;9;UTI - NEONATAL;466
HRJP;2023;10;ALOJAMENTO CONJUNTO;417
HRJP;2023;10;BLOCO CIRURGICO;2
HRJP;2023;10;UNIDADE INTERNAÇÃO - CLINICA CIRURGICA ALA A;80
HRJP;2023;10;UNIDADE INTERNAÇÃO - CLINICA CIRURGICA ALA B;77
HRJP;2023;10;UNIDADE INTERNAÇÃO - CLINICA MÉDICA ALA A;223
HRJP;2023;10;UNIDADE INTERNAÇÃO - CLINICA MÉDICA ALA B;293
HRJP;2023;10;UNIDADE INTERNAÇÃO - CLINICA MÉDICA ALA C;415
HRJP;2023;10;UNIDADE INTERNAÇÃO - CLINICA PEDIÁTRICA;504
HRJP;2023;10;UNIDADE INTERNAÇÃO - CLINICA TISIOLÓGICA ALA B;24
HRJP;2023;10;UNIDADE INTERNAÇÃO - CLINICA TISIOLÓGICA ALA C;143
HRJP;2023;10;UNIDADE INTERNAÇÃO - PSIQUIATRIA ALA A;267
HRJP;2023;10;UNIDADE INTERNAÇÃO - PSIQUIATRIA ALA C;158
HRJP;2023;10;UTI -  PEDIATRICO;154
HRJP;2023;10;UTI - ADULTO;535
HRJP;2023;10;UTI - NEONATAL;366
HRJP;2023;11;ALOJAMENTO CONJUNTO;388
HRJP;2023;11;BLOCO OBSTÉTRICO;1
HRJP;2023;11;UNIDADE INTERNAÇÃO - CLINICA CIRURGICA ALA A;87
HRJP;2023;11;UNIDADE INTERNAÇÃO - CLINICA CIRURGICA ALA B;73
HRJP;2023;11;UNIDADE INTERNAÇÃO - CLINICA MÉDICA ALA A;233
HRJP;2023;11;UNIDADE INTERNAÇÃO - CLINICA MÉDICA ALA B;296
HRJP;2023;11;UNIDADE INTERNAÇÃO - CLINICA MÉDICA ALA C;439
HRJP;2023;11;UNIDADE INTERNAÇÃO - CLINICA PEDIÁTRICA;575
HRJP;2023;11;UNIDADE INTERNAÇÃO - CLINICA TISIOLÓGICA ALA B;34
HRJP;2023;11;UNIDADE INTERNAÇÃO - CLINICA TISIOLÓGICA ALA C;141
HRJP;2023;11;UNIDADE INTERNAÇÃO - PSIQUIATRIA ALA A;293
HRJP;2023;11;UNIDADE INTERNAÇÃO - PSIQUIATRIA ALA C;128
HRJP;2023;11;UTI -  PEDIATRICO;134
HRJP;2023;11;UTI - ADULTO;516
HRJP;2023;11;UTI - NEONATAL;414
HRJP;2023;12;ALOJAMENTO CONJUNTO;379
HRJP;2023;12;BLOCO OBSTÉTRICO;5
HRJP;2023;12;UNIDADE INTERNAÇÃO - CLINICA CIRURGICA ALA A;45
HRJP;2023;12;UNIDADE INTERNAÇÃO - CLINICA CIRURGICA ALA B;81
HRJP;2023;12;UNIDADE INTERNAÇÃO - CLINICA MÉDICA ALA A;228
HRJP;2023;12;UNIDADE INTERNAÇÃO - CLINICA MÉDICA ALA B;216
HRJP;2023;12;UNIDADE INTERNAÇÃO - CLINICA MÉDICA ALA C;375
HRJP;2023;12;UNIDADE INTERNAÇÃO - CLINICA PEDIÁTRICA;554
HRJP;2023;12;UNIDADE INTERNAÇÃO - CLINICA TISIOLÓGICA ALA B;48
HRJP;2023;12;UNIDADE INTERNAÇÃO - CLINICA TISIOLÓGICA ALA C;182
HRJP;2023;12;UNIDADE INTERNAÇÃO - PSIQUIATRIA ALA A;293
HRJP;2023;12;UNIDADE INTERNAÇÃO - PSIQUIATRIA ALA C;65
HRJP;2023;12;UTI -  PEDIATRICO;116
HRJP;2023;12;UTI - ADULTO;535
HRJP;2023;12;UTI - NEONATAL;366
HRJP;2024;1;ALOJAMENTO CONJUNTO;425
HRJP;2024;1;BLOCO CIRURGICO;5
HRJP;2024;1;BLOCO OBSTÉTRICO;2
HRJP;2024;1;UNIDADE INTERNAÇÃO - CLINICA CIRURGICA ALA A;79
HRJP;2024;1;UNIDADE INTERNAÇÃO - CLINICA CIRURGICA ALA B;98
HRJP;2024;1;UNIDADE INTERNAÇÃO - CLINICA MÉDICA ALA A;231
HRJP;2024;1;UNIDADE INTERNAÇÃO - CLINICA MÉDICA ALA B;234
HRJP;2024;1;UNIDADE INTERNAÇÃO - CLINICA MÉDICA ALA C;381
HRJP;2024;1;UNIDADE INTERNAÇÃO - CLINICA PEDIÁTRICA;570
HRJP;2024;1;UNIDADE INTERNAÇÃO - CLINICA TISIOLÓGICA ALA B;46
HRJP;2024;1;UNIDADE INTERNAÇÃO - CLINICA TISIOLÓGICA ALA C;177
HRJP;2024;1;UNIDADE INTERNAÇÃO - PSIQUIATRIA ALA A;287
HRJP;2024;1;UNIDADE INTERNAÇÃO - PSIQUIATRIA ALA C;109
HRJP;2024;1;UTI -  PEDIATRICO;127
HRJP;2024;1;UTI - ADULTO;521
HRJP;2024;1;UTI - NEONATAL;470
HRJP;2024;2;ALOJAMENTO CONJUNTO;381
HRJP;2024;2;BLOCO CIRURGICO;2
HRJP;2024;2;BLOCO OBSTÉTRICO;7
HRJP;2024;2;UNIDADE INTERNAÇÃO - CLINICA CIRURGICA ALA A;152
HRJP;2024;2;UNIDADE INTERNAÇÃO - CLINICA CIRURGICA ALA B;64
HRJP;2024;2;UNIDADE INTERNAÇÃO - CLINICA MÉDICA ALA A;282
HRJP;2024;2;UNIDADE INTERNAÇÃO - CLINICA MÉDICA ALA B;302
HRJP;2024;2;UNIDADE INTERNAÇÃO - CLINICA MÉDICA ALA C;512
HRJP;2024;2;UNIDADE INTERNAÇÃO - CLINICA PEDIÁTRICA;612
HRJP;2024;2;UNIDADE INTERNAÇÃO - CLINICA TISIOLÓGICA ALA B;53
HRJP;2024;2;UNIDADE INTERNAÇÃO - CLINICA TISIOLÓGICA ALA C;120
HRJP;2024;2;UNIDADE INTERNAÇÃO - PSIQUIATRIA ALA A;248
HRJP;2024;2;UNIDADE INTERNAÇÃO - PSIQUIATRIA ALA C;162
HRJP;2024;2;UTI -  PEDIATRICO;123
HRJP;2024;2;UTI - ADULTO;485
HRJP;2024;2;UTI - NEONATAL;326
HRJP;2024;3;ALOJAMENTO CONJUNTO;404
HRJP;2024;3;BLOCO OBSTÉTRICO;7
HRJP;2024;3;UNIDADE INTERNAÇÃO - CLINICA CIRURGICA ALA A;160
HRJP;2024;3;UNIDADE INTERNAÇÃO - CLINICA CIRURGICA ALA B;69
HRJP;2024;3;UNIDADE INTERNAÇÃO - CLINICA MÉDICA ALA A;305
HRJP;2024;3;UNIDADE INTERNAÇÃO - CLINICA MÉDICA ALA B;314
HRJP;2024;3;UNIDADE INTERNAÇÃO - CLINICA MÉDICA ALA C;494
HRJP;2024;3;UNIDADE INTERNAÇÃO - CLINICA PEDIÁTRICA;710
HRJP;2024;3;UNIDADE INTERNAÇÃO - CLINICA TISIOLÓGICA ALA B;53
HRJP;2024;3;UNIDADE INTERNAÇÃO - CLINICA TISIOLÓGICA ALA C;109
HRJP;2024;3;UNIDADE INTERNAÇÃO - PSIQUIATRIA ALA A;271
HRJP;2024;3;UNIDADE INTERNAÇÃO - PSIQUIATRIA ALA C;160
HRJP;2024;3;UTI -  PEDIATRICO;181
HRJP;2024;3;UTI - ADULTO;541
HRJP;2024;3;UTI - NEONATAL;448
HRJP;2024;4;ALOJAMENTO CONJUNTO;431
HRJP;2024;4;BLOCO OBSTÉTRICO;9
HRJP;2024;4;UNIDADE INTERNAÇÃO - CLINICA CIRURGICA ALA A;136
HRJP;2024;4;UNIDADE INTERNAÇÃO - CLINICA CIRURGICA ALA B;82
HRJP;2024;4;UNIDADE INTERNAÇÃO - CLINICA MÉDICA ALA A;305
HRJP;2024;4;UNIDADE INTERNAÇÃO - CLINICA MÉDICA ALA B;343
HRJP;2024;4;UNIDADE INTERNAÇÃO - CLINICA MÉDICA ALA C;512
HRJP;2024;4;UNIDADE INTERNAÇÃO - CLINICA PEDIÁTRICA;700
HRJP;2024;4;UNIDADE INTERNAÇÃO - CLINICA TISIOLÓGICA ALA B;57
HRJP;2024;4;UNIDADE INTERNAÇÃO - CLINICA TISIOLÓGICA ALA C;84
HRJP;2024;4;UNIDADE INTERNAÇÃO - PSIQUIATRIA ALA A;295
HRJP;2024;4;UNIDADE INTERNAÇÃO - PSIQUIATRIA ALA C;141
HRJP;2024;4;UTI -  PEDIATRICO;227
HRJP;2024;4;UTI - ADULTO;519
HRJP;2024;4;UTI - NEONATAL;370
HRJP;2024;5;ALOJAMENTO CONJUNTO;411
HRJP;2024;5;BLOCO OBSTÉTRICO;9
HRJP;2024;5;UNIDADE INTERNAÇÃO - CLINICA CIRURGICA ALA A;148
HRJP;2024;5;UNIDADE INTERNAÇÃO - CLINICA CIRURGICA ALA B;69
HRJP;2024;5;UNIDADE INTERNAÇÃO - CLINICA CIRURGICA ALA C;111
HRJP;2024;5;UNIDADE INTERNAÇÃO - CLINICA MÉDICA ALA A;449
HRJP;2024;5;UNIDADE INTERNAÇÃO - CLINICA MÉDICA ALA B;338
HRJP;2024;5;UNIDADE INTERNAÇÃO - CLINICA MÉDICA ALA C;399
HRJP;2024;5;UNIDADE INTERNAÇÃO - CLINICA PEDIÁTRICA;799
HRJP;2024;5;UNIDADE INTERNAÇÃO - CLINICA TISIOLÓGICA ALA B;61
HRJP;2024;5;UNIDADE INTERNAÇÃO - CLINICA TISIOLÓGICA ALA C;148
HRJP;2024;5;UNIDADE INTERNAÇÃO - PSIQUIATRIA ALA A;189
HRJP;2024;5;UNIDADE INTERNAÇÃO - PSIQUIATRIA ALA C;91
HRJP;2024;5;UTI -  PEDIATRICO;237
HRJP;2024;5;UTI - ADULTO;535
HRJP;2024;5;UTI - NEONATAL;387
HRJP;2024;6;ALOJAMENTO CONJUNTO;411
HRJP;2024;6;BLOCO OBSTÉTRICO;10
HRJP;2024;6;UNIDADE INTERNAÇÃO - CLINICA CIRURGICA ALA A;132
HRJP;2024;6;UNIDADE INTERNAÇÃO - CLINICA CIRURGICA ALA B;97
HRJP;2024;6;UNIDADE INTERNAÇÃO - CLINICA CIRURGICA ALA C;93
HRJP;2024;6;UNIDADE INTERNAÇÃO - CLINICA MÉDICA ALA A;411
HRJP;2024;6;UNIDADE INTERNAÇÃO - CLINICA MÉDICA ALA B;285
HRJP;2024;6;UNIDADE INTERNAÇÃO - CLINICA MÉDICA ALA C;374
HRJP;2024;6;UNIDADE INTERNAÇÃO - CLINICA PEDIÁTRICA;758
HRJP;2024;6;UNIDADE INTERNAÇÃO - CLINICA TISIOLÓGICA ALA B;57
HRJP;2024;6;UNIDADE INTERNAÇÃO - CLINICA TISIOLÓGICA ALA C;156
HRJP;2024;6;UNIDADE INTERNAÇÃO - PSIQUIATRIA ALA A;130
HRJP;2024;6;UNIDADE INTERNAÇÃO - PSIQUIATRIA ALA C;72
HRJP;2024;6;UTI -  PEDIATRICO;215
HRJP;2024;6;UTI - ADULTO;527
HRJP;2024;6;UTI - NEONATAL;426
HRJP;2024;7;ALOJAMENTO CONJUNTO;350
HRJP;2024;7;BLOCO OBSTÉTRICO;2
HRJP;2024;7;UNIDADE INTERNAÇÃO - CLINICA CIRURGICA ALA A;135
HRJP;2024;7;UNIDADE INTERNAÇÃO - CLINICA CIRURGICA ALA B;102
HRJP;2024;7;UNIDADE INTERNAÇÃO - CLINICA CIRURGICA ALA C;77
HRJP;2024;7;UNIDADE INTERNAÇÃO - CLINICA MÉDICA ALA A;379
HRJP;2024;7;UNIDADE INTERNAÇÃO - CLINICA MÉDICA ALA B;272
HRJP;2024;7;UNIDADE INTERNAÇÃO - CLINICA MÉDICA ALA C;367
HRJP;2024;7;UNIDADE INTERNAÇÃO - CLINICA PEDIÁTRICA;615
HRJP;2024;7;UNIDADE INTERNAÇÃO - CLINICA TISIOLÓGICA ALA B;57
HRJP;2024;7;UNIDADE INTERNAÇÃO - CLINICA TISIOLÓGICA ALA C;143
HRJP;2024;7;UNIDADE INTERNAÇÃO - PSIQUIATRIA ALA A;162
HRJP;2024;7;UNIDADE INTERNAÇÃO - PSIQUIATRIA ALA C;58
HRJP;2024;7;UTI -  PEDIATRICO;197
HRJP;2024;7;UTI - ADULTO;538
HRJP;2024;7;UTI - NEONATAL;406
HRJP;2024;8;ALOJAMENTO CONJUNTO;349
HRJP;2024;8;BLOCO OBSTÉTRICO;4
HRJP;2024;8;UNIDADE INTERNAÇÃO - CLINICA CIRURGICA ALA A;124
HRJP;2024;8;UNIDADE INTERNAÇÃO - CLINICA CIRURGICA ALA B;79
HRJP;2024;8;UNIDADE INTERNAÇÃO - CLINICA CIRURGICA ALA C;105
HRJP;2024;8;UNIDADE INTERNAÇÃO - CLINICA MÉDICA ALA A;331
HRJP;2024;8;UNIDADE INTERNAÇÃO - CLINICA MÉDICA ALA B;223
HRJP;2024;8;UNIDADE INTERNAÇÃO - CLINICA MÉDICA ALA C;376
HRJP;2024;8;UNIDADE INTERNAÇÃO - CLINICA PEDIÁTRICA;545
HRJP;2024;8;UNIDADE INTERNAÇÃO - CLINICA TISIOLÓGICA ALA B;58
HRJP;2024;8;UNIDADE INTERNAÇÃO - CLINICA TISIOLÓGICA ALA C;49
HRJP;2024;8;UNIDADE INTERNAÇÃO - PSIQUIATRIA ALA A;162
HRJP;2024;8;UNIDADE INTERNAÇÃO - PSIQUIATRIA ALA C;80
HRJP;2024;8;UTI -  PEDIATRICO;153
HRJP;2024;8;UTI - ADULTO;600
HRJP;2024;8;UTI - NEONATAL;379
HRJP;2024;9;ALOJAMENTO CONJUNTO;398
HRJP;2024;9;BLOCO OBSTÉTRICO;3
HRJP;2024;9;UNIDADE INTERNAÇÃO - CLINICA CIRURGICA ALA A;114
HRJP;2024;9;UNIDADE INTERNAÇÃO - CLINICA CIRURGICA ALA B;58
HRJP;2024;9;UNIDADE INTERNAÇÃO - CLINICA CIRURGICA ALA C;116
HRJP;2024;9;UNIDADE INTERNAÇÃO - CLINICA MÉDICA ALA A;336
HRJP;2024;9;UNIDADE INTERNAÇÃO - CLINICA MÉDICA ALA B;306
HRJP;2024;9;UNIDADE INTERNAÇÃO - CLINICA MÉDICA ALA C;400
HRJP;2024;9;UNIDADE INTERNAÇÃO - CLINICA PEDIÁTRICA;651
HRJP;2024;9;UNIDADE INTERNAÇÃO - CLINICA TISIOLÓGICA ALA B;58
HRJP;2024;9;UNIDADE INTERNAÇÃO - CLINICA TISIOLÓGICA ALA C;41
HRJP;2024;9;UNIDADE INTERNAÇÃO - PSIQUIATRIA ALA A;166
HRJP;2024;9;UNIDADE INTERNAÇÃO - PSIQUIATRIA ALA C;79
HRJP;2024;9;UTI -  PEDIATRICO;158
HRJP;2024;9;UTI - ADULTO;603
HRJP;2024;9;UTI - NEONATAL;355
HRJP;2024;10;ALOJAMENTO CONJUNTO;398
HRJP;2024;10;BLOCO CIRURGICO;1
HRJP;2024;10;BLOCO OBSTÉTRICO;10
HRJP;2024;10;UNIDADE INTERNAÇÃO - CLINICA CIRURGICA ALA A;136
HRJP;2024;10;UNIDADE INTERNAÇÃO - CLINICA CIRURGICA ALA B;93
HRJP;2024;10;UNIDADE INTERNAÇÃO - CLINICA CIRURGICA ALA C;144
HRJP;2024;10;UNIDADE INTERNAÇÃO - CLINICA MÉDICA ALA A;438
HRJP;2024;10;UNIDADE INTERNAÇÃO - CLINICA MÉDICA ALA B;295
HRJP;2024;10;UNIDADE INTERNAÇÃO - CLINICA MÉDICA ALA C;397
HRJP;2024;10;UNIDADE INTERNAÇÃO - CLINICA PEDIÁTRICA;659
HRJP;2024;10;UNIDADE INTERNAÇÃO - CLINICA TISIOLÓGICA ALA B;60
HRJP;2024;10;UNIDADE INTERNAÇÃO - CLINICA TISIOLÓGICA ALA C;65
HRJP;2024;10;UNIDADE INTERNAÇÃO - PSIQUIATRIA ALA A;144
HRJP;2024;10;UNIDADE INTERNAÇÃO - PSIQUIATRIA ALA C;72
HRJP;2024;10;UTI -  PEDIATRICO;102
HRJP;2024;10;UTI - ADULTO;602
HRJP;2024;10;UTI - NEONATAL;228
HRJP;2024;11;ALOJAMENTO CONJUNTO;29
HRJP;2024;11;ALOJAMENTO CONJUNTO /UNIDADE DE INTERNAÇÃO;305
HRJP;2024;11;PRÉ-PARTO;1
HRJP;2024;11;UNIDADE DE INTERNAÇÃO - CLÍNICA DIP ALA C;117
HRJP;2024;11;UNIDADE INTERNAÇÃO - CLINICA CIRURGICA ALA A;18
HRJP;2024;11;UNIDADE INTERNAÇÃO - CLÍNICA CIRÚRGICA ALA A;96
HRJP;2024;11;UNIDADE INTERNAÇÃO - CLINICA CIRURGICA ALA B;12
HRJP;2024;11;UNIDADE INTERNAÇÃO - CLÍNICA CIRÚRGICA ALA B;75
HRJP;2024;11;UNIDADE INTERNAÇÃO - CLINICA CIRURGICA ALA C;19
HRJP;2024;11;UNIDADE INTERNAÇÃO - CLÍNICA CIRÚRGICA ALA C;109
HRJP;2024;11;UNIDADE INTERNAÇÃO - CLINICA MÉDICA ALA A;34
HRJP;2024;11;UNIDADE INTERNAÇÃO - CLÍNICA MÉDICA ALA A;324
HRJP;2024;11;UNIDADE INTERNAÇÃO - CLINICA MÉDICA ALA B;34
HRJP;2024;11;UNIDADE INTERNAÇÃO - CLÍNICA MÉDICA ALA B;225
HRJP;2024;11;UNIDADE INTERNAÇÃO - CLINICA MÉDICA ALA C;53
HRJP;2024;11;UNIDADE INTERNAÇÃO - CLÍNICA MÉDICA ALA C;129
HRJP;2024;11;UNIDADE INTERNAÇÃO - CLINICA PEDIÁTRICA;89
HRJP;2024;11;UNIDADE INTERNAÇÃO - CLÍNICA PEDIÁTRICA;410
HRJP;2024;11;UNIDADE INTERNAÇÃO - CLÍNICA PSIQUIÁTRICA ALA A;130
HRJP;2024;11;UNIDADE INTERNAÇÃO - CLÍNICA PSIQUIÁTRICA ALA C;62
HRJP;2024;11;UNIDADE INTERNAÇÃO - CLINICA TISIOLÓGICA ALA B;8
HRJP;2024;11;UNIDADE INTERNAÇÃO - CLÍNICA TISIOLÓGICA ALA B;35
HRJP;2024;11;UNIDADE INTERNAÇÃO - CLINICA TISIOLÓGICA ALA C;12
HRJP;2024;11;UNIDADE INTERNAÇÃO - CLÍNICA TISIOLÓGICA ALA C;49
HRJP;2024;11;UNIDADE INTERNAÇÃO - PSIQUIATRIA ALA A;22
HRJP;2024;11;UNIDADE INTERNAÇÃO - PSIQUIATRIA ALA C;11
HRJP;2024;11;UTI -  PEDIATRICO;10
HRJP;2024;11;UTI - ADULTO;582
HRJP;2024;11;UTI - NEONATAL;8
HRJP;2024;11;UTI - NEONATAL I;103
HRJP;2024;11;UTI - PEDIÁTRICO;95
HRJP;2024;12;ALOJAMENTO CONJUNTO /UNIDADE DE INTERNAÇÃO;352
HRJP;2024;12;UNIDADE DE INTERNAÇÃO - CLÍNICA DIP ALA C;116
HRJP;2024;12;UNIDADE INTERNAÇÃO - CLÍNICA CIRÚRGICA ALA A;103
HRJP;2024;12;UNIDADE INTERNAÇÃO - CLÍNICA CIRÚRGICA ALA B;105
HRJP;2024;12;UNIDADE INTERNAÇÃO - CLÍNICA CIRÚRGICA ALA C;63
HRJP;2024;12;UNIDADE INTERNAÇÃO - CLÍNICA MÉDICA ALA A;278
HRJP;2024;12;UNIDADE INTERNAÇÃO - CLÍNICA MÉDICA ALA B;235
HRJP;2024;12;UNIDADE INTERNAÇÃO - CLÍNICA MÉDICA ALA C;118
HRJP;2024;12;UNIDADE INTERNAÇÃO - CLÍNICA PEDIÁTRICA;513
HRJP;2024;12;UNIDADE INTERNAÇÃO - CLÍNICA PSIQUIÁTRICA ALA A;162
HRJP;2024;12;UNIDADE INTERNAÇÃO - CLÍNICA PSIQUIÁTRICA ALA C;70
HRJP;2024;12;UNIDADE INTERNAÇÃO - CLÍNICA TISIOLÓGICA ALA B;32
HRJP;2024;12;UNIDADE INTERNAÇÃO - CLÍNICA TISIOLÓGICA ALA C;83
HRJP;2024;12;UTI - ADULTO;598
HRJP;2024;12;UTI - NEONATAL I;212
HRJP;2024;12;UTI - PEDIÁTRICO;73
HRJP;2025;1;ALOJAMENTO CONJUNTO /UNIDADE DE INTERNAÇÃO;369
HRJP;2025;1;UNIDADE DE INTERNAÇÃO - CLÍNICA DIP ALA C;110
HRJP;2025;1;UNIDADE INTERNAÇÃO - CLÍNICA CIRÚRGICA ALA A;58
HRJP;2025;1;UNIDADE INTERNAÇÃO - CLÍNICA CIRÚRGICA ALA B;99
HRJP;2025;1;UNIDADE INTERNAÇÃO - CLÍNICA CIRÚRGICA ALA C;55
HRJP;2025;1;UNIDADE INTERNAÇÃO - CLÍNICA MÉDICA ALA A;292
HRJP;2025;1;UNIDADE INTERNAÇÃO - CLÍNICA MÉDICA ALA B;159
HRJP;2025;1;UNIDADE INTERNAÇÃO - CLÍNICA MÉDICA ALA C;106
HRJP;2025;1;UNIDADE INTERNAÇÃO - CLÍNICA PEDIÁTRICA;418
HRJP;2025;1;UNIDADE INTERNAÇÃO - CLÍNICA PSIQUIÁTRICA ALA A;111
HRJP;2025;1;UNIDADE INTERNAÇÃO - CLÍNICA PSIQUIÁTRICA ALA C;78
HRJP;2025;1;UNIDADE INTERNAÇÃO - CLÍNICA TISIOLÓGICA ALA B;36
HRJP;2025;1;UNIDADE INTERNAÇÃO - CLÍNICA TISIOLÓGICA ALA C;89
HRJP;2025;1;UTI - ADULTO;340
HRJP;2025;1;UTI - NEONATAL I;215
HRJP;2025;1;UTI - PEDIÁTRICO;78
HRJP;2025;2;ALOJAMENTO CONJUNTO /UNIDADE DE INTERNAÇÃO;356
HRJP;2025;2;UNIDADE DE INTERNAÇÃO - CLÍNICA DIP ALA C;110
HRJP;2025;2;UNIDADE INTERNAÇÃO - CLÍNICA CIRÚRGICA ALA A;119
HRJP;2025;2;UNIDADE INTERNAÇÃO - CLÍNICA CIRÚRGICA ALA B;85
HRJP;2025;2;UNIDADE INTERNAÇÃO - CLÍNICA CIRÚRGICA ALA C;137
HRJP;2025;2;UNIDADE INTERNAÇÃO - CLÍNICA MÉDICA ALA A;406
HRJP;2025;2;UNIDADE INTERNAÇÃO - CLÍNICA MÉDICA ALA B;266
HRJP;2025;2;UNIDADE INTERNAÇÃO - CLÍNICA MÉDICA ALA C;184
HRJP;2025;2;UNIDADE INTERNAÇÃO - CLÍNICA PEDIÁTRICA;393
HRJP;2025;2;UNIDADE INTERNAÇÃO - CLÍNICA PSIQUIÁTRICA ALA A;170
HRJP;2025;2;UNIDADE INTERNAÇÃO - CLÍNICA PSIQUIÁTRICA ALA C;67
HRJP;2025;2;UNIDADE INTERNAÇÃO - CLÍNICA TISIOLÓGICA ALA B;45
HRJP;2025;2;UNIDADE INTERNAÇÃO - CLÍNICA TISIOLÓGICA ALA C;87
HRJP;2025;2;UTI - ADULTO;275
HRJP;2025;2;UTI - NEONATAL I;243
HRJP;2025;2;UTI - PEDIÁTRICO;117
HRJP;2025;3;ALOJAMENTO CONJUNTO /UNIDADE DE INTERNAÇÃO;466
HRJP;2025;3;CASA DA GESTANTE BEBÊ E PUÉRPERA;36
HRJP;2025;3;UNIDADE DE INTERNAÇÃO - CLÍNICA DIP ALA C;179
HRJP;2025;3;UNIDADE INTERNAÇÃO - CLÍNICA CIRÚRGICA ALA A;136
HRJP;2025;3;UNIDADE INTERNAÇÃO - CLÍNICA CIRÚRGICA ALA B;105
HRJP;2025;3;UNIDADE INTERNAÇÃO - CLÍNICA CIRÚRGICA ALA C;102
HRJP;2025;3;UNIDADE INTERNAÇÃO - CLÍNICA MÉDICA ALA A;451
HRJP;2025;3;UNIDADE INTERNAÇÃO - CLÍNICA MÉDICA ALA B;323
HRJP;2025;3;UNIDADE INTERNAÇÃO - CLÍNICA MÉDICA ALA C;181
HRJP;2025;3;UNIDADE INTERNAÇÃO - CLÍNICA PEDIÁTRICA;422
HRJP;2025;3;UNIDADE INTERNAÇÃO - CLÍNICA PSIQUIÁTRICA ALA A;201
HRJP;2025;3;UNIDADE INTERNAÇÃO - CLÍNICA PSIQUIÁTRICA ALA C;84
HRJP;2025;3;UNIDADE INTERNAÇÃO - CLÍNICA TISIOLÓGICA ALA B;36
HRJP;2025;3;UNIDADE INTERNAÇÃO - CLÍNICA TISIOLÓGICA ALA C;142
HRJP;2025;3;UTI - ADULTO;293
HRJP;2025;3;UTI - NEONATAL I;297
HRJP;2025;3;UTI - PEDIÁTRICO;264
HRJP;2025;4;ALOJAMENTO CONJUNTO /UNIDADE DE INTERNAÇÃO;447
HRJP;2025;4;UNIDADE DE INTERNAÇÃO - CLÍNICA DIP ALA C;152
HRJP;2025;4;UNIDADE INTERNAÇÃO - CLÍNICA CIRÚRGICA ALA A;122
HRJP;2025;4;UNIDADE INTERNAÇÃO - CLÍNICA CIRÚRGICA ALA B;92
HRJP;2025;4;UNIDADE INTERNAÇÃO - CLÍNICA CIRÚRGICA ALA C;111
HRJP;2025;4;UNIDADE INTERNAÇÃO - CLÍNICA MÉDICA ALA A;398
HRJP;2025;4;UNIDADE INTERNAÇÃO - CLÍNICA MÉDICA ALA B;296
HRJP;2025;4;UNIDADE INTERNAÇÃO - CLÍNICA MÉDICA ALA C;147
HRJP;2025;4;UNIDADE INTERNAÇÃO - CLÍNICA PEDIÁTRICA;606
HRJP;2025;4;UNIDADE INTERNAÇÃO - CLÍNICA PSIQUIÁTRICA ALA A;191
HRJP;2025;4;UNIDADE INTERNAÇÃO - CLÍNICA PSIQUIÁTRICA ALA C;57
HRJP;2025;4;UNIDADE INTERNAÇÃO - CLÍNICA TISIOLÓGICA ALA B;51
HRJP;2025;4;UNIDADE INTERNAÇÃO - CLÍNICA TISIOLÓGICA ALA C;51
HRJP;2025;4;UTI - ADULTO;290
HRJP;2025;4;UTI - NEONATAL I;245
HRJP;2025;4;UTI - NEONATAL II;186
HRJP;2025;4;UTI - PEDIÁTRICO;190
HRJP;2025;5;ALOJAMENTO CONJUNTO /UNIDADE DE INTERNAÇÃO;497
HRJP;2025;5;CASA DA GESTANTE BEBÊ E PUÉRPERA;33
HRJP;2025;5;UNIDADE DE INTERNAÇÃO - CLÍNICA DIP ALA C;201
HRJP;2025;5;UNIDADE INTERNAÇÃO - CLÍNICA CIRÚRGICA ALA A;131
HRJP;2025;5;UNIDADE INTERNAÇÃO - CLÍNICA CIRÚRGICA ALA B;89
HRJP;2025;5;UNIDADE INTERNAÇÃO - CLÍNICA CIRÚRGICA ALA C;77
HRJP;2025;5;UNIDADE INTERNAÇÃO - CLÍNICA MÉDICA ALA A;467
HRJP;2025;5;UNIDADE INTERNAÇÃO - CLÍNICA MÉDICA ALA B;334
HRJP;2025;5;UNIDADE INTERNAÇÃO - CLÍNICA MÉDICA ALA C;219
HRJP;2025;5;UNIDADE INTERNAÇÃO - CLÍNICA PEDIÁTRICA;686
HRJP;2025;5;UNIDADE INTERNAÇÃO - CLÍNICA PSIQUIÁTRICA ALA A;166
HRJP;2025;5;UNIDADE INTERNAÇÃO - CLÍNICA PSIQUIÁTRICA ALA C;90
HRJP;2025;5;UNIDADE INTERNAÇÃO - CLÍNICA TISIOLÓGICA ALA B;55
HRJP;2025;5;UNIDADE INTERNAÇÃO - CLÍNICA TISIOLÓGICA ALA C;65
HRJP;2025;5;UTI - ADULTO;299
HRJP;2025;5;UTI - NEONATAL I;252
HRJP;2025;5;UTI - NEONATAL II;183
HRJP;2025;5;UTI - PEDIÁTRICO;254
HRJP;2025;6;ALOJAMENTO CONJUNTO /UNIDADE DE INTERNAÇÃO;436
HRJP;2025;6;CASA DA GESTANTE BEBÊ E PUÉRPERA;24
HRJP;2025;6;UNIDADE DE INTERNAÇÃO - CLÍNICA DIP ALA C;156
HRJP;2025;6;UNIDADE INTERNAÇÃO - CLÍNICA CIRÚRGICA ALA A;115
HRJP;2025;6;UNIDADE INTERNAÇÃO - CLÍNICA CIRÚRGICA ALA B;82
HRJP;2025;6;UNIDADE INTERNAÇÃO - CLÍNICA CIRÚRGICA ALA C;105
HRJP;2025;6;UNIDADE INTERNAÇÃO - CLÍNICA MÉDICA ALA A;377
HRJP;2025;6;UNIDADE INTERNAÇÃO - CLÍNICA MÉDICA ALA B;279
HRJP;2025;6;UNIDADE INTERNAÇÃO - CLÍNICA MÉDICA ALA C;167
HRJP;2025;6;UNIDADE INTERNAÇÃO - CLÍNICA PEDIÁTRICA;733
HRJP;2025;6;UNIDADE INTERNAÇÃO - CLÍNICA PSIQUIÁTRICA ALA A;168
HRJP;2025;6;UNIDADE INTERNAÇÃO - CLÍNICA PSIQUIÁTRICA ALA C;85
HRJP;2025;6;UNIDADE INTERNAÇÃO - CLÍNICA TISIOLÓGICA ALA B;52
HRJP;2025;6;UNIDADE INTERNAÇÃO - CLÍNICA TISIOLÓGICA ALA C;77
HRJP;2025;6;UTI - ADULTO;292
HRJP;2025;6;UTI - NEONATAL I;272
HRJP;2025;6;UTI - NEONATAL II;205
HRJP;2025;6;UTI - PEDIÁTRICO;215
HRJP;2025;7;ALOJAMENTO CONJUNTO /UNIDADE DE INTERNAÇÃO;468
HRJP;2025;7;UNIDADE DE INTERNAÇÃO - CLÍNICA DIP ALA C;113
HRJP;2025;7;UNIDADE INTERNAÇÃO - CLÍNICA CIRÚRGICA ALA A;83
HRJP;2025;7;UNIDADE INTERNAÇÃO - CLÍNICA CIRÚRGICA ALA B;119
HRJP;2025;7;UNIDADE INTERNAÇÃO - CLÍNICA CIRÚRGICA ALA C;96
HRJP;2025;7;UNIDADE INTERNAÇÃO - CLÍNICA MÉDICA ALA A;287
HRJP;2025;7;UNIDADE INTERNAÇÃO - CLÍNICA MÉDICA ALA B;266
HRJP;2025;7;UNIDADE INTERNAÇÃO - CLÍNICA MÉDICA ALA C;166
HRJP;2025;7;UNIDADE INTERNAÇÃO - CLÍNICA PEDIÁTRICA;639
HRJP;2025;7;UNIDADE INTERNAÇÃO - CLÍNICA PSIQUIÁTRICA ALA A;203
HRJP;2025;7;UNIDADE INTERNAÇÃO - CLÍNICA PSIQUIÁTRICA ALA C;82
HRJP;2025;7;UNIDADE INTERNAÇÃO - CLÍNICA TISIOLÓGICA ALA B;15
HRJP;2025;7;UNIDADE INTERNAÇÃO - CLÍNICA TISIOLÓGICA ALA C;102
HRJP;2025;7;UTI - ADULTO;302
HRJP;2025;7;UTI - NEONATAL I;233
HRJP;2025;7;UTI - NEONATAL II;175
HRJP;2025;7;UTI - PEDIÁTRICO;112
HRJP;2025;8;ALOJAMENTO CONJUNTO /UNIDADE DE INTERNAÇÃO;439
HRJP;2025;8;CASA DA GESTANTE BEBÊ E PUÉRPERA;2
HRJP;2025;8;UNIDADE DE INTERNAÇÃO - CLÍNICA DIP ALA C;129
HRJP;2025;8;UNIDADE INTERNAÇÃO - CLÍNICA CIRÚRGICA ALA A;99
HRJP;2025;8;UNIDADE INTERNAÇÃO - CLÍNICA CIRÚRGICA ALA B;81
HRJP;2025;8;UNIDADE INTERNAÇÃO - CLÍNICA CIRÚRGICA ALA C;109
HRJP;2025;8;UNIDADE INTERNAÇÃO - CLÍNICA MÉDICA ALA A;404
HRJP;2025;8;UNIDADE INTERNAÇÃO - CLÍNICA MÉDICA ALA B;255
HRJP;2025;8;UNIDADE INTERNAÇÃO - CLÍNICA MÉDICA ALA C;141
HRJP;2025;8;UNIDADE INTERNAÇÃO - CLÍNICA PEDIÁTRICA;492
HRJP;2025;8;UNIDADE INTERNAÇÃO - CLÍNICA PSIQUIÁTRICA ALA A;114
HRJP;2025;8;UNIDADE INTERNAÇÃO - CLÍNICA PSIQUIÁTRICA ALA C;45
HRJP;2025;8;UNIDADE INTERNAÇÃO - CLÍNICA TISIOLÓGICA ALA B;51
HRJP;2025;8;UNIDADE INTERNAÇÃO - CLÍNICA TISIOLÓGICA ALA C;80
HRJP;2025;8;UTI - ADULTO;306
HRJP;2025;8;UTI - NEONATAL I;230
HRJP;2025;8;UTI - NEONATAL II;183
HRJP;2025;8;UTI - PEDIÁTRICO;147
HRJP;2025;9;ALOJAMENTO CONJUNTO /UNIDADE DE INTERNAÇÃO;365
HRJP;2025;9;CASA DA GESTANTE BEBÊ E PUÉRPERA;7
HRJP;2025;9;UNIDADE DE INTERNAÇÃO - CLÍNICA DIP ALA C;161
HRJP;2025;9;UNIDADE INTERNAÇÃO - CLÍNICA CIRÚRGICA ALA A;152
HRJP;2025;9;UNIDADE INTERNAÇÃO - CLÍNICA CIRÚRGICA ALA B;91
HRJP;2025;9;UNIDADE INTERNAÇÃO - CLÍNICA CIRÚRGICA ALA C;140
HRJP;2025;9;UNIDADE INTERNAÇÃO - CLÍNICA MÉDICA ALA A;434
HRJP;2025;9;UNIDADE INTERNAÇÃO - CLÍNICA MÉDICA ALA B;260
HRJP;2025;9;UNIDADE INTERNAÇÃO - CLÍNICA MÉDICA ALA C;205
HRJP;2025;9;UNIDADE INTERNAÇÃO - CLÍNICA PEDIÁTRICA;500
HRJP;2025;9;UNIDADE INTERNAÇÃO - CLÍNICA PSIQUIÁTRICA ALA A;191
HRJP;2025;9;UNIDADE INTERNAÇÃO - CLÍNICA PSIQUIÁTRICA ALA C;83
HRJP;2025;9;UNIDADE INTERNAÇÃO - CLÍNICA TISIOLÓGICA ALA B;46
HRJP;2025;9;UNIDADE INTERNAÇÃO - CLÍNICA TISIOLÓGICA ALA C;54
HRJP;2025;9;UTI - ADULTO;291
HRJP;2025;9;UTI - NEONATAL I;205
HRJP;2025;9;UTI - NEONATAL II;186
HRJP;2025;9;UTI - PEDIÁTRICO;150
HRJP;2025;10;ALOJAMENTO CONJUNTO /UNIDADE DE INTERNAÇÃO;419
HRJP;2025;10;UNIDADE DE INTERNAÇÃO - CLÍNICA DIP ALA C;125
HRJP;2025;10;UNIDADE INTERNAÇÃO - CLÍNICA CIRÚRGICA ALA A;153
HRJP;2025;10;UNIDADE INTERNAÇÃO - CLÍNICA CIRÚRGICA ALA B;89
HRJP;2025;10;UNIDADE INTERNAÇÃO - CLÍNICA CIRÚRGICA ALA C;110
HRJP;2025;10;UNIDADE INTERNAÇÃO - CLÍNICA MÉDICA ALA A;338
HRJP;2025;10;UNIDADE INTERNAÇÃO - CLÍNICA MÉDICA ALA B;274
HRJP;2025;10;UNIDADE INTERNAÇÃO - CLÍNICA MÉDICA ALA C;181
HRJP;2025;10;UNIDADE INTERNAÇÃO - CLÍNICA PEDIÁTRICA;446
HRJP;2025;10;UNIDADE INTERNAÇÃO - CLÍNICA PSIQUIÁTRICA ALA A;173
HRJP;2025;10;UNIDADE INTERNAÇÃO - CLÍNICA PSIQUIÁTRICA ALA C;55
HRJP;2025;10;UNIDADE INTERNAÇÃO - CLÍNICA TISIOLÓGICA ALA B;48
HRJP;2025;10;UNIDADE INTERNAÇÃO - CLÍNICA TISIOLÓGICA ALA C;99
HRJP;2025;10;UTI - ADULTO;303
HRJP;2025;10;UTI - NEONATAL I;264
HRJP;2025;10;UTI - NEONATAL II;228
HRJP;2025;10;UTI - PEDIÁTRICO;198
HRJP;2025;11;ALOJAMENTO CONJUNTO /UNIDADE DE INTERNAÇÃO;411
HRJP;2025;11;UNIDADE DE INTERNAÇÃO - CLÍNICA DIP ALA C;174
HRJP;2025;11;UNIDADE INTERNAÇÃO - CLÍNICA CIRÚRGICA ALA A;155
HRJP;2025;11;UNIDADE INTERNAÇÃO - CLÍNICA CIRÚRGICA ALA B;9
HRJP;2025;11;UNIDADE INTERNAÇÃO - CLÍNICA CIRÚRGICA ALA C;162
HRJP;2025;11;UNIDADE INTERNAÇÃO - CLÍNICA MÉDICA ALA A;467
HRJP;2025;11;UNIDADE INTERNAÇÃO - CLÍNICA MÉDICA ALA B;31
HRJP;2025;11;UNIDADE INTERNAÇÃO - CLÍNICA MÉDICA ALA C;224
HRJP;2025;11;UNIDADE INTERNAÇÃO - CLÍNICA PEDIÁTRICA;483
HRJP;2025;11;UNIDADE INTERNAÇÃO - CLÍNICA PSIQUIÁTRICA ALA A;179
HRJP;2025;11;UNIDADE INTERNAÇÃO - CLÍNICA PSIQUIÁTRICA ALA C;67
HRJP;2025;11;UNIDADE INTERNAÇÃO - CLÍNICA TISIOLÓGICA ALA B;5
HRJP;2025;11;UNIDADE INTERNAÇÃO - CLÍNICA TISIOLÓGICA ALA C;148
HRJP;2025;11;UTI - ADULTO;301
HRJP;2025;11;UTI - NEONATAL I;231
HRJP;2025;11;UTI - NEONATAL II;12
HRJP;2025;11;UTI - PEDIÁTRICO;208
HRJP;2025;12;ALOJAMENTO CONJUNTO /UNIDADE DE INTERNAÇÃO;425
HRJP;2025;12;UNIDADE DE INTERNAÇÃO - CLÍNICA DIP ALA C;101
HRJP;2025;12;UNIDADE INTERNAÇÃO - CLÍNICA CIRÚRGICA ALA A;51
HRJP;2025;12;UNIDADE INTERNAÇÃO - CLÍNICA CIRÚRGICA ALA B;152
HRJP;2025;12;UNIDADE INTERNAÇÃO - CLÍNICA CIRÚRGICA ALA C;84
HRJP;2025;12;UNIDADE INTERNAÇÃO - CLÍNICA MÉDICA ALA A;183
HRJP;2025;12;UNIDADE INTERNAÇÃO - CLÍNICA MÉDICA ALA B;459
HRJP;2025;12;UNIDADE INTERNAÇÃO - CLÍNICA MÉDICA ALA C;98
HRJP;2025;12;UNIDADE INTERNAÇÃO - CLÍNICA PEDIÁTRICA;461
HRJP;2025;12;UNIDADE INTERNAÇÃO - CLÍNICA PSIQUIÁTRICA ALA A;49
HRJP;2025;12;UNIDADE INTERNAÇÃO - CLÍNICA PSIQUIÁTRICA ALA C;25
HRJP;2025;12;UNIDADE INTERNAÇÃO - CLÍNICA TISIOLÓGICA ALA B;56
HRJP;2025;12;UNIDADE INTERNAÇÃO - CLÍNICA TISIOLÓGICA ALA C;91
HRJP;2025;12;UTI - ADULTO;312
HRJP;2025;12;UTI - NEONATAL I;233
HRJP;2025;12;UTI - PEDIÁTRICO;202
HRJP;2026;1;ALOJAMENTO CONJUNTO /UNIDADE DE INTERNAÇÃO;481
HRJP;2026;1;UNIDADE INTERNAÇÃO - CLÍNICA CIRÚRGICA ALA A;136
HRJP;2026;1;UNIDADE INTERNAÇÃO - CLÍNICA CIRÚRGICA ALA B;176
HRJP;2026;1;UNIDADE INTERNAÇÃO - CLÍNICA CIRÚRGICA ALA C;1
HRJP;2026;1;UNIDADE INTERNAÇÃO - CLÍNICA MÉDICA ALA A;336
HRJP;2026;1;UNIDADE INTERNAÇÃO - CLÍNICA MÉDICA ALA B;435
HRJP;2026;1;UNIDADE INTERNAÇÃO - CLÍNICA PEDIÁTRICA;386
HRJP;2026;1;UNIDADE INTERNAÇÃO - CLÍNICA PSIQUIÁTRICA ALA A;62
HRJP;2026;1;UNIDADE INTERNAÇÃO - CLÍNICA TISIOLÓGICA ALA B;52
HRJP;2026;1;UTI - ADULTO;306
HRJP;2026;1;UTI - NEONATAL I;282
HRJP;2026;1;UTI - PEDIÁTRICO;234
HRJP;2026;2;ALOJAMENTO CONJUNTO /UNIDADE DE INTERNAÇÃO;441
HRJP;2026;2;UNIDADE INTERNAÇÃO - CLÍNICA CIRÚRGICA ALA A;136
HRJP;2026;2;UNIDADE INTERNAÇÃO - CLÍNICA CIRÚRGICA ALA B;188
HRJP;2026;2;UNIDADE INTERNAÇÃO - CLÍNICA CIRÚRGICA ALA C;2
HRJP;2026;2;UNIDADE INTERNAÇÃO - CLÍNICA MÉDICA ALA A;430
HRJP;2026;2;UNIDADE INTERNAÇÃO - CLÍNICA MÉDICA ALA B;489
HRJP;2026;2;UNIDADE INTERNAÇÃO - CLÍNICA MÉDICA ALA C;27
HRJP;2026;2;UNIDADE INTERNAÇÃO - CLÍNICA PEDIÁTRICA;461
HRJP;2026;2;UNIDADE INTERNAÇÃO - CLÍNICA PSIQUIÁTRICA ALA A;53
HRJP;2026;2;UNIDADE INTERNAÇÃO - CLÍNICA TISIOLÓGICA ALA B;45
HRJP;2026;2;UTI - ADULTO;353
HRJP;2026;2;UTI - NEONATAL I;249
HRJP;2026;2;UTI - NEONATAL II;1
HRJP;2026;2;UTI - PEDIÁTRICO;226
HRJP;2026;3;ALOJAMENTO CONJUNTO /UNIDADE DE INTERNAÇÃO;448
HRJP;2026;3;PRÉ-PARTO;8
HRJP;2026;3;UNIDADE INTERNAÇÃO - CLÍNICA CIRÚRGICA ALA A;152
HRJP;2026;3;UNIDADE INTERNAÇÃO - CLÍNICA CIRÚRGICA ALA B;189
HRJP;2026;3;UNIDADE INTERNAÇÃO - CLÍNICA MÉDICA ALA A;583
HRJP;2026;3;UNIDADE INTERNAÇÃO - CLÍNICA MÉDICA ALA B;518
HRJP;2026;3;UNIDADE INTERNAÇÃO - CLÍNICA MÉDICA ALA C;48
HRJP;2026;3;UNIDADE INTERNAÇÃO - CLÍNICA PEDIÁTRICA;398
HRJP;2026;3;UNIDADE INTERNAÇÃO - CLÍNICA PSIQUIÁTRICA ALA A;81
HRJP;2026;3;UNIDADE INTERNAÇÃO - CLÍNICA PSIQUIÁTRICA ALA C;1
HRJP;2026;3;UNIDADE INTERNAÇÃO - CLÍNICA TISIOLÓGICA ALA B;61
HRJP;2026;3;UTI - ADULTO;480
HRJP;2026;3;UTI - NEONATAL I;261
HRJP;2026;3;UTI - PEDIÁTRICO;239
HRJP;2026;4;ALOJAMENTO CONJUNTO /UNIDADE DE INTERNAÇÃO;417
HRJP;2026;4;PRÉ-PARTO;62
HRJP;2026;4;UNIDADE INTERNAÇÃO - CLÍNICA CIRÚRGICA ALA A;136
HRJP;2026;4;UNIDADE INTERNAÇÃO - CLÍNICA CIRÚRGICA ALA B;189
HRJP;2026;4;UNIDADE INTERNAÇÃO - CLÍNICA MÉDICA ALA A;564
HRJP;2026;4;UNIDADE INTERNAÇÃO - CLÍNICA MÉDICA ALA B;497
HRJP;2026;4;UNIDADE INTERNAÇÃO - CLÍNICA MÉDICA ALA C;35
HRJP;2026;4;UNIDADE INTERNAÇÃO - CLÍNICA PEDIÁTRICA;520
HRJP;2026;4;UNIDADE INTERNAÇÃO - CLÍNICA PSIQUIÁTRICA ALA A;78
HRJP;2026;4;UNIDADE INTERNAÇÃO - CLÍNICA TISIOLÓGICA ALA B;45
HRJP;2026;4;UTI - ADULTO;437
HRJP;2026;4;UTI - NEONATAL I;276
HRJP;2026;4;UTI - PEDIÁTRICO;234
HRJP;2026;5;ALOJAMENTO CONJUNTO /UNIDADE DE INTERNAÇÃO;370
HRJP;2026;5;PRÉ-PARTO;62
HRJP;2026;5;UNIDADE DE INTERNAÇÃO - CLÍNICA DIP ALA C;72
HRJP;2026;5;UNIDADE INTERNAÇÃO - CLÍNICA CIRÚRGICA ALA A;88
HRJP;2026;5;UNIDADE INTERNAÇÃO - CLÍNICA CIRÚRGICA ALA B;193
HRJP;2026;5;UNIDADE INTERNAÇÃO - CLÍNICA CIRÚRGICA ALA C;56
HRJP;2026;5;UNIDADE INTERNAÇÃO - CLÍNICA MÉDICA ALA A;295
HRJP;2026;5;UNIDADE INTERNAÇÃO - CLÍNICA MÉDICA ALA B;484
HRJP;2026;5;UNIDADE INTERNAÇÃO - CLÍNICA MÉDICA ALA C;126
HRJP;2026;5;UNIDADE INTERNAÇÃO - CLÍNICA PEDIÁTRICA;436
HRJP;2026;5;UNIDADE INTERNAÇÃO - CLÍNICA PSIQUIÁTRICA ALA A;61
HRJP;2026;5;UNIDADE INTERNAÇÃO - CLÍNICA PSIQUIÁTRICA ALA C;19
HRJP;2026;5;UNIDADE INTERNAÇÃO - CLÍNICA TISIOLÓGICA ALA B;37
HRJP;2026;5;UNIDADE INTERNAÇÃO - CLÍNICA TISIOLÓGICA ALA C;33
HRJP;2026;5;UTI - ADULTO;484
HRJP;2026;5;UTI - NEONATAL I;261
HRJP;2026;5;UTI - PEDIÁTRICO;225
IRS;2019;1;UNIDADE DE URGÊNCIA - CLINICA PSIQUIÁTRICA SALA DE OBSERVAÇAO;98
IRS;2019;2;UNIDADE DE URGÊNCIA - CLINICA PSIQUIÁTRICA SALA DE OBSERVAÇAO;96
IRS;2019;3;UNIDADE DE URGÊNCIA - CLINICA PSIQUIÁTRICA SALA DE OBSERVAÇAO;127
IRS;2019;3;UNIDADE INTERNAÇÃO - PSIQUIATRIA ALA A;141
IRS;2019;3;UNIDADE INTERNAÇÃO - PSIQUIATRIA ALA B;129
IRS;2019;3;UNIDADE INTERNAÇÃO - PSIQUIATRIA ALA C;178
IRS;2019;3;UNIDADE INTERNAÇÃO - PSIQUIATRIA ALA D;93
IRS;2019;3;UNIDADE INTERNAÇÃO - PSIQUIATRIA ALA E;175
IRS;2019;4;UNIDADE DE URGÊNCIA - CLINICA PSIQUIÁTRICA SALA DE OBSERVAÇAO;120
IRS;2019;4;UNIDADE INTERNAÇÃO - PSIQUIATRIA ALA A;344
IRS;2019;4;UNIDADE INTERNAÇÃO - PSIQUIATRIA ALA B;384
IRS;2019;4;UNIDADE INTERNAÇÃO - PSIQUIATRIA ALA C;543
IRS;2019;4;UNIDADE INTERNAÇÃO - PSIQUIATRIA ALA D;241
IRS;2019;4;UNIDADE INTERNAÇÃO - PSIQUIATRIA ALA E;475
IRS;2019;5;UNIDADE DE URGÊNCIA - CLINICA PSIQUIÁTRICA SALA DE OBSERVAÇAO;116
IRS;2019;5;UNIDADE INTERNAÇÃO - PSIQUIATRIA ALA A;392
IRS;2019;5;UNIDADE INTERNAÇÃO - PSIQUIATRIA ALA B;397
IRS;2019;5;UNIDADE INTERNAÇÃO - PSIQUIATRIA ALA C;385
IRS;2019;5;UNIDADE INTERNAÇÃO - PSIQUIATRIA ALA D;198
IRS;2019;5;UNIDADE INTERNAÇÃO - PSIQUIATRIA ALA E;447
IRS;2019;6;UNIDADE DE URGÊNCIA - CLINICA PSIQUIÁTRICA SALA DE OBSERVAÇAO;107
IRS;2019;6;UNIDADE INTERNAÇÃO - PSIQUIATRIA ALA A;406
IRS;2019;6;UNIDADE INTERNAÇÃO - PSIQUIATRIA ALA B;384
IRS;2019;6;UNIDADE INTERNAÇÃO - PSIQUIATRIA ALA C;388
IRS;2019;6;UNIDADE INTERNAÇÃO - PSIQUIATRIA ALA D;185
IRS;2019;6;UNIDADE INTERNAÇÃO - PSIQUIATRIA ALA E;441
IRS;2019;7;UNIDADE DE URGÊNCIA - CLINICA PSIQUIÁTRICA SALA DE OBSERVAÇAO;134
IRS;2019;7;UNIDADE INTERNAÇÃO - PSIQUIATRIA ALA A;342
IRS;2019;7;UNIDADE INTERNAÇÃO - PSIQUIATRIA ALA B;327
IRS;2019;7;UNIDADE INTERNAÇÃO - PSIQUIATRIA ALA C;526
IRS;2019;7;UNIDADE INTERNAÇÃO - PSIQUIATRIA ALA D;267
IRS;2019;7;UNIDADE INTERNAÇÃO - PSIQUIATRIA ALA E;349
IRS;2019;8;UNIDADE DE URGÊNCIA - CLINICA PSIQUIÁTRICA SALA DE OBSERVAÇAO;119
IRS;2019;8;UNIDADE INTERNAÇÃO - PSIQUIATRIA ALA A;403
IRS;2019;8;UNIDADE INTERNAÇÃO - PSIQUIATRIA ALA B;429
IRS;2019;8;UNIDADE INTERNAÇÃO - PSIQUIATRIA ALA C;539
IRS;2019;8;UNIDADE INTERNAÇÃO - PSIQUIATRIA ALA D;266
IRS;2019;8;UNIDADE INTERNAÇÃO - PSIQUIATRIA ALA E;266
IRS;2019;9;UNIDADE DE URGÊNCIA - CLINICA PSIQUIÁTRICA SALA DE OBSERVAÇAO;114
IRS;2019;9;UNIDADE INTERNAÇÃO - PSIQUIATRIA ALA A;420
IRS;2019;9;UNIDADE INTERNAÇÃO - PSIQUIATRIA ALA B;410
IRS;2019;9;UNIDADE INTERNAÇÃO - PSIQUIATRIA ALA C;562
IRS;2019;9;UNIDADE INTERNAÇÃO - PSIQUIATRIA ALA D;270
IRS;2019;9;UNIDADE INTERNAÇÃO - PSIQUIATRIA ALA E;287
IRS;2019;10;UNIDADE DE URGÊNCIA - CLINICA PSIQUIÁTRICA SALA DE OBSERVAÇAO;101
IRS;2019;10;UNIDADE INTERNAÇÃO - PSIQUIATRIA ALA A;428
IRS;2019;10;UNIDADE INTERNAÇÃO - PSIQUIATRIA ALA B;414
IRS;2019;10;UNIDADE INTERNAÇÃO - PSIQUIATRIA ALA C;583
IRS;2019;10;UNIDADE INTERNAÇÃO - PSIQUIATRIA ALA D;289
IRS;2019;10;UNIDADE INTERNAÇÃO - PSIQUIATRIA ALA E;305
IRS;2019;11;UNIDADE DE URGÊNCIA - CLINICA PSIQUIÁTRICA SALA DE OBSERVAÇAO;99
IRS;2019;11;UNIDADE INTERNAÇÃO - PSIQUIATRIA ALA A;377
IRS;2019;11;UNIDADE INTERNAÇÃO - PSIQUIATRIA ALA B;395
IRS;2019;11;UNIDADE INTERNAÇÃO - PSIQUIATRIA ALA C;553
IRS;2019;11;UNIDADE INTERNAÇÃO - PSIQUIATRIA ALA D;275
IRS;2019;11;UNIDADE INTERNAÇÃO - PSIQUIATRIA ALA E;285
IRS;2019;12;UNIDADE DE URGÊNCIA - CLINICA PSIQUIÁTRICA SALA DE OBSERVAÇAO;120
IRS;2019;12;UNIDADE INTERNAÇÃO - PSIQUIATRIA ALA A;349
IRS;2019;12;UNIDADE INTERNAÇÃO - PSIQUIATRIA ALA B;359
IRS;2019;12;UNIDADE INTERNAÇÃO - PSIQUIATRIA ALA C;543
IRS;2019;12;UNIDADE INTERNAÇÃO - PSIQUIATRIA ALA D;270
IRS;2019;12;UNIDADE INTERNAÇÃO - PSIQUIATRIA ALA E;286
IRS;2020;1;UNIDADE DE URGÊNCIA - CLINICA PSIQUIÁTRICA SALA DE OBSERVAÇAO;130
IRS;2020;1;UNIDADE INTERNAÇÃO - PSIQUIATRIA ALA A;296
IRS;2020;1;UNIDADE INTERNAÇÃO - PSIQUIATRIA ALA B;413
IRS;2020;1;UNIDADE INTERNAÇÃO - PSIQUIATRIA ALA C;597
IRS;2020;1;UNIDADE INTERNAÇÃO - PSIQUIATRIA ALA D;293
IRS;2020;1;UNIDADE INTERNAÇÃO - PSIQUIATRIA ALA E;303
IRS;2020;2;UNIDADE DE URGÊNCIA - CLINICA PSIQUIÁTRICA SALA DE OBSERVAÇAO;120
IRS;2020;2;UNIDADE INTERNAÇÃO - PSIQUIATRIA ALA A;267
IRS;2020;2;UNIDADE INTERNAÇÃO - PSIQUIATRIA ALA B;372
IRS;2020;2;UNIDADE INTERNAÇÃO - PSIQUIATRIA ALA C;524
IRS;2020;2;UNIDADE INTERNAÇÃO - PSIQUIATRIA ALA D;255
IRS;2020;2;UNIDADE INTERNAÇÃO - PSIQUIATRIA ALA E;270
IRS;2020;3;UNIDADE DE URGÊNCIA - CLINICA PSIQUIÁTRICA SALA DE OBSERVAÇAO;97
IRS;2020;3;UNIDADE INTERNAÇÃO - PSIQUIATRIA ALA A;452
IRS;2020;3;UNIDADE INTERNAÇÃO - PSIQUIATRIA ALA B;303
IRS;2020;3;UNIDADE INTERNAÇÃO - PSIQUIATRIA ALA C;555
IRS;2020;3;UNIDADE INTERNAÇÃO - PSIQUIATRIA ALA D;254
IRS;2020;3;UNIDADE INTERNAÇÃO - PSIQUIATRIA ALA E;256
IRS;2020;4;UNIDADE DE URGÊNCIA - CLINICA PSIQUIÁTRICA SALA DE OBSERVAÇAO;99
IRS;2020;4;UNIDADE INTERNAÇÃO - PSIQUIATRIA ALA A;474
IRS;2020;4;UNIDADE INTERNAÇÃO - PSIQUIATRIA ALA B;314
IRS;2020;4;UNIDADE INTERNAÇÃO - PSIQUIATRIA ALA C;550
IRS;2020;4;UNIDADE INTERNAÇÃO - PSIQUIATRIA ALA D;290
IRS;2020;4;UNIDADE INTERNAÇÃO - PSIQUIATRIA ALA E;291
IRS;2020;5;UNIDADE DE URGÊNCIA - CLINICA PSIQUIÁTRICA SALA DE OBSERVAÇAO;83
IRS;2020;5;UNIDADE INTERNAÇÃO - PSIQUIATRIA ALA A;477
IRS;2020;5;UNIDADE INTERNAÇÃO - PSIQUIATRIA ALA B;328
IRS;2020;5;UNIDADE INTERNAÇÃO - PSIQUIATRIA ALA C;574
IRS;2020;5;UNIDADE INTERNAÇÃO - PSIQUIATRIA ALA D;284
IRS;2020;5;UNIDADE INTERNAÇÃO - PSIQUIATRIA ALA E;287
IRS;2020;6;UNIDADE DE URGÊNCIA - CLINICA PSIQUIÁTRICA SALA DE OBSERVAÇAO;85
IRS;2020;6;UNIDADE INTERNAÇÃO - PSIQUIATRIA ALA A;464
IRS;2020;6;UNIDADE INTERNAÇÃO - PSIQUIATRIA ALA B;309
IRS;2020;6;UNIDADE INTERNAÇÃO - PSIQUIATRIA ALA C;511
IRS;2020;6;UNIDADE INTERNAÇÃO - PSIQUIATRIA ALA D;266
IRS;2020;6;UNIDADE INTERNAÇÃO - PSIQUIATRIA ALA E;278
IRS;2020;6;UNIDADE INTERNAÇÃO - PSIQUIATRIA ALA F;97
IRS;2020;6;UNIDADE INTERNAÇÃO - PSIQUIATRIA UNIDADE DE TRATAMENTO CLÍNICO;9
IRS;2020;7;UNIDADE DE URGÊNCIA - CLINICA PSIQUIÁTRICA SALA DE OBSERVAÇAO;101
IRS;2020;7;UNIDADE INTERNAÇÃO - PSIQUIATRIA ALA A;399
IRS;2020;7;UNIDADE INTERNAÇÃO - PSIQUIATRIA ALA B;299
IRS;2020;7;UNIDADE INTERNAÇÃO - PSIQUIATRIA ALA C;582
IRS;2020;7;UNIDADE INTERNAÇÃO - PSIQUIATRIA ALA D;94
IRS;2020;7;UNIDADE INTERNAÇÃO - PSIQUIATRIA ALA E;446
IRS;2020;7;UNIDADE INTERNAÇÃO - PSIQUIATRIA ALA F;138
IRS;2020;7;UNIDADE INTERNAÇÃO - PSIQUIATRIA UNIDADE DE TRATAMENTO CLÍNICO;156
IRS;2020;8;UNIDADE DE URGÊNCIA - CLINICA PSIQUIÁTRICA SALA DE OBSERVAÇAO;99
IRS;2020;8;UNIDADE INTERNAÇÃO - PSIQUIATRIA ALA A;485
IRS;2020;8;UNIDADE INTERNAÇÃO - PSIQUIATRIA ALA B;469
IRS;2020;8;UNIDADE INTERNAÇÃO - PSIQUIATRIA ALA C;673
IRS;2020;8;UNIDADE INTERNAÇÃO - PSIQUIATRIA ALA D;37
IRS;2020;8;UNIDADE INTERNAÇÃO - PSIQUIATRIA ALA E;492
IRS;2020;8;UNIDADE INTERNAÇÃO - PSIQUIATRIA ALA F;9
IRS;2020;8;UNIDADE INTERNAÇÃO - PSIQUIATRIA UNIDADE DE TRATAMENTO CLÍNICO;168
IRS;2020;9;UNIDADE DE URGÊNCIA - CLINICA PSIQUIÁTRICA SALA DE OBSERVAÇAO;103
IRS;2020;9;UNIDADE INTERNAÇÃO - PSIQUIATRIA ALA A;500
IRS;2020;9;UNIDADE INTERNAÇÃO - PSIQUIATRIA ALA B;519
IRS;2020;9;UNIDADE INTERNAÇÃO - PSIQUIATRIA ALA C;639
IRS;2020;9;UNIDADE INTERNAÇÃO - PSIQUIATRIA ALA D;44
IRS;2020;9;UNIDADE INTERNAÇÃO - PSIQUIATRIA ALA E;478
IRS;2020;9;UNIDADE INTERNAÇÃO - PSIQUIATRIA UNIDADE DE TRATAMENTO CLÍNICO;146
IRS;2020;10;UNIDADE DE URGÊNCIA - CLINICA PSIQUIÁTRICA SALA DE OBSERVAÇAO;130
IRS;2020;10;UNIDADE INTERNAÇÃO - PSIQUIATRIA ALA A;525
IRS;2020;10;UNIDADE INTERNAÇÃO - PSIQUIATRIA ALA B;542
IRS;2020;10;UNIDADE INTERNAÇÃO - PSIQUIATRIA ALA C;709
IRS;2020;10;UNIDADE INTERNAÇÃO - PSIQUIATRIA ALA D;5
IRS;2020;10;UNIDADE INTERNAÇÃO - PSIQUIATRIA ALA E;520
IRS;2020;10;UNIDADE INTERNAÇÃO - PSIQUIATRIA UNIDADE DE TRATAMENTO CLÍNICO;168
IRS;2020;11;UNIDADE DE URGÊNCIA - CLINICA PSIQUIÁTRICA SALA DE OBSERVAÇAO;100
IRS;2020;11;UNIDADE INTERNAÇÃO - PSIQUIATRIA ALA A;497
IRS;2020;11;UNIDADE INTERNAÇÃO - PSIQUIATRIA ALA B;454
IRS;2020;11;UNIDADE INTERNAÇÃO - PSIQUIATRIA ALA C;637
IRS;2020;11;UNIDADE INTERNAÇÃO - PSIQUIATRIA ALA D;9
IRS;2020;11;UNIDADE INTERNAÇÃO - PSIQUIATRIA ALA E;483
IRS;2020;11;UNIDADE INTERNAÇÃO - PSIQUIATRIA UNIDADE DE TRATAMENTO CLÍNICO;166
IRS;2020;12;UNIDADE DE URGÊNCIA - CLINICA PSIQUIÁTRICA SALA DE OBSERVAÇAO;109
IRS;2020;12;UNIDADE INTERNAÇÃO - PSIQUIATRIA ALA A;422
IRS;2020;12;UNIDADE INTERNAÇÃO - PSIQUIATRIA ALA B;440
IRS;2020;12;UNIDADE INTERNAÇÃO - PSIQUIATRIA ALA C;671
IRS;2020;12;UNIDADE INTERNAÇÃO - PSIQUIATRIA ALA D;60
IRS;2020;12;UNIDADE INTERNAÇÃO - PSIQUIATRIA ALA E;481
IRS;2020;12;UNIDADE INTERNAÇÃO - PSIQUIATRIA UNIDADE DE TRATAMENTO CLÍNICO;139
IRS;2021;1;UNIDADE DE URGÊNCIA - CLINICA PSIQUIÁTRICA SALA DE OBSERVAÇAO;96
IRS;2021;1;UNIDADE INTERNAÇÃO - PSIQUIATRIA ALA A;288
IRS;2021;1;UNIDADE INTERNAÇÃO - PSIQUIATRIA ALA B;389
IRS;2021;1;UNIDADE INTERNAÇÃO - PSIQUIATRIA ALA C;460
IRS;2021;1;UNIDADE INTERNAÇÃO - PSIQUIATRIA ALA D;24
IRS;2021;1;UNIDADE INTERNAÇÃO - PSIQUIATRIA ALA E;442
IRS;2021;1;UNIDADE INTERNAÇÃO - PSIQUIATRIA UNIDADE DE TRATAMENTO CLÍNICO;133
IRS;2021;2;UNIDADE DE URGÊNCIA - CLINICA PSIQUIÁTRICA SALA DE OBSERVAÇAO;109
IRS;2021;2;UNIDADE INTERNAÇÃO - PSIQUIATRIA ALA A;386
IRS;2021;2;UNIDADE INTERNAÇÃO - PSIQUIATRIA ALA B;249
IRS;2021;2;UNIDADE INTERNAÇÃO - PSIQUIATRIA ALA C;487
IRS;2021;2;UNIDADE INTERNAÇÃO - PSIQUIATRIA ALA D;42
IRS;2021;2;UNIDADE INTERNAÇÃO - PSIQUIATRIA ALA E;465
IRS;2021;2;UNIDADE INTERNAÇÃO - PSIQUIATRIA UNIDADE DE TRATAMENTO CLÍNICO;125
IRS;2021;3;UNIDADE DE URGÊNCIA - CLINICA PSIQUIÁTRICA SALA DE OBSERVAÇAO;122
IRS;2021;3;UNIDADE INTERNAÇÃO - PSIQUIATRIA ALA A;493
IRS;2021;3;UNIDADE INTERNAÇÃO - PSIQUIATRIA ALA B;405
IRS;2021;3;UNIDADE INTERNAÇÃO - PSIQUIATRIA ALA C;669
IRS;2021;3;UNIDADE INTERNAÇÃO - PSIQUIATRIA ALA D;58
IRS;2021;3;UNIDADE INTERNAÇÃO - PSIQUIATRIA ALA E;445
IRS;2021;3;UNIDADE INTERNAÇÃO - PSIQUIATRIA UNIDADE DE TRATAMENTO CLÍNICO;173
IRS;2021;4;UNIDADE DE URGÊNCIA - CLINICA PSIQUIÁTRICA SALA DE OBSERVAÇAO;99
IRS;2021;4;UNIDADE INTERNAÇÃO - PSIQUIATRIA ALA A;504
IRS;2021;4;UNIDADE INTERNAÇÃO - PSIQUIATRIA ALA B;497
IRS;2021;4;UNIDADE INTERNAÇÃO - PSIQUIATRIA ALA C;386
IRS;2021;4;UNIDADE INTERNAÇÃO - PSIQUIATRIA ALA D;52
IRS;2021;4;UNIDADE INTERNAÇÃO - PSIQUIATRIA ALA E;358
IRS;2021;4;UNIDADE INTERNAÇÃO - PSIQUIATRIA UNIDADE DE TRATAMENTO CLÍNICO;169
IRS;2021;5;UNIDADE DE URGÊNCIA - CLINICA PSIQUIÁTRICA SALA DE OBSERVAÇAO;111
IRS;2021;5;UNIDADE INTERNAÇÃO - PSIQUIATRIA ALA A;277
IRS;2021;5;UNIDADE INTERNAÇÃO - PSIQUIATRIA ALA B;556
IRS;2021;5;UNIDADE INTERNAÇÃO - PSIQUIATRIA ALA C;449
IRS;2021;5;UNIDADE INTERNAÇÃO - PSIQUIATRIA ALA D;40
IRS;2021;5;UNIDADE INTERNAÇÃO - PSIQUIATRIA ALA E;405
IRS;2021;5;UNIDADE INTERNAÇÃO - PSIQUIATRIA UNIDADE DE TRATAMENTO CLÍNICO;130
IRS;2021;6;UNIDADE DE URGÊNCIA - CLINICA PSIQUIÁTRICA SALA DE OBSERVAÇAO;106
IRS;2021;6;UNIDADE INTERNAÇÃO - PSIQUIATRIA ALA A;327
IRS;2021;6;UNIDADE INTERNAÇÃO - PSIQUIATRIA ALA B;379
IRS;2021;6;UNIDADE INTERNAÇÃO - PSIQUIATRIA ALA C;581
IRS;2021;6;UNIDADE INTERNAÇÃO - PSIQUIATRIA ALA D;2
IRS;2021;6;UNIDADE INTERNAÇÃO - PSIQUIATRIA ALA E;448
IRS;2021;6;UNIDADE INTERNAÇÃO - PSIQUIATRIA ALA F;11
IRS;2021;6;UNIDADE INTERNAÇÃO - PSIQUIATRIA UNIDADE DE TRATAMENTO CLÍNICO;161
IRS;2021;7;UNIDADE DE URGÊNCIA - CLINICA PSIQUIÁTRICA SALA DE OBSERVAÇAO;115
IRS;2021;7;UNIDADE INTERNAÇÃO - PSIQUIATRIA ALA A;400
IRS;2021;7;UNIDADE INTERNAÇÃO - PSIQUIATRIA ALA B;455
IRS;2021;7;UNIDADE INTERNAÇÃO - PSIQUIATRIA ALA C;607
IRS;2021;7;UNIDADE INTERNAÇÃO - PSIQUIATRIA ALA D;8
IRS;2021;7;UNIDADE INTERNAÇÃO - PSIQUIATRIA ALA E;462
IRS;2021;7;UNIDADE INTERNAÇÃO - PSIQUIATRIA ALA F;53
IRS;2021;7;UNIDADE INTERNAÇÃO - PSIQUIATRIA UNIDADE DE TRATAMENTO CLÍNICO;153
IRS;2021;8;UNIDADE DE URGÊNCIA - CLINICA PSIQUIÁTRICA SALA DE OBSERVAÇAO;142
IRS;2021;8;UNIDADE INTERNAÇÃO - PSIQUIATRIA ALA A;559
IRS;2021;8;UNIDADE INTERNAÇÃO - PSIQUIATRIA ALA B;518
IRS;2021;8;UNIDADE INTERNAÇÃO - PSIQUIATRIA ALA C;657
IRS;2021;8;UNIDADE INTERNAÇÃO - PSIQUIATRIA ALA D;10
IRS;2021;8;UNIDADE INTERNAÇÃO - PSIQUIATRIA ALA E;471
IRS;2021;8;UNIDADE INTERNAÇÃO - PSIQUIATRIA ALA F;16
IRS;2021;8;UNIDADE INTERNAÇÃO - PSIQUIATRIA UNIDADE DE TRATAMENTO CLÍNICO;179
IRS;2021;9;UNIDADE DE URGÊNCIA - CLINICA PSIQUIÁTRICA SALA DE OBSERVAÇAO;132
IRS;2021;9;UNIDADE INTERNAÇÃO - PSIQUIATRIA ALA A;451
IRS;2021;9;UNIDADE INTERNAÇÃO - PSIQUIATRIA ALA B;427
IRS;2021;9;UNIDADE INTERNAÇÃO - PSIQUIATRIA ALA C;714
IRS;2021;9;UNIDADE INTERNAÇÃO - PSIQUIATRIA ALA D;1
IRS;2021;9;UNIDADE INTERNAÇÃO - PSIQUIATRIA ALA E;491
IRS;2021;9;UNIDADE INTERNAÇÃO - PSIQUIATRIA ALA F;10
IRS;2021;9;UNIDADE INTERNAÇÃO - PSIQUIATRIA UNIDADE DE TRATAMENTO CLÍNICO;171
IRS;2021;10;UNIDADE DE URGÊNCIA - CLINICA PSIQUIÁTRICA SALA DE OBSERVAÇAO;137
IRS;2021;10;UNIDADE INTERNAÇÃO - PSIQUIATRIA ALA A;504
IRS;2021;10;UNIDADE INTERNAÇÃO - PSIQUIATRIA ALA B;444
IRS;2021;10;UNIDADE INTERNAÇÃO - PSIQUIATRIA ALA C;644
IRS;2021;10;UNIDADE INTERNAÇÃO - PSIQUIATRIA ALA D;3
IRS;2021;10;UNIDADE INTERNAÇÃO - PSIQUIATRIA ALA E;491
IRS;2021;10;UNIDADE INTERNAÇÃO - PSIQUIATRIA UNIDADE DE TRATAMENTO CLÍNICO;132
IRS;2021;11;UNIDADE DE URGÊNCIA - CLINICA PSIQUIÁTRICA SALA DE OBSERVAÇAO;130
IRS;2021;11;UNIDADE INTERNAÇÃO - PSIQUIATRIA ALA A;459
IRS;2021;11;UNIDADE INTERNAÇÃO - PSIQUIATRIA ALA B;476
IRS;2021;11;UNIDADE INTERNAÇÃO - PSIQUIATRIA ALA C;670
IRS;2021;11;UNIDADE INTERNAÇÃO - PSIQUIATRIA ALA D;7
IRS;2021;11;UNIDADE INTERNAÇÃO - PSIQUIATRIA ALA E;482
IRS;2021;11;UNIDADE INTERNAÇÃO - PSIQUIATRIA UNIDADE DE TRATAMENTO CLÍNICO;133
IRS;2021;12;UNIDADE DE URGÊNCIA - CLINICA PSIQUIÁTRICA SALA DE OBSERVAÇAO;150
IRS;2021;12;UNIDADE INTERNAÇÃO - PSIQUIATRIA ALA A;330
IRS;2021;12;UNIDADE INTERNAÇÃO - PSIQUIATRIA ALA B;373
IRS;2021;12;UNIDADE INTERNAÇÃO - PSIQUIATRIA ALA C;684
IRS;2021;12;UNIDADE INTERNAÇÃO - PSIQUIATRIA ALA D;1
IRS;2021;12;UNIDADE INTERNAÇÃO - PSIQUIATRIA ALA E;488
IRS;2021;12;UNIDADE INTERNAÇÃO - PSIQUIATRIA UNIDADE DE TRATAMENTO CLÍNICO;118
IRS;2022;1;UNIDADE DE URGÊNCIA - CLINICA PSIQUIÁTRICA SALA DE OBSERVAÇAO;109
IRS;2022;1;UNIDADE INTERNAÇÃO - PSIQUIATRIA ALA A;441
IRS;2022;1;UNIDADE INTERNAÇÃO - PSIQUIATRIA ALA B;328
IRS;2022;1;UNIDADE INTERNAÇÃO - PSIQUIATRIA ALA C;374
IRS;2022;1;UNIDADE INTERNAÇÃO - PSIQUIATRIA ALA D;89
IRS;2022;1;UNIDADE INTERNAÇÃO - PSIQUIATRIA ALA E;434
IRS;2022;1;UNIDADE INTERNAÇÃO - PSIQUIATRIA ALA F;87
IRS;2022;1;UNIDADE INTERNAÇÃO - PSIQUIATRIA UNIDADE DE TRATAMENTO CLÍNICO;124
IRS;2022;2;UNIDADE DE URGÊNCIA - CLINICA PSIQUIÁTRICA SALA DE OBSERVAÇAO;94
IRS;2022;2;UNIDADE INTERNAÇÃO - PSIQUIATRIA ALA A;393
IRS;2022;2;UNIDADE INTERNAÇÃO - PSIQUIATRIA ALA B;139
IRS;2022;2;UNIDADE INTERNAÇÃO - PSIQUIATRIA ALA C;486
IRS;2022;2;UNIDADE INTERNAÇÃO - PSIQUIATRIA ALA D;85
IRS;2022;2;UNIDADE INTERNAÇÃO - PSIQUIATRIA ALA E;225
IRS;2022;2;UNIDADE INTERNAÇÃO - PSIQUIATRIA ALA F;67
IRS;2022;2;UNIDADE INTERNAÇÃO - PSIQUIATRIA UNIDADE DE TRATAMENTO CLÍNICO;104
IRS;2022;3;UNIDADE DE URGÊNCIA - CLINICA PSIQUIÁTRICA SALA DE OBSERVAÇAO;119
IRS;2022;3;UNIDADE INTERNAÇÃO - PSIQUIATRIA ALA A;473
IRS;2022;3;UNIDADE INTERNAÇÃO - PSIQUIATRIA ALA B;463
IRS;2022;3;UNIDADE INTERNAÇÃO - PSIQUIATRIA ALA C;699
IRS;2022;3;UNIDADE INTERNAÇÃO - PSIQUIATRIA ALA E;538
IRS;2022;3;UNIDADE INTERNAÇÃO - PSIQUIATRIA ALA F;49
IRS;2022;3;UNIDADE INTERNAÇÃO - PSIQUIATRIA UNIDADE DE TRATAMENTO CLÍNICO;118
IRS;2022;4;UNIDADE DE URGÊNCIA - CLINICA PSIQUIÁTRICA SALA DE OBSERVAÇAO;120
IRS;2022;4;UNIDADE INTERNAÇÃO - PSIQUIATRIA ALA A;539
IRS;2022;4;UNIDADE INTERNAÇÃO - PSIQUIATRIA ALA B;513
IRS;2022;4;UNIDADE INTERNAÇÃO - PSIQUIATRIA ALA C;727
IRS;2022;4;UNIDADE INTERNAÇÃO - PSIQUIATRIA ALA E;510
IRS;2022;4;UNIDADE INTERNAÇÃO - PSIQUIATRIA ALA F;1
IRS;2022;4;UNIDADE INTERNAÇÃO - PSIQUIATRIA UNIDADE DE TRATAMENTO CLÍNICO;129
IRS;2022;5;UNIDADE DE URGÊNCIA - CLINICA PSIQUIÁTRICA SALA DE OBSERVAÇAO;151
IRS;2022;5;UNIDADE INTERNAÇÃO - PSIQUIATRIA ALA A;571
IRS;2022;5;UNIDADE INTERNAÇÃO - PSIQUIATRIA ALA B;452
IRS;2022;5;UNIDADE INTERNAÇÃO - PSIQUIATRIA ALA C;684
IRS;2022;5;UNIDADE INTERNAÇÃO - PSIQUIATRIA ALA E;524
IRS;2022;5;UNIDADE INTERNAÇÃO - PSIQUIATRIA ALA F;25
IRS;2022;5;UNIDADE INTERNAÇÃO - PSIQUIATRIA UNIDADE DE TRATAMENTO CLÍNICO;150
IRS;2022;6;UNIDADE DE URGÊNCIA - CLINICA PSIQUIÁTRICA SALA DE OBSERVAÇAO;108
IRS;2022;6;UNIDADE INTERNAÇÃO - PSIQUIATRIA ALA A;458
IRS;2022;6;UNIDADE INTERNAÇÃO - PSIQUIATRIA ALA B;440
IRS;2022;6;UNIDADE INTERNAÇÃO - PSIQUIATRIA ALA C;694
IRS;2022;6;UNIDADE INTERNAÇÃO - PSIQUIATRIA ALA D;64
IRS;2022;6;UNIDADE INTERNAÇÃO - PSIQUIATRIA ALA E;438
IRS;2022;6;UNIDADE INTERNAÇÃO - PSIQUIATRIA ALA F;9
IRS;2022;6;UNIDADE INTERNAÇÃO - PSIQUIATRIA UNIDADE DE TRATAMENTO CLÍNICO;153
IRS;2022;7;UNIDADE DE URGÊNCIA - CLINICA PSIQUIÁTRICA SALA DE OBSERVAÇAO;136
IRS;2022;7;UNIDADE INTERNAÇÃO - PSIQUIATRIA ALA A;428
IRS;2022;7;UNIDADE INTERNAÇÃO - PSIQUIATRIA ALA B;519
IRS;2022;7;UNIDADE INTERNAÇÃO - PSIQUIATRIA ALA C;498
IRS;2022;7;UNIDADE INTERNAÇÃO - PSIQUIATRIA ALA D;50
IRS;2022;7;UNIDADE INTERNAÇÃO - PSIQUIATRIA ALA E;476
IRS;2022;7;UNIDADE INTERNAÇÃO - PSIQUIATRIA ALA F;33
IRS;2022;7;UNIDADE INTERNAÇÃO - PSIQUIATRIA UNIDADE DE TRATAMENTO CLÍNICO;129
IRS;2022;8;UNIDADE DE URGÊNCIA - CLINICA PSIQUIÁTRICA SALA DE OBSERVAÇAO;112
IRS;2022;8;UNIDADE INTERNAÇÃO - PSIQUIATRIA ALA A;486
IRS;2022;8;UNIDADE INTERNAÇÃO - PSIQUIATRIA ALA B;416
IRS;2022;8;UNIDADE INTERNAÇÃO - PSIQUIATRIA ALA C;624
IRS;2022;8;UNIDADE INTERNAÇÃO - PSIQUIATRIA ALA D;15
IRS;2022;8;UNIDADE INTERNAÇÃO - PSIQUIATRIA ALA E;454
IRS;2022;8;UNIDADE INTERNAÇÃO - PSIQUIATRIA ALA F;8
IRS;2022;8;UNIDADE INTERNAÇÃO - PSIQUIATRIA UNIDADE DE TRATAMENTO CLÍNICO;128
IRS;2022;9;UNIDADE DE URGÊNCIA - CLINICA PSIQUIÁTRICA SALA DE OBSERVAÇAO;132
IRS;2022;9;UNIDADE INTERNAÇÃO - PSIQUIATRIA ALA A;518
IRS;2022;9;UNIDADE INTERNAÇÃO - PSIQUIATRIA ALA B;422
IRS;2022;9;UNIDADE INTERNAÇÃO - PSIQUIATRIA ALA C;608
IRS;2022;9;UNIDADE INTERNAÇÃO - PSIQUIATRIA ALA E;349
IRS;2022;9;UNIDADE INTERNAÇÃO - PSIQUIATRIA ALA F;1
IRS;2022;9;UNIDADE INTERNAÇÃO - PSIQUIATRIA UNIDADE DE TRATAMENTO CLÍNICO;122
IRS;2022;10;UNIDADE DE URGÊNCIA - CLINICA PSIQUIÁTRICA SALA DE OBSERVAÇAO;134
IRS;2022;10;UNIDADE INTERNAÇÃO - PSIQUIATRIA ALA A;525
IRS;2022;10;UNIDADE INTERNAÇÃO - PSIQUIATRIA ALA B;489
IRS;2022;10;UNIDADE INTERNAÇÃO - PSIQUIATRIA ALA C;625
IRS;2022;10;UNIDADE INTERNAÇÃO - PSIQUIATRIA ALA D;1
IRS;2022;10;UNIDADE INTERNAÇÃO - PSIQUIATRIA ALA E;479
IRS;2022;10;UNIDADE INTERNAÇÃO - PSIQUIATRIA ALA F;3
IRS;2022;10;UNIDADE INTERNAÇÃO - PSIQUIATRIA UNIDADE DE TRATAMENTO CLÍNICO;133
IRS;2022;11;UNIDADE DE URGÊNCIA - CLINICA PSIQUIÁTRICA SALA DE OBSERVAÇAO;123
IRS;2022;11;UNIDADE INTERNAÇÃO - PSIQUIATRIA ALA A;559
IRS;2022;11;UNIDADE INTERNAÇÃO - PSIQUIATRIA ALA B;496
IRS;2022;11;UNIDADE INTERNAÇÃO - PSIQUIATRIA ALA C;601
IRS;2022;11;UNIDADE INTERNAÇÃO - PSIQUIATRIA ALA D;92
IRS;2022;11;UNIDADE INTERNAÇÃO - PSIQUIATRIA ALA E;472
IRS;2022;11;UNIDADE INTERNAÇÃO - PSIQUIATRIA ALA F;37
IRS;2022;11;UNIDADE INTERNAÇÃO - PSIQUIATRIA UNIDADE DE TRATAMENTO CLÍNICO;130
IRS;2022;12;UNIDADE DE URGÊNCIA - CLINICA PSIQUIÁTRICA SALA DE OBSERVAÇAO;120
IRS;2022;12;UNIDADE INTERNAÇÃO - PSIQUIATRIA ALA A;361
IRS;2022;12;UNIDADE INTERNAÇÃO - PSIQUIATRIA ALA B;370
IRS;2022;12;UNIDADE INTERNAÇÃO - PSIQUIATRIA ALA C;474
IRS;2022;12;UNIDADE INTERNAÇÃO - PSIQUIATRIA ALA E;323
IRS;2022;12;UNIDADE INTERNAÇÃO - PSIQUIATRIA ALA F;133
IRS;2022;12;UNIDADE INTERNAÇÃO - PSIQUIATRIA UNIDADE DE TRATAMENTO CLÍNICO;118
IRS;2023;1;UNIDADE DE URGÊNCIA - CLINICA PSIQUIÁTRICA SALA DE OBSERVAÇAO;134
IRS;2023;1;UNIDADE INTERNAÇÃO - PSIQUIATRIA ALA A;368
IRS;2023;1;UNIDADE INTERNAÇÃO - PSIQUIATRIA ALA B;415
IRS;2023;1;UNIDADE INTERNAÇÃO - PSIQUIATRIA ALA C;695
IRS;2023;1;UNIDADE INTERNAÇÃO - PSIQUIATRIA ALA E;504
IRS;2023;1;UNIDADE INTERNAÇÃO - PSIQUIATRIA UNIDADE DE TRATAMENTO CLÍNICO;151
IRS;2023;2;UNIDADE DE URGÊNCIA - CLINICA PSIQUIÁTRICA SALA DE OBSERVAÇAO;110
IRS;2023;2;UNIDADE INTERNAÇÃO - PSIQUIATRIA ALA A;334
IRS;2023;2;UNIDADE INTERNAÇÃO - PSIQUIATRIA ALA B;335
IRS;2023;2;UNIDADE INTERNAÇÃO - PSIQUIATRIA ALA C;528
IRS;2023;2;UNIDADE INTERNAÇÃO - PSIQUIATRIA ALA E;472
IRS;2023;2;UNIDADE INTERNAÇÃO - PSIQUIATRIA ALA F;38
IRS;2023;2;UNIDADE INTERNAÇÃO - PSIQUIATRIA UNIDADE DE TRATAMENTO CLÍNICO;148
IRS;2023;3;UNIDADE DE URGÊNCIA - CLINICA PSIQUIÁTRICA SALA DE OBSERVAÇAO;113
IRS;2023;3;UNIDADE INTERNAÇÃO - PSIQUIATRIA ALA A;498
IRS;2023;3;UNIDADE INTERNAÇÃO - PSIQUIATRIA ALA B;467
IRS;2023;3;UNIDADE INTERNAÇÃO - PSIQUIATRIA ALA C;643
IRS;2023;3;UNIDADE INTERNAÇÃO - PSIQUIATRIA ALA E;519
IRS;2023;3;UNIDADE INTERNAÇÃO - PSIQUIATRIA ALA F;7
IRS;2023;3;UNIDADE INTERNAÇÃO - PSIQUIATRIA UNIDADE DE TRATAMENTO CLÍNICO;171
IRS;2023;4;UNIDADE DE URGÊNCIA - CLINICA PSIQUIÁTRICA SALA DE OBSERVAÇAO;124
IRS;2023;4;UNIDADE INTERNAÇÃO - PSIQUIATRIA ALA A;452
IRS;2023;4;UNIDADE INTERNAÇÃO - PSIQUIATRIA ALA B;393
IRS;2023;4;UNIDADE INTERNAÇÃO - PSIQUIATRIA ALA C;590
IRS;2023;4;UNIDADE INTERNAÇÃO - PSIQUIATRIA ALA E;476
IRS;2023;4;UNIDADE INTERNAÇÃO - PSIQUIATRIA UNIDADE DE TRATAMENTO CLÍNICO;161
IRS;2023;5;UNIDADE DE URGÊNCIA - CLINICA PSIQUIÁTRICA SALA DE OBSERVAÇAO;110
IRS;2023;5;UNIDADE INTERNAÇÃO - PSIQUIATRIA ALA A;543
IRS;2023;5;UNIDADE INTERNAÇÃO - PSIQUIATRIA ALA B;410
IRS;2023;5;UNIDADE INTERNAÇÃO - PSIQUIATRIA ALA C;619
IRS;2023;5;UNIDADE INTERNAÇÃO - PSIQUIATRIA ALA E;471
IRS;2023;5;UNIDADE INTERNAÇÃO - PSIQUIATRIA ALA F;6
IRS;2023;5;UNIDADE INTERNAÇÃO - PSIQUIATRIA UNIDADE DE TRATAMENTO CLÍNICO;181
IRS;2023;6;UNIDADE DE URGÊNCIA - CLINICA PSIQUIÁTRICA SALA DE OBSERVAÇAO;113
IRS;2023;6;UNIDADE INTERNAÇÃO - PSIQUIATRIA ALA A;487
IRS;2023;6;UNIDADE INTERNAÇÃO - PSIQUIATRIA ALA B;389
IRS;2023;6;UNIDADE INTERNAÇÃO - PSIQUIATRIA ALA C;670
IRS;2023;6;UNIDADE INTERNAÇÃO - PSIQUIATRIA ALA E;463
IRS;2023;6;UNIDADE INTERNAÇÃO - PSIQUIATRIA ALA F;17
IRS;2023;6;UNIDADE INTERNAÇÃO - PSIQUIATRIA UNIDADE DE TRATAMENTO CLÍNICO;161
IRS;2023;7;UNIDADE DE URGÊNCIA - CLINICA PSIQUIÁTRICA SALA DE OBSERVAÇAO;110
IRS;2023;7;UNIDADE INTERNAÇÃO - PSIQUIATRIA ALA A;526
IRS;2023;7;UNIDADE INTERNAÇÃO - PSIQUIATRIA ALA B;340
IRS;2023;7;UNIDADE INTERNAÇÃO - PSIQUIATRIA ALA C;619
IRS;2023;7;UNIDADE INTERNAÇÃO - PSIQUIATRIA ALA E;464
IRS;2023;7;UNIDADE INTERNAÇÃO - PSIQUIATRIA ALA F;6
IRS;2023;7;UNIDADE INTERNAÇÃO - PSIQUIATRIA UNIDADE DE TRATAMENTO CLÍNICO;152
IRS;2023;8;ALA A;689
IRS;2023;8;ALA B;631
IRS;2023;8;ALA C;596
IRS;2023;8;ALA E;484
IRS;2023;8;UNIDADE URGÊNCIA/EMERGÊNCIA - OBSERVAÇÃO;84
IRS;2023;8;UTC - UNIDADE DE TRATAMENTO CLÍNICO;156
IRS;2023;9;ALA A;609
IRS;2023;9;ALA B;460
IRS;2023;9;ALA C;589
IRS;2023;9;ALA E;506
IRS;2023;9;UNIDADE URGÊNCIA/EMERGÊNCIA - OBSERVAÇÃO;101
IRS;2023;9;UTC - UNIDADE DE TRATAMENTO CLÍNICO;124
IRS;2023;10;ALA A;584
IRS;2023;10;ALA B;519
IRS;2023;10;ALA C;570
IRS;2023;10;ALA E;533
IRS;2023;10;UNIDADE URGÊNCIA/EMERGÊNCIA - OBSERVAÇÃO;78
IRS;2023;10;UTC - UNIDADE DE TRATAMENTO CLÍNICO;114
IRS;2023;11;ALA A;622
IRS;2023;11;ALA B;538
IRS;2023;11;ALA C;526
IRS;2023;11;ALA D;13
IRS;2023;11;ALA E;445
IRS;2023;11;UNIDADE URGÊNCIA/EMERGÊNCIA - OBSERVAÇÃO;70
IRS;2023;11;UTC - UNIDADE DE TRATAMENTO CLÍNICO;136
IRS;2023;12;ALA A;478
IRS;2023;12;ALA B;424
IRS;2023;12;ALA C;507
IRS;2023;12;ALA E;396
IRS;2023;12;UNIDADE URGÊNCIA/EMERGÊNCIA - OBSERVAÇÃO;129
IRS;2023;12;UTC - UNIDADE DE TRATAMENTO CLÍNICO;174
IRS;2024;1;ALA A;561
IRS;2024;1;ALA B;419
IRS;2024;1;ALA C;127
IRS;2024;1;ALA D;205
IRS;2024;1;ALA E;491
IRS;2024;1;UNIDADE URGÊNCIA/EMERGÊNCIA - OBSERVAÇÃO;151
IRS;2024;1;UTC - UNIDADE DE TRATAMENTO CLÍNICO;173
IRS;2024;2;ALA A;478
IRS;2024;2;ALA B;388
IRS;2024;2;ALA C;513
IRS;2024;2;ALA E;257
IRS;2024;2;ALA F;98
IRS;2024;2;UNIDADE URGÊNCIA/EMERGÊNCIA - OBSERVAÇÃO;124
IRS;2024;2;UTC - UNIDADE DE TRATAMENTO CLÍNICO;161
IRS;2024;3;ALA A;410
IRS;2024;3;ALA B;351
IRS;2024;3;ALA C;339
IRS;2024;3;ALA E;360
IRS;2024;3;UNIDADE URGÊNCIA/EMERGÊNCIA - OBSERVAÇÃO;146
IRS;2024;3;UTC - UNIDADE DE TRATAMENTO CLÍNICO;144
IRS;2024;4;ALA A;466
IRS;2024;4;ALA B;338
IRS;2024;4;ALA C;427
IRS;2024;4;ALA E;283
IRS;2024;4;UNIDADE URGÊNCIA/EMERGÊNCIA - OBSERVAÇÃO;150
IRS;2024;4;UTC - UNIDADE DE TRATAMENTO CLÍNICO;155
IRS;2024;5;ALA A;425
IRS;2024;5;ALA B;281
IRS;2024;5;ALA C;482
IRS;2024;5;ALA E;461
IRS;2024;5;UNIDADE URGÊNCIA/EMERGÊNCIA - OBSERVAÇÃO;133
IRS;2024;5;UTC - UNIDADE DE TRATAMENTO CLÍNICO;142
IRS;2024;6;ALA A;485
IRS;2024;6;ALA B;330
IRS;2024;6;ALA C;458
IRS;2024;6;ALA E;465
IRS;2024;6;ALA F;36
IRS;2024;6;UNIDADE URGÊNCIA/EMERGÊNCIA - OBSERVAÇÃO;133
IRS;2024;6;UTC - UNIDADE DE TRATAMENTO CLÍNICO;150
IRS;2024;7;ALA A;349
IRS;2024;7;ALA B;329
IRS;2024;7;ALA C;550
IRS;2024;7;ALA E;441
IRS;2024;7;UNIDADE URGÊNCIA/EMERGÊNCIA - OBSERVAÇÃO;107
IRS;2024;7;UTC - UNIDADE DE TRATAMENTO CLÍNICO;160
IRS;2024;8;ALA A;437
IRS;2024;8;ALA B;327
IRS;2024;8;ALA C;540
IRS;2024;8;ALA E;383
IRS;2024;8;UNIDADE URGÊNCIA/EMERGÊNCIA - OBSERVAÇÃO;132
IRS;2024;8;UTC - UNIDADE DE TRATAMENTO CLÍNICO;176
IRS;2024;9;ALA A;333
IRS;2024;9;ALA B;214
IRS;2024;9;ALA C;520
IRS;2024;9;ALA E;370
IRS;2024;9;UNIDADE URGÊNCIA/EMERGÊNCIA - OBSERVAÇÃO;97
IRS;2024;9;UTC - UNIDADE DE TRATAMENTO CLÍNICO;135
IRS;2024;10;ALA A;421
IRS;2024;10;ALA B;422
IRS;2024;10;ALA C;438
IRS;2024;10;ALA D;298
IRS;2024;10;ALA E;74
IRS;2024;10;UNIDADE URGÊNCIA/EMERGÊNCIA - OBSERVAÇÃO;140
IRS;2024;10;UTC - UNIDADE DE TRATAMENTO CLÍNICO;181
IRS;2024;11;ALA A;412
IRS;2024;11;ALA B;446
IRS;2024;11;ALA C;486
IRS;2024;11;ALA D;349
IRS;2024;11;UNIDADE URGÊNCIA/EMERGÊNCIA - OBSERVAÇÃO;95
IRS;2024;11;UTC - UNIDADE DE TRATAMENTO CLÍNICO;123
IRS;2024;12;ALA A;251
IRS;2024;12;ALA B;245
IRS;2024;12;ALA C;471
IRS;2024;12;ALA D;332
IRS;2024;12;UNIDADE URGÊNCIA/EMERGÊNCIA - OBSERVAÇÃO;84
IRS;2024;12;UTC - UNIDADE DE TRATAMENTO CLÍNICO;178
IRS;2025;1;ALA A;348
IRS;2025;1;ALA B;207
IRS;2025;1;ALA C;409
IRS;2025;1;ALA D;388
IRS;2025;1;UNIDADE URGÊNCIA/EMERGÊNCIA - OBSERVAÇÃO;109
IRS;2025;1;UTC - UNIDADE DE TRATAMENTO CLÍNICO;174
IRS;2025;2;ALA A;314
IRS;2025;2;ALA B;274
IRS;2025;2;ALA C;469
IRS;2025;2;ALA D;334
IRS;2025;2;UNIDADE URGÊNCIA/EMERGÊNCIA - OBSERVAÇÃO;83
IRS;2025;2;UTC - UNIDADE DE TRATAMENTO CLÍNICO;161
IRS;2025;3;ALA A;346
IRS;2025;3;ALA B;414
IRS;2025;3;ALA C;567
IRS;2025;3;ALA D;428
IRS;2025;3;UNIDADE URGÊNCIA/EMERGÊNCIA - OBSERVAÇÃO;103
IRS;2025;3;UTC - UNIDADE DE TRATAMENTO CLÍNICO;174
IRS;2025;4;ALA A;418
IRS;2025;4;ALA B;390
IRS;2025;4;ALA C;565
IRS;2025;4;ALA D;408
IRS;2025;4;UNIDADE URGÊNCIA/EMERGÊNCIA - OBSERVAÇÃO;111
IRS;2025;4;UTC - UNIDADE DE TRATAMENTO CLÍNICO;132
IRS;2025;5;ALA A;410
IRS;2025;5;ALA B;409
IRS;2025;5;ALA C;557
IRS;2025;5;ALA D;437
IRS;2025;5;UNIDADE URGÊNCIA/EMERGÊNCIA - OBSERVAÇÃO;127
IRS;2025;5;UTC - UNIDADE DE TRATAMENTO CLÍNICO;157
IRS;2025;6;ALA A;442
IRS;2025;6;ALA B;412
IRS;2025;6;ALA C;565
IRS;2025;6;ALA D;441
IRS;2025;6;UNIDADE URGÊNCIA/EMERGÊNCIA - OBSERVAÇÃO;117
IRS;2025;6;UTC - UNIDADE DE TRATAMENTO CLÍNICO;155
IRS;2025;7;ALA A;368
IRS;2025;7;ALA B;371
IRS;2025;7;ALA C;445
IRS;2025;7;ALA D;388
IRS;2025;7;UNIDADE URGÊNCIA/EMERGÊNCIA - OBSERVAÇÃO;118
IRS;2025;7;UTC - UNIDADE DE TRATAMENTO CLÍNICO;155
IRS;2025;8;ALA A;437
IRS;2025;8;ALA B;427
IRS;2025;8;ALA C;457
IRS;2025;8;ALA D;334
IRS;2025;8;UNIDADE URGÊNCIA/EMERGÊNCIA - OBSERVAÇÃO;103
IRS;2025;8;UTC - UNIDADE DE TRATAMENTO CLÍNICO;122
IRS;2025;9;ALA A;413
IRS;2025;9;ALA B;417
IRS;2025;9;ALA C;539
IRS;2025;9;ALA D;364
IRS;2025;9;UNIDADE URGÊNCIA/EMERGÊNCIA - OBSERVAÇÃO;100
IRS;2025;9;UTC - UNIDADE DE TRATAMENTO CLÍNICO;124
IRS;2025;10;ALA A;404
IRS;2025;10;ALA B;429
IRS;2025;10;ALA C;633
IRS;2025;10;ALA D;464
IRS;2025;10;UNIDADE URGÊNCIA/EMERGÊNCIA - OBSERVAÇÃO;119
IRS;2025;10;UTC - UNIDADE DE TRATAMENTO CLÍNICO;164
IRS;2025;11;ALA A;368
IRS;2025;11;ALA B;371
IRS;2025;11;ALA C;560
IRS;2025;11;ALA D;453
IRS;2025;11;UNIDADE URGÊNCIA/EMERGÊNCIA - OBSERVAÇÃO;112
IRS;2025;11;UTC - UNIDADE DE TRATAMENTO CLÍNICO;168
IRS;2025;12;ALA A;323
IRS;2025;12;ALA B;311
IRS;2025;12;ALA C;343
IRS;2025;12;ALA D;462
IRS;2025;12;UNIDADE URGÊNCIA/EMERGÊNCIA - OBSERVAÇÃO;124
IRS;2025;12;UTC - UNIDADE DE TRATAMENTO CLÍNICO;166
IRS;2026;1;ALA A;432
IRS;2026;1;ALA B;356
IRS;2026;1;ALA C;408
IRS;2026;1;ALA D;446
IRS;2026;1;UNIDADE URGÊNCIA/EMERGÊNCIA - OBSERVAÇÃO;145
IRS;2026;1;UTC - UNIDADE DE TRATAMENTO CLÍNICO;176
IRS;2026;2;ALA A;415
IRS;2026;2;ALA B;436
IRS;2026;2;ALA C;511
IRS;2026;2;ALA D;358
IRS;2026;2;UNIDADE URGÊNCIA/EMERGÊNCIA - OBSERVAÇÃO;108
IRS;2026;2;UTC - UNIDADE DE TRATAMENTO CLÍNICO;153
IRS;2026;3;ALA A;370
IRS;2026;3;ALA B;391
IRS;2026;3;ALA C;536
IRS;2026;3;ALA D;394
IRS;2026;3;UNIDADE URGÊNCIA/EMERGÊNCIA - OBSERVAÇÃO;121
IRS;2026;3;UTC - UNIDADE DE TRATAMENTO CLÍNICO;162
IRS;2026;4;ALA A;444
IRS;2026;4;ALA B;419
IRS;2026;4;ALA C;453
IRS;2026;4;ALA D;335
IRS;2026;4;UNIDADE URGÊNCIA/EMERGÊNCIA - OBSERVAÇÃO;99
IRS;2026;4;UTC - UNIDADE DE TRATAMENTO CLÍNICO;132
IRS;2026;5;ALA A;469
IRS;2026;5;ALA B;441
IRS;2026;5;ALA C;469
IRS;2026;5;ALA D;351
IRS;2026;5;UNIDADE URGÊNCIA/EMERGÊNCIA - OBSERVAÇÃO;114
IRS;2026;5;UTC - UNIDADE DE TRATAMENTO CLÍNICO;130
MOV;2019;1;ALOJAMENTO CONJUNTO;360
MOV;2019;1;PRÉ-PARTO;298
MOV;2019;1;UNIDADE DE EMERGENCIA - ADMISSAO;25
MOV;2019;1;UNIDADE INTEMEDIARIA NEONATAL;571
MOV;2019;1;UNIDADE INTERNAÇÃO - ALTO RISCO OBSTETRICO;481
MOV;2019;1;UNIDADE INTERNAÇÃO - GINECOLOGIA CIRÚRGICA UCC;348
MOV;2019;1;UTI;189
MOV;2019;1;UTI - NEONATAL E PEDIATRICO;534
MOV;2019;2;ALOJAMENTO CONJUNTO;480
MOV;2019;2;PRÉ-PARTO;211
MOV;2019;2;UNIDADE DE EMERGENCIA - ADMISSAO;11
MOV;2019;2;UNIDADE INTEMEDIARIA NEONATAL;457
MOV;2019;2;UNIDADE INTERNAÇÃO - ALTO RISCO OBSTETRICO;323
MOV;2019;2;UNIDADE INTERNAÇÃO - GINECOLOGIA CIRÚRGICA UCC;254
MOV;2019;2;UTI;167
MOV;2019;2;UTI - NEONATAL E PEDIATRICO;508
MOV;2019;3;ALOJAMENTO CONJUNTO;606
MOV;2019;3;PRÉ-PARTO;311
MOV;2019;3;UNIDADE DE EMERGENCIA - ADMISSAO;22
MOV;2019;3;UNIDADE INTEMEDIARIA NEONATAL;655
MOV;2019;3;UNIDADE INTERNAÇÃO - ALTO RISCO OBSTETRICO;297
MOV;2019;3;UNIDADE INTERNAÇÃO - GINECOLOGIA CIRÚRGICA UCC;277
MOV;2019;3;UTI;194
MOV;2019;3;UTI - NEONATAL E PEDIATRICO;562
MOV;2019;4;ALOJAMENTO CONJUNTO;562
MOV;2019;4;PRÉ-PARTO;266
MOV;2019;4;UNIDADE DE EMERGENCIA - ADMISSAO;9
MOV;2019;4;UNIDADE INTEMEDIARIA NEONATAL;638
MOV;2019;4;UNIDADE INTERNAÇÃO - ALTO RISCO OBSTETRICO;397
MOV;2019;4;UNIDADE INTERNAÇÃO - GINECOLOGIA CIRÚRGICA UCC;163
MOV;2019;4;UTI;165
MOV;2019;4;UTI - NEONATAL E PEDIATRICO;535
MOV;2019;5;ALOJAMENTO CONJUNTO;582
MOV;2019;5;PRÉ-PARTO;254
MOV;2019;5;UNIDADE DE EMERGENCIA - ADMISSAO;9
MOV;2019;5;UNIDADE INTEMEDIARIA NEONATAL;533
MOV;2019;5;UNIDADE INTERNAÇÃO - ALTO RISCO OBSTETRICO;383
MOV;2019;5;UNIDADE INTERNAÇÃO - GINECOLOGIA CIRÚRGICA UCC;197
MOV;2019;5;UTI;232
MOV;2019;5;UTI - NEONATAL E PEDIATRICO;548
MOV;2019;6;ALOJAMENTO CONJUNTO;595
MOV;2019;6;PRÉ-PARTO;220
MOV;2019;6;UNIDADE DE EMERGENCIA - ADMISSAO;5
MOV;2019;6;UNIDADE INTEMEDIARIA NEONATAL;411
MOV;2019;6;UNIDADE INTERNAÇÃO - ALTO RISCO OBSTETRICO;306
MOV;2019;6;UNIDADE INTERNAÇÃO - GINECOLOGIA CIRÚRGICA UCC;207
MOV;2019;6;UTI;182
MOV;2019;6;UTI - NEONATAL E PEDIATRICO;373
MOV;2019;7;ALOJAMENTO CONJUNTO;568
MOV;2019;7;PRÉ-PARTO;231
MOV;2019;7;UNIDADE DE EMERGENCIA - ADMISSAO;2
MOV;2019;7;UNIDADE INTEMEDIARIA NEONATAL;426
MOV;2019;7;UNIDADE INTERNAÇÃO - ALTO RISCO OBSTETRICO;306
MOV;2019;7;UNIDADE INTERNAÇÃO - GINECOLOGIA CIRÚRGICA UCC;229
MOV;2019;7;UTI;191
MOV;2019;7;UTI - NEONATAL E PEDIATRICO;425
MOV;2019;8;ALOJAMENTO CONJUNTO;638
MOV;2019;8;PRÉ-PARTO;261
MOV;2019;8;UNIDADE DE EMERGENCIA - ADMISSAO;16
MOV;2019;8;UNIDADE INTEMEDIARIA NEONATAL;413
MOV;2019;8;UNIDADE INTERNAÇÃO - ALTO RISCO OBSTETRICO;321
MOV;2019;8;UNIDADE INTERNAÇÃO - GINECOLOGIA CIRÚRGICA UCC;218
MOV;2019;8;UTI;205
MOV;2019;8;UTI - NEONATAL E PEDIATRICO;334
MOV;2019;9;ALOJAMENTO CONJUNTO;625
MOV;2019;9;PRÉ-PARTO;210
MOV;2019;9;UNIDADE DE EMERGENCIA - ADMISSAO;14
MOV;2019;9;UNIDADE INTEMEDIARIA NEONATAL;357
MOV;2019;9;UNIDADE INTERNAÇÃO - ALTO RISCO OBSTETRICO;332
MOV;2019;9;UNIDADE INTERNAÇÃO - GINECOLOGIA CIRÚRGICA UCC;236
MOV;2019;9;UTI;192
MOV;2019;9;UTI - NEONATAL E PEDIATRICO;329
MOV;2019;10;ALOJAMENTO CONJUNTO;511
MOV;2019;10;PRÉ-PARTO;240
MOV;2019;10;UNIDADE DE EMERGENCIA - ADMISSAO;12
MOV;2019;10;UNIDADE INTEMEDIARIA NEONATAL;332
MOV;2019;10;UNIDADE INTERNAÇÃO - ALTO RISCO OBSTETRICO;426
MOV;2019;10;UNIDADE INTERNAÇÃO - GINECOLOGIA CIRÚRGICA UCC;219
MOV;2019;10;UTI;122
MOV;2019;10;UTI - NEONATAL E PEDIATRICO;281
MOV;2019;11;ALOJAMENTO CONJUNTO;465
MOV;2019;11;PRÉ-PARTO;218
MOV;2019;11;UNIDADE DE EMERGENCIA - ADMISSAO;2
MOV;2019;11;UNIDADE INTEMEDIARIA NEONATAL;354
MOV;2019;11;UNIDADE INTERNAÇÃO - ALTO RISCO OBSTETRICO;384
MOV;2019;11;UNIDADE INTERNAÇÃO - GINECOLOGIA CIRÚRGICA UCC;259
MOV;2019;11;UTI;182
MOV;2019;11;UTI - NEONATAL E PEDIATRICO;324
MOV;2019;12;ALOJAMENTO CONJUNTO;507
MOV;2019;12;PRÉ-PARTO;265
MOV;2019;12;UNIDADE DE EMERGENCIA - ADMISSAO;14
MOV;2019;12;UNIDADE INTEMEDIARIA NEONATAL;404
MOV;2019;12;UNIDADE INTERNAÇÃO - ALTO RISCO OBSTETRICO;380
MOV;2019;12;UNIDADE INTERNAÇÃO - GINECOLOGIA CIRÚRGICA UCC;236
MOV;2019;12;UTI;173
MOV;2019;12;UTI - NEONATAL E PEDIATRICO;356
MOV;2020;1;ALOJAMENTO CONJUNTO;555
MOV;2020;1;PRÉ-PARTO;195
MOV;2020;1;UNIDADE DE EMERGENCIA - ADMISSAO;8
MOV;2020;1;UNIDADE INTEMEDIARIA NEONATAL;334
MOV;2020;1;UNIDADE INTERNAÇÃO - ALTO RISCO OBSTETRICO;370
MOV;2020;1;UNIDADE INTERNAÇÃO - GINECOLOGIA CIRÚRGICA UCC;230
MOV;2020;1;UTI;198
MOV;2020;1;UTI - NEONATAL E PEDIATRICO;341
MOV;2020;2;ALOJAMENTO CONJUNTO;616
MOV;2020;2;PRÉ-PARTO;240
MOV;2020;2;UNIDADE DE EMERGENCIA - ADMISSAO;11
MOV;2020;2;UNIDADE INTEMEDIARIA NEONATAL;278
MOV;2020;2;UNIDADE INTERNAÇÃO - ALTO RISCO OBSTETRICO;375
MOV;2020;2;UNIDADE INTERNAÇÃO - GINECOLOGIA CIRÚRGICA UCC;262
MOV;2020;2;UTI;203
MOV;2020;2;UTI - NEONATAL E PEDIATRICO;334
MOV;2020;3;ALOJAMENTO CONJUNTO;582
MOV;2020;3;PRÉ-PARTO;240
MOV;2020;3;UNIDADE DE EMERGENCIA - ADMISSAO;6
MOV;2020;3;UNIDADE INTEMEDIARIA NEONATAL;388
MOV;2020;3;UNIDADE INTERNAÇÃO - ALTO RISCO OBSTETRICO;393
MOV;2020;3;UNIDADE INTERNAÇÃO - GINECOLOGIA CIRÚRGICA UCC;226
MOV;2020;3;UTI;192
MOV;2020;3;UTI - NEONATAL E PEDIATRICO;405
MOV;2020;4;ALOJAMENTO CONJUNTO;543
MOV;2020;4;PRÉ-PARTO;251
MOV;2020;4;UNIDADE DE EMERGENCIA - ADMISSAO;10
MOV;2020;4;UNIDADE INTEMEDIARIA NEONATAL;360
MOV;2020;4;UNIDADE INTERNAÇÃO - ALTO RISCO OBSTETRICO;368
MOV;2020;4;UNIDADE INTERNAÇÃO - GINECOLOGIA CIRÚRGICA UCC;200
MOV;2020;4;UTI;141
MOV;2020;4;UTI - NEONATAL E PEDIATRICO;364
MOV;2020;5;ALOJAMENTO CONJUNTO;516
MOV;2020;5;PRÉ-PARTO;261
MOV;2020;5;UNIDADE DE EMERGENCIA - ADMISSAO;12
MOV;2020;5;UNIDADE INTEMEDIARIA NEONATAL;407
MOV;2020;5;UNIDADE INTERNAÇÃO - ALTO RISCO OBSTETRICO;362
MOV;2020;5;UNIDADE INTERNAÇÃO - GINECOLOGIA CIRÚRGICA UCC;197
MOV;2020;5;UTI;219
MOV;2020;5;UTI - NEONATAL E PEDIATRICO;379
MOV;2020;6;ALOJAMENTO CONJUNTO;552
MOV;2020;6;PRÉ-PARTO;250
MOV;2020;6;UNIDADE DE EMERGENCIA - ADMISSAO;12
MOV;2020;6;UNIDADE INTEMEDIARIA NEONATAL;314
MOV;2020;6;UNIDADE INTERNAÇÃO - ALTO RISCO OBSTETRICO;361
MOV;2020;6;UNIDADE INTERNAÇÃO - GINECOLOGIA CIRÚRGICA UCC;194
MOV;2020;6;UTI;234
MOV;2020;6;UTI - NEONATAL E PEDIATRICO;344
MOV;2020;7;ALOJAMENTO CONJUNTO;596
MOV;2020;7;PRÉ-PARTO;284
MOV;2020;7;UNIDADE DE EMERGENCIA - ADMISSAO;11
MOV;2020;7;UNIDADE INTEMEDIARIA NEONATAL;368
MOV;2020;7;UNIDADE INTERNAÇÃO - ALTO RISCO OBSTETRICO;388
MOV;2020;7;UNIDADE INTERNAÇÃO - GINECOLOGIA CIRÚRGICA UCC;209
MOV;2020;7;UTI;223
MOV;2020;7;UTI - NEONATAL E PEDIATRICO;380
MOV;2020;8;ALOJAMENTO CONJUNTO;544
MOV;2020;8;PRÉ-PARTO;214
MOV;2020;8;UNIDADE DE EMERGENCIA - ADMISSAO;9
MOV;2020;8;UNIDADE INTEMEDIARIA NEONATAL;392
MOV;2020;8;UNIDADE INTERNAÇÃO - ALTO RISCO OBSTETRICO;293
MOV;2020;8;UNIDADE INTERNAÇÃO - GINECOLOGIA CIRÚRGICA UCC;186
MOV;2020;8;UTI;188
MOV;2020;8;UTI - NEONATAL E PEDIATRICO;387
MOV;2020;9;ALOJAMENTO CONJUNTO;472
MOV;2020;9;PRÉ-PARTO;225
MOV;2020;9;UNIDADE DE EMERGENCIA - ADMISSAO;1
MOV;2020;9;UNIDADE INTEMEDIARIA NEONATAL;310
MOV;2020;9;UNIDADE INTERNAÇÃO - ALTO RISCO OBSTETRICO;304
MOV;2020;9;UNIDADE INTERNAÇÃO - GINECOLOGIA CIRÚRGICA UCC;180
MOV;2020;9;UTI;73
MOV;2020;9;UTI - NEONATAL E PEDIATRICO;302
MOV;2020;10;ALOJAMENTO CONJUNTO;548
MOV;2020;10;PRÉ-PARTO;227
MOV;2020;10;UNIDADE DE EMERGENCIA - ADMISSAO;4
MOV;2020;10;UNIDADE INTEMEDIARIA NEONATAL;421
MOV;2020;10;UNIDADE INTERNAÇÃO - ALTO RISCO OBSTETRICO;380
MOV;2020;10;UNIDADE INTERNAÇÃO - GINECOLOGIA CIRÚRGICA UCC;204
MOV;2020;10;UTI;105
MOV;2020;10;UTI - NEONATAL E PEDIATRICO;377
MOV;2020;11;ALOJAMENTO CONJUNTO;554
MOV;2020;11;PRÉ-PARTO;246
MOV;2020;11;UNIDADE DE EMERGENCIA - ADMISSAO;5
MOV;2020;11;UNIDADE INTEMEDIARIA NEONATAL;367
MOV;2020;11;UNIDADE INTERNAÇÃO - ALTO RISCO OBSTETRICO;409
MOV;2020;11;UNIDADE INTERNAÇÃO - GINECOLOGIA CIRÚRGICA UCC;224
MOV;2020;11;UTI;109
MOV;2020;11;UTI - NEONATAL E PEDIATRICO;374
MOV;2020;12;ALOJAMENTO CONJUNTO;509
MOV;2020;12;PRÉ-PARTO;248
MOV;2020;12;UNIDADE DE EMERGENCIA - ADMISSAO;4
MOV;2020;12;UNIDADE INTEMEDIARIA NEONATAL;390
MOV;2020;12;UNIDADE INTERNAÇÃO - ALTO RISCO OBSTETRICO;338
MOV;2020;12;UNIDADE INTERNAÇÃO - GINECOLOGIA CIRÚRGICA UCC;167
MOV;2020;12;UTI;152
MOV;2020;12;UTI - NEONATAL E PEDIATRICO;342
MOV;2021;1;ALOJAMENTO CONJUNTO;552
MOV;2021;1;PRÉ-PARTO;219
MOV;2021;1;UNIDADE DE EMERGENCIA - ADMISSAO;19
MOV;2021;1;UNIDADE INTEMEDIARIA NEONATAL;362
MOV;2021;1;UNIDADE INTERNAÇÃO - ALTO RISCO OBSTETRICO;369
MOV;2021;1;UNIDADE INTERNAÇÃO - GINECOLOGIA CIRÚRGICA UCC;245
MOV;2021;1;UTI;191
MOV;2021;1;UTI - NEONATAL E PEDIATRICO;348
MOV;2021;2;ALOJAMENTO CONJUNTO;551
MOV;2021;2;PRÉ-PARTO;210
MOV;2021;2;UNIDADE DE EMERGENCIA - ADMISSAO;28
MOV;2021;2;UNIDADE INTEMEDIARIA NEONATAL;310
MOV;2021;2;UNIDADE INTERNAÇÃO - ALTO RISCO OBSTETRICO;328
MOV;2021;2;UNIDADE INTERNAÇÃO - GINECOLOGIA CIRÚRGICA UCC;202
MOV;2021;2;UTI;92
MOV;2021;2;UTI - NEONATAL E PEDIATRICO;304
MOV;2021;3;ALOJAMENTO CONJUNTO;592
MOV;2021;3;PRÉ-PARTO;260
MOV;2021;3;UNIDADE DE EMERGENCIA - ADMISSAO;62
MOV;2021;3;UNIDADE INTEMEDIARIA NEONATAL;379
MOV;2021;3;UNIDADE INTERNAÇÃO - ALTO RISCO OBSTETRICO;398
MOV;2021;3;UNIDADE INTERNAÇÃO - GINECOLOGIA CIRÚRGICA UCC;247
MOV;2021;3;UTI;189
MOV;2021;3;UTI - NEONATAL E PEDIATRICO;387
MOV;2021;4;ALOJAMENTO CONJUNTO;589
MOV;2021;4;PRÉ-PARTO;246
MOV;2021;4;UNIDADE DE EMERGENCIA - ADMISSAO;14
MOV;2021;4;UNIDADE INTEMEDIARIA NEONATAL;402
MOV;2021;4;UNIDADE INTERNAÇÃO - ALTO RISCO OBSTETRICO;402
MOV;2021;4;UNIDADE INTERNAÇÃO - GINECOLOGIA CIRÚRGICA UCC;243
MOV;2021;4;UTI;242
MOV;2021;4;UTI - NEONATAL E PEDIATRICO;389
MOV;2021;5;ALOJAMENTO CONJUNTO;664
MOV;2021;5;PRÉ-PARTO;288
MOV;2021;5;UNIDADE DE EMERGENCIA - ADMISSAO;26
MOV;2021;5;UNIDADE INTEMEDIARIA NEONATAL;345
MOV;2021;5;UNIDADE INTERNAÇÃO - ALTO RISCO OBSTETRICO;421
MOV;2021;5;UNIDADE INTERNAÇÃO - GINECOLOGIA CIRÚRGICA UCC;253
MOV;2021;5;UTI;213
MOV;2021;5;UTI - NEONATAL E PEDIATRICO;339
MOV;2021;6;ALOJAMENTO CONJUNTO;573
MOV;2021;6;PRÉ-PARTO;243
MOV;2021;6;UNIDADE DE EMERGENCIA - ADMISSAO;3
MOV;2021;6;UNIDADE INTEMEDIARIA NEONATAL;360
MOV;2021;6;UNIDADE INTERNAÇÃO - ALTO RISCO OBSTETRICO;355
MOV;2021;6;UNIDADE INTERNAÇÃO - GINECOLOGIA CIRÚRGICA UCC;233
MOV;2021;6;UNIDADE URGENCIA/EMERGENCIA;3
MOV;2021;6;UTI;189
MOV;2021;6;UTI - NEONATAL;309
MOV;2021;6;UTI - NEONATAL E PEDIATRICO;11
MOV;2021;7;ALOJAMENTO CONJUNTO;616
MOV;2021;7;PRÉ-PARTO;261
MOV;2021;7;UNIDADE INTEMEDIARIA NEONATAL;320
MOV;2021;7;UNIDADE INTERNAÇÃO - ALTO RISCO OBSTETRICO;341
MOV;2021;7;UNIDADE INTERNAÇÃO - GINECOLOGIA CIRÚRGICA UCC;204
MOV;2021;7;UNIDADE URGENCIA/EMERGENCIA;4
MOV;2021;7;UTI;137
MOV;2021;7;UTI - NEONATAL;333
MOV;2021;8;ALOJAMENTO CONJUNTO;687
MOV;2021;8;PRÉ-PARTO;283
MOV;2021;8;UNIDADE INTEMEDIARIA NEONATAL;373
MOV;2021;8;UNIDADE INTERNAÇÃO - ALTO RISCO OBSTETRICO;398
MOV;2021;8;UNIDADE INTERNAÇÃO - GINECOLOGIA CIRÚRGICA UCC;271
MOV;2021;8;UNIDADE URGENCIA/EMERGENCIA;5
MOV;2021;8;UTI;176
MOV;2021;8;UTI - NEONATAL;404
MOV;2021;9;ALOJAMENTO CONJUNTO;711
MOV;2021;9;PRÉ-PARTO;244
MOV;2021;9;UNIDADE INTEMEDIARIA NEONATAL;420
MOV;2021;9;UNIDADE INTERNAÇÃO - ALTO RISCO OBSTETRICO;364
MOV;2021;9;UNIDADE INTERNAÇÃO - CLINICA CIRURGICA;4
MOV;2021;9;UNIDADE INTERNAÇÃO - GINECOLOGIA CIRÚRGICA UCC;192
MOV;2021;9;UNIDADE URGENCIA/EMERGENCIA;3
MOV;2021;9;UTI;84
MOV;2021;9;UTI - NEONATAL;387
MOV;2021;10;ALOJAMENTO CONJUNTO;553
MOV;2021;10;PRÉ-PARTO;229
MOV;2021;10;UNIDADE INTEMEDIARIA NEONATAL;358
MOV;2021;10;UNIDADE INTERNAÇÃO - ALTO RISCO OBSTETRICO;374
MOV;2021;10;UNIDADE INTERNAÇÃO - CLINICA CIRURGICA;197
MOV;2021;10;UTI;111
MOV;2021;10;UTI - NEONATAL;313
MOV;2021;11;ALOJAMENTO CONJUNTO;604
MOV;2021;11;PRÉ-PARTO;226
MOV;2021;11;UNIDADE INTEMEDIARIA NEONATAL;338
MOV;2021;11;UNIDADE INTERNAÇÃO - ALTO RISCO OBSTETRICO;398
MOV;2021;11;UNIDADE INTERNAÇÃO - CLINICA CIRURGICA;234
MOV;2021;11;UNIDADE URGENCIA/EMERGENCIA;3
MOV;2021;11;UTI;143
MOV;2021;11;UTI - NEONATAL;347
MOV;2021;12;ALOJAMENTO CONJUNTO;538
MOV;2021;12;PRÉ-PARTO;206
MOV;2021;12;UNIDADE INTEMEDIARIA NEONATAL;384
MOV;2021;12;UNIDADE INTERNAÇÃO - ALTO RISCO OBSTETRICO;381
MOV;2021;12;UNIDADE INTERNAÇÃO - CLINICA CIRURGICA;193
MOV;2021;12;UNIDADE URGENCIA/EMERGENCIA;4
MOV;2021;12;UTI;158
MOV;2021;12;UTI - NEONATAL;370
MOV;2022;1;ALOJAMENTO CONJUNTO;561
MOV;2022;1;PRÉ-PARTO;244
MOV;2022;1;UNIDADE INTEMEDIARIA NEONATAL;358
MOV;2022;1;UNIDADE INTERNAÇÃO - ALTO RISCO OBSTETRICO;393
MOV;2022;1;UNIDADE INTERNAÇÃO - CLINICA CIRURGICA;237
MOV;2022;1;UNIDADE URGENCIA/EMERGENCIA;4
MOV;2022;1;UTI;114
MOV;2022;1;UTI - NEONATAL;376
MOV;2022;2;ALOJAMENTO CONJUNTO;491
MOV;2022;2;PRÉ-PARTO;243
MOV;2022;2;UNIDADE INTEMEDIARIA NEONATAL;363
MOV;2022;2;UNIDADE INTERNAÇÃO - ALTO RISCO OBSTETRICO;388
MOV;2022;2;UNIDADE INTERNAÇÃO - CLINICA CIRURGICA;197
MOV;2022;2;UNIDADE URGENCIA/EMERGENCIA;5
MOV;2022;2;UTI;151
MOV;2022;2;UTI - NEONATAL;367
MOV;2022;3;ALOJAMENTO CONJUNTO;581
MOV;2022;3;PRÉ-PARTO;260
MOV;2022;3;UNIDADE INTEMEDIARIA NEONATAL;385
MOV;2022;3;UNIDADE INTERNAÇÃO - ALTO RISCO OBSTETRICO;444
MOV;2022;3;UNIDADE INTERNAÇÃO - CLINICA CIRURGICA;239
MOV;2022;3;UNIDADE URGENCIA/EMERGENCIA;13
MOV;2022;3;UTI;163
MOV;2022;3;UTI - NEONATAL;374
MOV;2022;4;ALOJAMENTO CONJUNTO;531
MOV;2022;4;PRÉ-PARTO;231
MOV;2022;4;UNIDADE INTEMEDIARIA NEONATAL;335
MOV;2022;4;UNIDADE INTERNAÇÃO - ALTO RISCO OBSTETRICO;380
MOV;2022;4;UNIDADE INTERNAÇÃO - CLINICA CIRURGICA;206
MOV;2022;4;UNIDADE URGENCIA/EMERGENCIA;14
MOV;2022;4;UTI;141
MOV;2022;4;UTI - NEONATAL;354
MOV;2022;5;ALOJAMENTO CONJUNTO;648
MOV;2022;5;PRÉ-PARTO;257
MOV;2022;5;UNIDADE INTEMEDIARIA NEONATAL;333
MOV;2022;5;UNIDADE INTERNAÇÃO - ALTO RISCO OBSTETRICO;379
MOV;2022;5;UNIDADE INTERNAÇÃO - CLINICA CIRURGICA;281
MOV;2022;5;UNIDADE URGENCIA/EMERGENCIA;40
MOV;2022;5;UTI;156
MOV;2022;5;UTI - NEONATAL;338
MOV;2022;6;ALOJAMENTO CONJUNTO;543
MOV;2022;6;PRÉ-PARTO;222
MOV;2022;6;UNIDADE INTEMEDIARIA NEONATAL;395
MOV;2022;6;UNIDADE INTERNAÇÃO - ALTO RISCO OBSTETRICO;395
MOV;2022;6;UNIDADE INTERNAÇÃO - CLINICA CIRURGICA;243
MOV;2022;6;UNIDADE URGENCIA/EMERGENCIA;57
MOV;2022;6;UTI;146
MOV;2022;6;UTI - NEONATAL;347
MOV;2022;7;ALOJAMENTO CONJUNTO;522
MOV;2022;7;PRÉ-PARTO;229
MOV;2022;7;UNIDADE INTEMEDIARIA NEONATAL;387
MOV;2022;7;UNIDADE INTERNAÇÃO - ALTO RISCO OBSTETRICO;369
MOV;2022;7;UNIDADE INTERNAÇÃO - CLINICA CIRURGICA;254
MOV;2022;7;UNIDADE URGENCIA/EMERGENCIA;36
MOV;2022;7;UTI;190
MOV;2022;7;UTI - NEONATAL;351
MOV;2022;8;ALOJAMENTO CONJUNTO;558
MOV;2022;8;PRÉ-PARTO;202
MOV;2022;8;UNIDADE INTEMEDIARIA NEONATAL;362
MOV;2022;8;UNIDADE INTERNAÇÃO - ALTO RISCO OBSTETRICO;369
MOV;2022;8;UNIDADE INTERNAÇÃO - CLINICA CIRURGICA;235
MOV;2022;8;UTI;170
MOV;2022;8;UTI - NEONATAL;415
MOV;2022;9;ALOJAMENTO CONJUNTO;540
MOV;2022;9;PRÉ-PARTO;199
MOV;2022;9;UNIDADE INTEMEDIARIA NEONATAL;436
MOV;2022;9;UNIDADE INTERNAÇÃO - ALTO RISCO OBSTETRICO;316
MOV;2022;9;UNIDADE INTERNAÇÃO - CLINICA CIRURGICA;225
MOV;2022;9;UNIDADE URGENCIA/EMERGENCIA;15
MOV;2022;9;UTI;77
MOV;2022;9;UTI - ADULTO;100
MOV;2022;9;UTI - NEONATAL;337
MOV;2022;10;ALOJAMENTO CONJUNTO;491
MOV;2022;10;PRÉ-PARTO;206
MOV;2022;10;UNIDADE INTEMEDIARIA NEONATAL;317
MOV;2022;10;UNIDADE INTERNAÇÃO - ALTO RISCO OBSTETRICO;394
MOV;2022;10;UNIDADE INTERNAÇÃO - CLINICA CIRURGICA;257
MOV;2022;10;UNIDADE URGENCIA/EMERGENCIA;10
MOV;2022;10;UTI - ADULTO;146
MOV;2022;10;UTI - NEONATAL;287
MOV;2022;11;ALOJAMENTO CONJUNTO;551
MOV;2022;11;PRÉ-PARTO;253
MOV;2022;11;UNIDADE INTEMEDIARIA NEONATAL;367
MOV;2022;11;UNIDADE INTERNAÇÃO - ALTO RISCO OBSTETRICO;450
MOV;2022;11;UNIDADE INTERNAÇÃO - CLINICA CIRURGICA;231
MOV;2022;11;UNIDADE URGENCIA/EMERGENCIA;11
MOV;2022;11;UTI - ADULTO;145
MOV;2022;11;UTI - NEONATAL;288
MOV;2022;12;ALOJAMENTO CONJUNTO;555
MOV;2022;12;PRÉ-PARTO;210
MOV;2022;12;UNIDADE INTEMEDIARIA NEONATAL;341
MOV;2022;12;UNIDADE INTERNAÇÃO - ALTO RISCO OBSTETRICO;452
MOV;2022;12;UNIDADE INTERNAÇÃO - CLINICA CIRURGICA;250
MOV;2022;12;UNIDADE URGENCIA/EMERGENCIA;3
MOV;2022;12;UTI - ADULTO;163
MOV;2022;12;UTI - NEONATAL;316
MOV;2023;1;ALOJAMENTO CONJUNTO;517
MOV;2023;1;PRÉ-PARTO;196
MOV;2023;1;UNIDADE INTEMEDIARIA NEONATAL;310
MOV;2023;1;UNIDADE INTERNAÇÃO - ALTO RISCO OBSTETRICO;508
MOV;2023;1;UNIDADE INTERNAÇÃO - CLINICA CIRURGICA;244
MOV;2023;1;UNIDADE URGENCIA/EMERGENCIA;11
MOV;2023;1;UTI - ADULTO;117
MOV;2023;1;UTI - NEONATAL;375
MOV;2023;2;ALOJAMENTO CONJUNTO;538
MOV;2023;2;PRÉ-PARTO;217
MOV;2023;2;UNIDADE INTEMEDIARIA NEONATAL;380
MOV;2023;2;UNIDADE INTERNAÇÃO - ALTO RISCO OBSTETRICO;396
MOV;2023;2;UNIDADE INTERNAÇÃO - CLINICA CIRURGICA;224
MOV;2023;2;UNIDADE URGENCIA/EMERGENCIA;10
MOV;2023;2;UTI - ADULTO;119
MOV;2023;2;UTI - NEONATAL;351
MOV;2023;3;ALOJAMENTO CONJUNTO;614
MOV;2023;3;PRÉ-PARTO;283
MOV;2023;3;UNIDADE INTEMEDIARIA NEONATAL;452
MOV;2023;3;UNIDADE INTERNAÇÃO - ALTO RISCO OBSTETRICO;540
MOV;2023;3;UNIDADE INTERNAÇÃO - CLINICA CIRURGICA;294
MOV;2023;3;UNIDADE URGENCIA/EMERGENCIA;36
MOV;2023;3;UTI - ADULTO;155
MOV;2023;3;UTI - NEONATAL;478
MOV;2023;4;ALOJAMENTO CONJUNTO;878
MOV;2023;4;CLINICA CIRÚRGICA;334
MOV;2023;4;PRÉ-PARTO;32
MOV;2023;4;UNIDADE DE CUIDADO INTERMEDIÁRIO NEONATAL CANGURU;194
MOV;2023;4;UNIDADE DE CUIDADO INTERMEDIÁRIO NEONATAL CONVENCIONAL;513
MOV;2023;4;UNIDADE INTEMEDIARIA NEONATAL;61
MOV;2023;4;UNIDADE INTERNAÇÃO - ALTO RISCO OBSTETRICO;66
MOV;2023;4;UNIDADE INTERNAÇÃO - CLINICA CIRURGICA;32
MOV;2023;4;UNIDADE INTERNACAO ALTO-RISCO OBSTETRICO;436
MOV;2023;4;UNIDADE URGENCIA/EMERGENCIA;10
MOV;2023;4;UNIDADE URGÊNCIA/EMERGÊNCIA - INTERNAÇÃO;37
MOV;2023;4;UTI - ADULTO;135
MOV;2023;4;UTI - NEONATAL;76
MOV;2023;5;ALOJAMENTO CONJUNTO;812
MOV;2023;5;CLINICA CIRÚRGICA;427
MOV;2023;5;PRÉ-PARTO;13
MOV;2023;5;UNIDADE DE CUIDADO INTERMEDIÁRIO NEONATAL CANGURU;273
MOV;2023;5;UNIDADE DE CUIDADO INTERMEDIÁRIO NEONATAL CONVENCIONAL;501
MOV;2023;5;UNIDADE INTERNACAO ALTO-RISCO OBSTETRICO;517
MOV;2023;5;UNIDADE URGÊNCIA/EMERGÊNCIA - INTERNAÇÃO;95
MOV;2023;5;UTI - ADULTO;99
MOV;2023;5;UTI - NEONATAL;23
MOV;2023;6;ALOJAMENTO CONJUNTO;822
MOV;2023;6;CLINICA CIRÚRGICA;546
MOV;2023;6;PRÉ-PARTO;10
MOV;2023;6;UNIDADE DE CUIDADO INTERMEDIÁRIO NEONATAL CANGURU;291
MOV;2023;6;UNIDADE DE CUIDADO INTERMEDIÁRIO NEONATAL CONVENCIONAL;502
MOV;2023;6;UNIDADE INTERNACAO ALTO-RISCO OBSTETRICO;558
MOV;2023;6;UNIDADE URGÊNCIA/EMERGÊNCIA - INTERNAÇÃO;174
MOV;2023;6;UTI - ADULTO;95
MOV;2023;6;UTI - NEONATAL;32
MOV;2023;7;ALOJAMENTO CONJUNTO;790
MOV;2023;7;CLINICA CIRÚRGICA;382
MOV;2023;7;PRÉ-PARTO;12
MOV;2023;7;UNIDADE DE CUIDADO INTERMEDIÁRIO NEONATAL CANGURU;242
MOV;2023;7;UNIDADE DE CUIDADO INTERMEDIÁRIO NEONATAL CONVENCIONAL;494
MOV;2023;7;UNIDADE INTERNACAO ALTO-RISCO OBSTETRICO;492
MOV;2023;7;UNIDADE URGÊNCIA/EMERGÊNCIA - INTERNAÇÃO;137
MOV;2023;7;UTI - ADULTO;116
MOV;2023;7;UTI - NEONATAL;91
MOV;2023;8;ALOJAMENTO CONJUNTO;824
MOV;2023;8;CLINICA CIRÚRGICA;493
MOV;2023;8;PRÉ-PARTO;10
MOV;2023;8;UNIDADE DE CUIDADO INTERMEDIÁRIO NEONATAL CANGURU;155
MOV;2023;8;UNIDADE DE CUIDADO INTERMEDIÁRIO NEONATAL CONVENCIONAL;551
MOV;2023;8;UNIDADE INTERNACAO ALTO-RISCO OBSTETRICO;538
MOV;2023;8;UNIDADE URGÊNCIA/EMERGÊNCIA - INTERNAÇÃO;152
MOV;2023;8;UTI - ADULTO;141
MOV;2023;8;UTI - NEONATAL;90
MOV;2023;9;ALOJAMENTO CONJUNTO;771
MOV;2023;9;CLINICA CIRÚRGICA;481
MOV;2023;9;PRÉ-PARTO;16
MOV;2023;9;UNIDADE DE CUIDADO INTERMEDIÁRIO NEONATAL CANGURU;224
MOV;2023;9;UNIDADE DE CUIDADO INTERMEDIÁRIO NEONATAL CONVENCIONAL;453
MOV;2023;9;UNIDADE INTERNACAO ALTO-RISCO OBSTETRICO;491
MOV;2023;9;UNIDADE URGÊNCIA/EMERGÊNCIA - INTERNAÇÃO;147
MOV;2023;9;UTI - ADULTO;144
MOV;2023;9;UTI - NEONATAL;96
MOV;2023;10;ALOJAMENTO CONJUNTO;741
MOV;2023;10;CLINICA CIRÚRGICA;430
MOV;2023;10;PRÉ-PARTO;23
MOV;2023;10;UNIDADE DE CUIDADO INTERMEDIÁRIO NEONATAL CANGURU;361
MOV;2023;10;UNIDADE DE CUIDADO INTERMEDIÁRIO NEONATAL CONVENCIONAL;376
MOV;2023;10;UNIDADE INTERNACAO ALTO-RISCO OBSTETRICO;525
MOV;2023;10;UNIDADE URGÊNCIA/EMERGÊNCIA - INTERNAÇÃO;75
MOV;2023;10;UTI - ADULTO;187
MOV;2023;10;UTI - NEONATAL;59
MOV;2023;11;ALOJAMENTO CONJUNTO;538
MOV;2023;11;CLINICA CIRÚRGICA;546
MOV;2023;11;PRÉ-PARTO;39
MOV;2023;11;UNIDADE DE CUIDADO INTERMEDIÁRIO NEONATAL CANGURU;250
MOV;2023;11;UNIDADE DE CUIDADO INTERMEDIÁRIO NEONATAL CONVENCIONAL;372
MOV;2023;11;UNIDADE INTERNACAO ALTO-RISCO OBSTETRICO;630
MOV;2023;11;UNIDADE URGÊNCIA/EMERGÊNCIA - INTERNAÇÃO;71
MOV;2023;11;UTI - ADULTO;179
MOV;2023;11;UTI - NEONATAL;142
MOV;2023;12;ALOJAMENTO CONJUNTO;445
MOV;2023;12;CLINICA CIRÚRGICA;542
MOV;2023;12;PRÉ-PARTO;123
MOV;2023;12;UNIDADE DE CUIDADO INTERMEDIÁRIO NEONATAL CANGURU;89
MOV;2023;12;UNIDADE DE CUIDADO INTERMEDIÁRIO NEONATAL CONVENCIONAL;316
MOV;2023;12;UNIDADE INTERNACAO ALTO-RISCO OBSTETRICO;563
MOV;2023;12;UNIDADE URGÊNCIA/EMERGÊNCIA - INTERNAÇÃO;106
MOV;2023;12;UTI - ADULTO;165
MOV;2023;12;UTI - NEONATAL;363
MOV;2024;1;ALOJAMENTO CONJUNTO;533
MOV;2024;1;CLINICA CIRÚRGICA;491
MOV;2024;1;PRÉ-PARTO;108
MOV;2024;1;UNIDADE DE CUIDADO INTERMEDIÁRIO NEONATAL CANGURU;96
MOV;2024;1;UNIDADE DE CUIDADO INTERMEDIÁRIO NEONATAL CONVENCIONAL;365
MOV;2024;1;UNIDADE INTERNACAO ALTO-RISCO OBSTETRICO;445
MOV;2024;1;UNIDADE URGÊNCIA/EMERGÊNCIA - INTERNAÇÃO;115
MOV;2024;1;UTI - ADULTO;225
MOV;2024;1;UTI - NEONATAL;349
MOV;2024;2;ALOJAMENTO CONJUNTO;527
MOV;2024;2;CLINICA CIRÚRGICA;451
MOV;2024;2;PRÉ-PARTO;112
MOV;2024;2;UNIDADE DE CUIDADO INTERMEDIÁRIO NEONATAL CANGURU;77
MOV;2024;2;UNIDADE DE CUIDADO INTERMEDIÁRIO NEONATAL CONVENCIONAL;379
MOV;2024;2;UNIDADE INTERNACAO ALTO-RISCO OBSTETRICO;487
MOV;2024;2;UNIDADE URGÊNCIA/EMERGÊNCIA - INTERNAÇÃO;101
MOV;2024;2;UTI - ADULTO;214
MOV;2024;2;UTI - NEONATAL;370
MOV;2024;3;ALOJAMENTO CONJUNTO;592
MOV;2024;3;CLINICA CIRÚRGICA;521
MOV;2024;3;PRÉ-PARTO;121
MOV;2024;3;UNIDADE DE CUIDADO INTERMEDIÁRIO NEONATAL CANGURU;32
MOV;2024;3;UNIDADE DE CUIDADO INTERMEDIÁRIO NEONATAL CONVENCIONAL;413
MOV;2024;3;UNIDADE INTERNACAO ALTO-RISCO OBSTETRICO;589
MOV;2024;3;UNIDADE URGÊNCIA/EMERGÊNCIA - INTERNAÇÃO;98
MOV;2024;3;UTI - ADULTO;233
MOV;2024;3;UTI - NEONATAL;379
MOV;2024;4;ALOJAMENTO CONJUNTO;625
MOV;2024;4;CLINICA CIRÚRGICA;703
MOV;2024;4;PRÉ-PARTO;121
MOV;2024;4;UNIDADE DE CUIDADO INTERMEDIÁRIO NEONATAL CANGURU;1
MOV;2024;4;UNIDADE DE CUIDADO INTERMEDIÁRIO NEONATAL CONVENCIONAL;424
MOV;2024;4;UNIDADE INTERNACAO ALTO-RISCO OBSTETRICO;252
MOV;2024;4;UNIDADE URGÊNCIA/EMERGÊNCIA - INTERNAÇÃO;73
MOV;2024;4;UTI - ADULTO;218
MOV;2024;4;UTI - NEONATAL;269
MOV;2024;5;ALOJAMENTO CONJUNTO;626
MOV;2024;5;CLINICA CIRÚRGICA;525
MOV;2024;5;PRÉ-PARTO;135
MOV;2024;5;UNIDADE DE CUIDADO INTERMEDIÁRIO NEONATAL CANGURU;80
MOV;2024;5;UNIDADE DE CUIDADO INTERMEDIÁRIO NEONATAL CONVENCIONAL;286
MOV;2024;5;UNIDADE INTERNACAO ALTO-RISCO OBSTETRICO;456
MOV;2024;5;UNIDADE URGÊNCIA/EMERGÊNCIA - INTERNAÇÃO;83
MOV;2024;5;UTI - ADULTO;244
MOV;2024;5;UTI - NEONATAL;254
MOV;2024;6;ALOJAMENTO CONJUNTO;571
MOV;2024;6;CLINICA CIRÚRGICA;333
MOV;2024;6;PRÉ-PARTO;122
MOV;2024;6;UNIDADE DE CUIDADO INTERMEDIÁRIO NEONATAL CANGURU;79
MOV;2024;6;UNIDADE DE CUIDADO INTERMEDIÁRIO NEONATAL CONVENCIONAL;273
MOV;2024;6;UNIDADE INTERNACAO ALTO-RISCO OBSTETRICO;432
MOV;2024;6;UNIDADE URGÊNCIA/EMERGÊNCIA - INTERNAÇÃO;157
MOV;2024;6;UTI - ADULTO;198
MOV;2024;6;UTI - NEONATAL;353
MOV;2024;7;ALOJAMENTO CONJUNTO;551
MOV;2024;7;CLINICA CIRÚRGICA;337
MOV;2024;7;PRÉ-PARTO;129
MOV;2024;7;UNIDADE DE CUIDADO INTERMEDIÁRIO NEONATAL CANGURU;88
MOV;2024;7;UNIDADE DE CUIDADO INTERMEDIÁRIO NEONATAL CONVENCIONAL;330
MOV;2024;7;UNIDADE INTERNACAO ALTO-RISCO OBSTETRICO;383
MOV;2024;7;UNIDADE URGÊNCIA/EMERGÊNCIA - INTERNAÇÃO;136
MOV;2024;7;UTI - ADULTO;193
MOV;2024;7;UTI - NEONATAL;386
MOV;2024;8;ALOJAMENTO CONJUNTO;587
MOV;2024;8;CLINICA CIRÚRGICA;385
MOV;2024;8;PRÉ-PARTO;135
MOV;2024;8;UNIDADE DE CUIDADO INTERMEDIÁRIO NEONATAL CANGURU;117
MOV;2024;8;UNIDADE DE CUIDADO INTERMEDIÁRIO NEONATAL CONVENCIONAL;297
MOV;2024;8;UNIDADE INTERNACAO ALTO-RISCO OBSTETRICO;426
MOV;2024;8;UNIDADE URGÊNCIA/EMERGÊNCIA - INTERNAÇÃO;111
MOV;2024;8;UTI - ADULTO;226
MOV;2024;8;UTI - NEONATAL;377
MOV;2024;9;ALOJAMENTO CONJUNTO;628
MOV;2024;9;CLINICA CIRÚRGICA;402
MOV;2024;9;PRÉ-PARTO;186
MOV;2024;9;UNIDADE DE CUIDADO INTERMEDIÁRIO NEONATAL CANGURU;97
MOV;2024;9;UNIDADE DE CUIDADO INTERMEDIÁRIO NEONATAL CONVENCIONAL;369
MOV;2024;9;UNIDADE INTERNACAO ALTO-RISCO OBSTETRICO;449
MOV;2024;9;UNIDADE URGÊNCIA/EMERGÊNCIA - INTERNAÇÃO;155
MOV;2024;9;UTI - ADULTO;207
MOV;2024;9;UTI - NEONATAL;430
MOV;2024;10;ALOJAMENTO CONJUNTO;599
MOV;2024;10;CLINICA CIRÚRGICA;367
MOV;2024;10;PRÉ-PARTO;123
MOV;2024;10;UNIDADE DE CUIDADO INTERMEDIÁRIO NEONATAL CANGURU;70
MOV;2024;10;UNIDADE DE CUIDADO INTERMEDIÁRIO NEONATAL CONVENCIONAL;415
MOV;2024;10;UNIDADE INTERNACAO ALTO-RISCO OBSTETRICO;374
MOV;2024;10;UNIDADE URGÊNCIA/EMERGÊNCIA - INTERNAÇÃO;124
MOV;2024;10;UTI - ADULTO;215
MOV;2024;10;UTI - NEONATAL;452
MOV;2024;11;ALOJAMENTO CONJUNTO;652
MOV;2024;11;CLINICA CIRÚRGICA;360
MOV;2024;11;PRÉ-PARTO;102
MOV;2024;11;UNIDADE DE CUIDADO INTERMEDIÁRIO NEONATAL CANGURU;108
MOV;2024;11;UNIDADE DE CUIDADO INTERMEDIÁRIO NEONATAL CONVENCIONAL;472
MOV;2024;11;UNIDADE INTERNACAO ALTO-RISCO OBSTETRICO;362
MOV;2024;11;UNIDADE URGÊNCIA/EMERGÊNCIA - INTERNAÇÃO;124
MOV;2024;11;UTI - ADULTO;203
MOV;2024;11;UTI - NEONATAL;472
MOV;2024;12;ALOJAMENTO CONJUNTO;686
MOV;2024;12;CLINICA CIRÚRGICA;277
MOV;2024;12;PRÉ-PARTO;140
MOV;2024;12;UNIDADE DE CUIDADO INTERMEDIÁRIO NEONATAL CANGURU;123
MOV;2024;12;UNIDADE DE CUIDADO INTERMEDIÁRIO NEONATAL CONVENCIONAL;482
MOV;2024;12;UNIDADE INTERNACAO ALTO-RISCO OBSTETRICO;387
MOV;2024;12;UNIDADE URGÊNCIA/EMERGÊNCIA - INTERNAÇÃO;135
MOV;2024;12;UTI - ADULTO;210
MOV;2024;12;UTI - NEONATAL;503
MOV;2025;1;ALOJAMENTO CONJUNTO;731
MOV;2025;1;CLINICA CIRÚRGICA;269
MOV;2025;1;PRÉ-PARTO;175
MOV;2025;1;UNIDADE DE CUIDADO INTERMEDIÁRIO NEONATAL CANGURU;120
MOV;2025;1;UNIDADE DE CUIDADO INTERMEDIÁRIO NEONATAL CONVENCIONAL;492
MOV;2025;1;UNIDADE INTERNACAO ALTO-RISCO OBSTETRICO;423
MOV;2025;1;UNIDADE URGÊNCIA/EMERGÊNCIA - INTERNAÇÃO;233
MOV;2025;1;UTI - ADULTO;217
MOV;2025;1;UTI - NEONATAL;533
MOV;2025;2;ALOJAMENTO CONJUNTO;693
MOV;2025;2;CLINICA CIRÚRGICA;309
MOV;2025;2;PRÉ-PARTO;184
MOV;2025;2;UNIDADE DE CUIDADO INTERMEDIÁRIO NEONATAL CANGURU;93
MOV;2025;2;UNIDADE DE CUIDADO INTERMEDIÁRIO NEONATAL CONVENCIONAL;447
MOV;2025;2;UNIDADE INTERNACAO ALTO-RISCO OBSTETRICO;400
MOV;2025;2;UNIDADE URGÊNCIA/EMERGÊNCIA - INTERNAÇÃO;182
MOV;2025;2;UTI - ADULTO;166
MOV;2025;2;UTI - NEONATAL;492
MOV;2025;3;ALOJAMENTO CONJUNTO;790
MOV;2025;3;CLINICA CIRÚRGICA;361
MOV;2025;3;PRÉ-PARTO;225
MOV;2025;3;UNIDADE DE CUIDADO INTERMEDIÁRIO NEONATAL CANGURU;17
MOV;2025;3;UNIDADE DE CUIDADO INTERMEDIÁRIO NEONATAL CONVENCIONAL;536
MOV;2025;3;UNIDADE INTERNACAO ALTO-RISCO OBSTETRICO;465
MOV;2025;3;UNIDADE URGÊNCIA/EMERGÊNCIA - INTERNAÇÃO;214
MOV;2025;3;UTI - ADULTO;212
MOV;2025;3;UTI - NEONATAL;526
MOV;2025;4;ALOJAMENTO CONJUNTO;698
MOV;2025;4;CLINICA CIRÚRGICA;369
MOV;2025;4;PRÉ-PARTO;214
MOV;2025;4;UNIDADE DE CUIDADO INTERMEDIÁRIO NEONATAL CANGURU;19
MOV;2025;4;UNIDADE DE CUIDADO INTERMEDIÁRIO NEONATAL CONVENCIONAL;558
MOV;2025;4;UNIDADE INTERNACAO ALTO-RISCO OBSTETRICO;436
MOV;2025;4;UNIDADE URGÊNCIA/EMERGÊNCIA - INTERNAÇÃO;141
MOV;2025;4;UTI - ADULTO;228
MOV;2025;4;UTI - NEONATAL;513
MOV;2025;5;ALOJAMENTO CONJUNTO;685
MOV;2025;5;CLINICA CIRÚRGICA;526
MOV;2025;5;PRÉ-PARTO;189
MOV;2025;5;UNIDADE DE CUIDADO INTERMEDIÁRIO NEONATAL CANGURU;37
MOV;2025;5;UNIDADE DE CUIDADO INTERMEDIÁRIO NEONATAL CONVENCIONAL;541
MOV;2025;5;UNIDADE INTERNACAO ALTO-RISCO OBSTETRICO;434
MOV;2025;5;UNIDADE URGÊNCIA/EMERGÊNCIA - INTERNAÇÃO;137
MOV;2025;5;UTI - ADULTO;233
MOV;2025;5;UTI - NEONATAL;496
MOV;2025;6;ALOJAMENTO CONJUNTO;600
MOV;2025;6;CLINICA CIRÚRGICA;462
MOV;2025;6;PRÉ-PARTO;182
MOV;2025;6;UNIDADE DE CUIDADO INTERMEDIÁRIO NEONATAL CANGURU;117
MOV;2025;6;UNIDADE DE CUIDADO INTERMEDIÁRIO NEONATAL CONVENCIONAL;579
MOV;2025;6;UNIDADE INTERNACAO ALTO-RISCO OBSTETRICO;388
MOV;2025;6;UNIDADE URGÊNCIA/EMERGÊNCIA - INTERNAÇÃO;216
MOV;2025;6;UTI - ADULTO;228
MOV;2025;6;UTI - NEONATAL;532
MOV;2025;7;ALOJAMENTO CONJUNTO;579
MOV;2025;7;CLINICA CIRÚRGICA;442
MOV;2025;7;PRÉ-PARTO;123
MOV;2025;7;UNIDADE DE CUIDADO INTERMEDIÁRIO NEONATAL CANGURU;92
MOV;2025;7;UNIDADE DE CUIDADO INTERMEDIÁRIO NEONATAL CONVENCIONAL;419
MOV;2025;7;UNIDADE INTERNACAO ALTO-RISCO OBSTETRICO;429
MOV;2025;7;UNIDADE URGÊNCIA/EMERGÊNCIA - INTERNAÇÃO;148
MOV;2025;7;UTI - ADULTO;247
MOV;2025;7;UTI - NEONATAL;534
MOV;2025;8;ALOJAMENTO CONJUNTO;635
MOV;2025;8;CLINICA CIRÚRGICA;444
MOV;2025;8;PRÉ-PARTO;133
MOV;2025;8;UNIDADE DE CUIDADO INTERMEDIÁRIO NEONATAL CANGURU;97
MOV;2025;8;UNIDADE DE CUIDADO INTERMEDIÁRIO NEONATAL CONVENCIONAL;612
MOV;2025;8;UNIDADE INTERNACAO ALTO-RISCO OBSTETRICO;421
MOV;2025;8;UNIDADE URGÊNCIA/EMERGÊNCIA - INTERNAÇÃO;167
MOV;2025;8;UTI - ADULTO;234
MOV;2025;8;UTI - NEONATAL;535
MOV;2025;9;ALOJAMENTO CONJUNTO;569
MOV;2025;9;CLINICA CIRÚRGICA;449
MOV;2025;9;PRÉ-PARTO;132
MOV;2025;9;UNIDADE DE CUIDADO INTERMEDIÁRIO NEONATAL CANGURU;93
MOV;2025;9;UNIDADE DE CUIDADO INTERMEDIÁRIO NEONATAL CONVENCIONAL;477
MOV;2025;9;UNIDADE INTERNACAO ALTO-RISCO OBSTETRICO;404
MOV;2025;9;UNIDADE URGÊNCIA/EMERGÊNCIA - INTERNAÇÃO;195
MOV;2025;9;UTI - ADULTO;212
MOV;2025;9;UTI - NEONATAL;356
MOV;2025;10;ALOJAMENTO CONJUNTO;566
MOV;2025;10;CLINICA CIRÚRGICA;437
MOV;2025;10;PRÉ-PARTO;145
MOV;2025;10;SALA DE ESPERA - BLOCO CIRÚRGICO;3
MOV;2025;10;SALA DE ESPERA - BLOCO OBSTÉTRICO;1
MOV;2025;10;UNIDADE DE CUIDADO INTERMEDIÁRIO NEONATAL CANGURU;108
MOV;2025;10;UNIDADE DE CUIDADO INTERMEDIÁRIO NEONATAL CONVENCIONAL;530
MOV;2025;10;UNIDADE INTERNACAO ALTO-RISCO OBSTETRICO;424
MOV;2025;10;UNIDADE URGÊNCIA/EMERGÊNCIA - INTERNAÇÃO;157
MOV;2025;10;UTI - ADULTO;190
MOV;2025;10;UTI - NEONATAL;402
MOV;2025;11;ALOJAMENTO CONJUNTO;529
MOV;2025;11;CLINICA CIRÚRGICA;393
MOV;2025;11;PRÉ-PARTO;120
MOV;2025;11;SALA DE ESPERA - BLOCO CIRÚRGICO;10
MOV;2025;11;SALA DE ESPERA - BLOCO OBSTÉTRICO;15
MOV;2025;11;UNIDADE DE CUIDADO INTERMEDIÁRIO NEONATAL CANGURU;128
MOV;2025;11;UNIDADE DE CUIDADO INTERMEDIÁRIO NEONATAL CONVENCIONAL;528
MOV;2025;11;UNIDADE INTERNACAO ALTO-RISCO OBSTETRICO;399
MOV;2025;11;UNIDADE URGÊNCIA/EMERGÊNCIA - INTERNAÇÃO;192
MOV;2025;11;UTI - ADULTO;195
MOV;2025;11;UTI - NEONATAL;494
MOV;2025;12;ALOJAMENTO CONJUNTO;642
MOV;2025;12;CLINICA CIRÚRGICA;375
MOV;2025;12;PRÉ-PARTO;119
MOV;2025;12;SALA DE ESPERA - BLOCO CIRÚRGICO;6
MOV;2025;12;SALA DE ESPERA - BLOCO OBSTÉTRICO;17
MOV;2025;12;UNIDADE DE CUIDADO INTERMEDIÁRIO NEONATAL CANGURU;147
MOV;2025;12;UNIDADE DE CUIDADO INTERMEDIÁRIO NEONATAL CONVENCIONAL;509
MOV;2025;12;UNIDADE INTERNACAO ALTO-RISCO OBSTETRICO;410
MOV;2025;12;UNIDADE URGÊNCIA/EMERGÊNCIA - INTERNAÇÃO;153
MOV;2025;12;UTI - ADULTO;199
MOV;2025;12;UTI - NEONATAL;540
MOV;2026;1;ALOJAMENTO CONJUNTO;636
MOV;2026;1;CLINICA CIRÚRGICA;390
MOV;2026;1;PRÉ-PARTO;127
MOV;2026;1;SALA DE ESPERA - BLOCO CIRÚRGICO;13
MOV;2026;1;SALA DE ESPERA - BLOCO OBSTÉTRICO;7
MOV;2026;1;UNIDADE DE CUIDADO INTERMEDIÁRIO NEONATAL CANGURU;81
MOV;2026;1;UNIDADE DE CUIDADO INTERMEDIÁRIO NEONATAL CONVENCIONAL;518
MOV;2026;1;UNIDADE INTERNACAO ALTO-RISCO OBSTETRICO;415
MOV;2026;1;UNIDADE URGÊNCIA/EMERGÊNCIA - INTERNAÇÃO;157
MOV;2026;1;UTI - ADULTO;234
MOV;2026;1;UTI - NEONATAL;555
MOV;2026;2;ALOJAMENTO CONJUNTO;575
MOV;2026;2;CLINICA CIRÚRGICA;443
MOV;2026;2;PRÉ-PARTO;120
MOV;2026;2;SALA DE ESPERA - BLOCO CIRÚRGICO;31
MOV;2026;2;SALA DE ESPERA - BLOCO OBSTÉTRICO;2
MOV;2026;2;UNIDADE DE CUIDADO INTERMEDIÁRIO NEONATAL CANGURU;78
MOV;2026;2;UNIDADE DE CUIDADO INTERMEDIÁRIO NEONATAL CONVENCIONAL;499
MOV;2026;2;UNIDADE INTERNACAO ALTO-RISCO OBSTETRICO;376
MOV;2026;2;UNIDADE URGÊNCIA/EMERGÊNCIA - INTERNAÇÃO;196
MOV;2026;2;UTI - ADULTO;185
MOV;2026;2;UTI - NEONATAL;510
MOV;2026;3;ALOJAMENTO CONJUNTO;666
MOV;2026;3;CLINICA CIRÚRGICA;512
MOV;2026;3;PRÉ-PARTO;162
MOV;2026;3;SALA DE ESPERA - BLOCO CIRÚRGICO;42
MOV;2026;3;SALA DE ESPERA - BLOCO OBSTÉTRICO;15
MOV;2026;3;UNIDADE DE CUIDADO INTERMEDIÁRIO NEONATAL CANGURU;105
MOV;2026;3;UNIDADE DE CUIDADO INTERMEDIÁRIO NEONATAL CONVENCIONAL;522
MOV;2026;3;UNIDADE INTERNACAO ALTO-RISCO OBSTETRICO;411
MOV;2026;3;UNIDADE URGÊNCIA/EMERGÊNCIA - INTERNAÇÃO;234
MOV;2026;3;UTI - ADULTO;250
MOV;2026;3;UTI - NEONATAL;497
MOV;2026;4;ALOJAMENTO CONJUNTO;596
MOV;2026;4;CLINICA CIRÚRGICA;492
MOV;2026;4;PRÉ-PARTO;143
MOV;2026;4;SALA DE ESPERA - BLOCO CIRÚRGICO;25
MOV;2026;4;SALA DE ESPERA - BLOCO OBSTÉTRICO;14
MOV;2026;4;UNIDADE DE CUIDADO INTERMEDIÁRIO NEONATAL CANGURU;74
MOV;2026;4;UNIDADE DE CUIDADO INTERMEDIÁRIO NEONATAL CONVENCIONAL;461
MOV;2026;4;UNIDADE INTERNACAO ALTO-RISCO OBSTETRICO;402
MOV;2026;4;UNIDADE URGÊNCIA/EMERGÊNCIA - INTERNAÇÃO;207
MOV;2026;4;UTI - ADULTO;227
MOV;2026;4;UTI - NEONATAL;535
MOV;2026;5;ALOJAMENTO CONJUNTO;688
MOV;2026;5;CLINICA CIRÚRGICA;527
MOV;2026;5;PRÉ-PARTO;137
MOV;2026;5;SALA DE ESPERA - BLOCO CIRÚRGICO;20
MOV;2026;5;SALA DE ESPERA - BLOCO OBSTÉTRICO;27
MOV;2026;5;UNIDADE DE CUIDADO INTERMEDIÁRIO NEONATAL CANGURU;71
MOV;2026;5;UNIDADE DE CUIDADO INTERMEDIÁRIO NEONATAL CONVENCIONAL;472
MOV;2026;5;UNIDADE INTERNACAO ALTO-RISCO OBSTETRICO;410
MOV;2026;5;UNIDADE URGÊNCIA/EMERGÊNCIA - INTERNAÇÃO;240
MOV;2026;5;UTI - ADULTO;209
MOV;2026;5;UTI - NEONATAL;499
